Year,Value
1960,..
1961,..
1962,..
1963,..
1964,..
1965,..
1966,..
1967,..
1968,..
1969,..
1970,..
1971,..
1972,..
1973,..
1974,..
1975,..
1976,..
1977,..
1978,..
1979,..
1980,..
1981,..
1982,..
1983,..
1984,..
1985,..
1986,..
1987,..
1988,..
1989,..
1990,..
1991,..
1992,10.2903431048328
1993,..
1994,..
1995,..
1996,..
1997,..
1998,..
1999,..
2000,..
2001,..
2002,..
2003,..
2004,..
2005,..
2006,14.7386145108649
2007,15.8249042515158
2008,17.2310520464202
2009,20.0099312787611
2010,16.9663039032824
2011,17.237280764416
2012,17.2914396173711
2013,16.9570530685012
2014,16.3420428723297
2015,17.3715125363661
2016,15.1474141296235
2017,16.3644638312209
2018,15.1891293660547
2019,15.4922506662021
2020,15.6712831212568
2021,15.3990321076905
2022,15.6477086659646
2023,15.7008730469547
2024,15.7051687761884
