Year,Value
1960,..
1961,..
1962,..
1963,..
1964,..
1965,..
1966,..
1967,..
1968,..
1969,..
1970,..
1971,..
1972,..
1973,..
1974,..
1975,..
1976,..
1977,..
1978,..
1979,..
1980,..
1981,..
1982,..
1983,..
1984,..
1985,..
1986,..
1987,..
1988,..
1989,..
1990,1741.3754996558
1991,1775.36978662494
1992,1806.61196280117
1993,1778.75272321888
1994,1768.24137658681
1995,1793.03206534796
1996,1859.94523944697
1997,1923.91818011166
1998,1963.02920121231
1999,1969.70299567223
2000,2032.27796051238
2001,2126.37954883883
2002,2297.5467265618
2003,2404.85278750203
2004,2592.61332118023
2005,2752.36673218308
2006,2904.17650537648
2007,3056.17855006491
2008,3218.91343076233
2009,3335.30104664953
2010,3510.77449944674
2011,3659.21369910009
2012,3777.57684189878
2013,3933.08408283969
2014,4134.6302374492
2015,4090.72812124437
2016,4032.30627092374
2017,4100.15494056468
2018,4238.95464859762
2019,4494.59160075906
2020,4484.0646419224
2021,4746.75278504545
2022,5169.14554667835
2023,5408.01324637995
2024,5639.83073162824
