Year,Value
1960,..
1961,..
1962,..
1963,..
1964,..
1965,..
1966,..
1967,..
1968,..
1969,..
1970,..
1971,..
1972,..
1973,..
1974,..
1975,..
1976,..
1977,..
1978,..
1979,..
1980,..
1981,..
1982,..
1983,..
1984,..
1985,..
1986,..
1987,..
1988,..
1989,..
1990,..
1991,..
1992,..
1993,..
1994,..
1995,..
1996,..
1997,..
1998,..
1999,..
2000,424.991915393281
2001,423.609965184962
2002,426.825456976642
2003,431.637833768323
2004,439.127143560003
2005,444.273292351684
2006,447.307649762294
2007,449.251747172904
2008,451.427891583514
2009,456.585883553853
2010,455.943849255618
2011,464.614216387817
2012,469.23294501736
2013,470.220007752002
2014,475.76672515623
2015,479.953122768425
2016,488.592949449732
2017,495.0746414285
2018,497.310334027269
2019,502.136197106037
2020,502.527866638018
2021,501.64667717
2022,501.64667717
2023,..
2024,..
