Year,Value
1960,..
1961,..
1962,..
1963,..
1964,..
1965,..
1966,..
1967,..
1968,..
1969,..
1970,..
1971,..
1972,..
1973,..
1974,..
1975,..
1976,..
1977,..
1978,..
1979,..
1980,..
1981,..
1982,..
1983,..
1984,..
1985,..
1986,..
1987,..
1988,..
1989,2.65153439544887
1990,3.25043457690607
1991,3.66209263392074
1992,7.01732180779487
1993,4.77364303675741
1994,13.334817791727
1995,9.79939807148252
1996,17.0893189552412
1997,15.019179687417
1998,27.6669233191254
1999,30.1754468926608
2000,23.1031674972779
2001,30.3598619790016
2002,10.622721400632
2003,9.25473686989745
2004,8.94998838550147
2005,7.93709253361576
2006,9.58600471394539
2007,7.79529150712723
2008,2.18485958094528
2009,6.35063095513423
2010,3.91164310714197
2011,3.84116224759458
2012,5.14745176370441
2013,4.74296746052518
2014,6.4664741302275
2015,9.98495846396978
2016,21.8057666755101
2017,13.1767309676506
2018,16.2842041602941
2019,16.6413690095107
2020,17.6949170372997
2021,16.3043685484341
2022,15.8530458773899
2023,16.334208861507
2024,..
