Year,Value
1960,..
1961,..
1962,..
1963,..
1964,..
1965,..
1966,..
1967,..
1968,..
1969,..
1970,..
1971,..
1972,..
1973,..
1974,..
1975,..
1976,..
1977,..
1978,..
1979,..
1980,..
1981,..
1982,..
1983,..
1984,..
1985,..
1986,..
1987,..
1988,..
1989,..
1990,..
1991,..
1992,..
1993,..
1994,..
1995,4975.94103048043
1996,5368.31072868648
1997,4725.02803208617
1998,5214.12255992763
1999,6072.00426765097
2000,6641.60735931401
2001,7346.14497372097
2002,7613.11185297525
2003,8085.21340697249
2004,8640.65362865885
2005,9004.40774319951
2006,9689.52922314564
2007,10474.1199996987
2008,11167.4664876304
2009,11364.9218705272
2010,11674.6771121941
2011,11936.492427222
2012,11989.8973387998
2013,12490.5720896521
2014,12790.4018564911
2015,13236.5860542796
2016,13879.5547031578
2017,14250.9951407628
2018,14791.1397252935
2019,14985.1980484815
2020,14401.4688811626
2021,15903.618305645
2022,17153.1642746681
2023,18403.5796649226
2024,..
