Year,Value
1960,..
1961,..
1962,..
1963,..
1964,..
1965,..
1966,..
1967,..
1968,..
1969,..
1970,..
1971,..
1972,..
1973,..
1974,..
1975,..
1976,..
1977,..
1978,..
1979,..
1980,..
1981,..
1982,..
1983,..
1984,..
1985,..
1986,..
1987,..
1988,..
1989,..
1990,3.26425549522942
1991,3.47125854040089
1992,4.53966513551969
1993,5.19624519214266
1994,5.40328433253556
1995,6.6569717045826
1996,6.8179199675756
1997,7.17508055563663
1998,7.22923175870629
1999,6.15154715609927
2000,6.84055523557383
2001,7.44030397140278
2002,7.32145885608243
2003,7.96146880047461
2004,7.80821916287462
2005,8.34075060617224
2006,9.54152623690019
2007,11.1388370857229
2008,11.8902209249331
2009,12.2959336234559
2010,13.3450289589665
2011,13.3961910801486
2012,15.1674439078878
2013,13.1741112271374
2014,13.9569148275324
2015,15.4106036598234
2016,15.5308803474882
2017,15.7753455572837
2018,16.6401421662366
2019,18.1013892914156
2020,19.0455422818805
2021,19.9094460776452
2022,24.905527025133
2023,..
2024,..
