Year,Value
1960,..
1961,..
1962,..
1963,..
1964,..
1965,..
1966,..
1967,..
1968,..
1969,..
1970,2.26881182161005
1971,2.21134600907831
1972,2.46009363718311
1973,2.15604471009495
1974,2.26779523123035
1975,2.25550153004515
1976,2.35775419906074
1977,2.46699284596343
1978,2.65794738347467
1979,3.03178355219128
1980,3.0215228535062
1981,2.59444413467662
1982,2.61216731949899
1983,2.73991195375462
1984,2.90287695102893
1985,2.72328773776782
1986,2.69678608234206
1987,2.68928737630144
1988,2.60939632171735
1989,2.449206816849
1990,2.02188196590824
1991,1.34061265033871
1992,0.727739950151507
1993,0.688720897769551
1994,0.730810191997845
1995,0.649353908545874
1996,0.648635920143509
1997,0.502019991226959
1998,0.612012670487417
1999,0.992866007157796
2000,1.04644601682018
2001,1.1238907081397
2002,1.3131389277649
2003,1.38543816060976
2004,1.45823883467754
2005,1.37755866121952
2006,1.38166585186465
2007,1.4290827291561
2008,1.423194135406
2009,1.46014423817574
2010,1.56432102617866
2011,1.71699317945955
2012,1.56285286069064
2013,1.64737424579253
2014,1.76379943401137
2015,1.68830316766428
2016,1.57515330650766
2017,1.85891071277559
2018,1.85097837827277
2019,1.73551805047385
2020,1.60713272623032
2021,1.79228258263962
2022,1.65929303100527
2023,1.67219476382134
2024,..
