Year,Value
1960,..
1961,..
1962,..
1963,..
1964,..
1965,..
1966,..
1967,..
1968,..
1969,..
1970,..
1971,..
1972,..
1973,..
1974,..
1975,..
1976,..
1977,..
1978,..
1979,..
1980,..
1981,..
1982,..
1983,..
1984,..
1985,..
1986,..
1987,..
1988,..
1989,..
1990,69.9279348663219
1991,70.992569354903
1992,71.2669146158107
1993,70.8819610977884
1994,70.5710023786166
1995,70.1471809604204
1996,69.8843501909183
1997,70.1952053864741
1998,69.9329226557153
1999,69.6166417372999
2000,69.4643404587386
2001,69.3053039558495
2002,69.2335900256692
2003,69.8738375027035
2004,70.5907521614683
2005,71.3862612952945
2006,72.2659396492967
2007,73.2341534744739
2008,74.2960218090403
2009,71.2933802882452
2010,73.2540861812779
2011,77.7196173239291
2012,74.8203528728251
2013,71.2648729592916
2014,69.4362392784368
2015,73.3243070793843
2016,76.6623127160968
2017,74.509745172357
2018,76.119049381802
2019,77.8336568437151
2020,77.5605271222801
2021,78.4218003748262
2022,78.2252489446512
2023,78.2640032948929
2024,78.5070860596813
