Year,Value
1960,..
1961,..
1962,..
1963,..
1964,..
1965,..
1966,..
1967,..
1968,..
1969,..
1970,..
1971,..
1972,..
1973,..
1974,..
1975,..
1976,..
1977,..
1978,..
1979,..
1980,..
1981,..
1982,..
1983,..
1984,..
1985,..
1986,..
1987,..
1988,..
1989,..
1990,..
1991,0.33103248273165
1992,0.32748319607642
1993,0.661960482418398
1994,0.964853909972673
1995,0.353286124104834
1996,0.643554345466143
1997,1.02999438046267
1998,0.800380486620656
1999,0.762778615953291
2000,0.813760169260484
2001,0.946003314672311
2002,1.31495100458878
2003,0.962315445800785
2004,1.00346196806579
2005,1.24605968545942
2006,1.92488447363696
2007,1.53864865891381
2008,1.89822451632007
2009,2.01088920125448
2010,3.1797389729266
2011,3.71785044548753
2012,4.46380614459093
2013,4.22875828622703
2014,5.46125051482075
2015,10.1679584260365
2016,4.86829360760852
2017,3.86086267568527
2018,7.06208683878825
2019,3.99081721690599
2020,7.6296306208798
2021,4.98272520440518
2022,3.77640369581367
2023,3.65111302679524
2024,..
