Year,Value
1960,..
1961,..
1962,..
1963,..
1964,..
1965,..
1966,..
1967,..
1968,..
1969,..
1970,..
1971,..
1972,..
1973,..
1974,..
1975,..
1976,..
1977,..
1978,..
1979,..
1980,..
1981,..
1982,..
1983,..
1984,..
1985,..
1986,..
1987,..
1988,..
1989,..
1990,..
1991,..
1992,..
1993,..
1994,..
1995,..
1996,..
1997,..
1998,..
1999,..
2000,2059752300.84301
2001,2194018669.41067
2002,2284632154.61629
2003,2501186458.47
2004,2708807672.27489
2005,2850195761.24671
2006,2980963148.69952
2007,3019148170.89816
2008,2876590004.64035
2009,2724569963.40638
2010,2652092676.13365
2011,2628218599.20214
2012,2461955117.15984
2013,2394113136.05854
2014,2446091569.34014
2015,2487516805.56153
2016,2568274639.78129
2017,2578906592.04344
2018,2633292684.35582
2019,2701382181.80609
2020,2486324226.78927
2021,2670408885.95669
2022,2848080621.53741
2023,2966967224.24015
2024,3052101597.53924
