Year,Value
1960,..
1961,..
1962,..
1963,..
1964,..
1965,..
1966,..
1967,..
1968,..
1969,..
1970,..
1971,..
1972,..
1973,..
1974,..
1975,..
1976,..
1977,..
1978,..
1979,..
1980,..
1981,..
1982,..
1983,..
1984,..
1985,..
1986,..
1987,..
1988,..
1989,..
1990,..
1991,..
1992,..
1993,..
1994,..
1995,..
1996,..
1997,..
1998,..
1999,..
2000,-5.33513
2001,-5.54271
2002,-5.54261
2003,-5.46487
2004,-5.4913
2005,-5.40542
2006,-5.41642
2007,-5.49845
2008,-5.35609
2009,-5.33382
2010,-5.33214
2011,-5.24196
2012,-5.1644
2013,-5.41707
2014,-5.4993
2015,-5.49766
2016,-5.53199
2017,-5.55058
2018,-5.54812
2019,-5.54812
2020,-5.54812
2021,-5.54812
2022,-5.54812
2023,..
2024,..
