Year,Value
1960,..
1961,..
1962,..
1963,..
1964,..
1965,..
1966,..
1967,..
1968,..
1969,..
1970,..
1971,..
1972,..
1973,..
1974,..
1975,..
1976,..
1977,..
1978,..
1979,..
1980,..
1981,..
1982,..
1983,..
1984,..
1985,..
1986,..
1987,..
1988,..
1989,..
1990,22.5913136295297
1991,-2.51524110869201
1992,..
1993,..
1994,..
1995,..
1996,..
1997,..
1998,..
1999,..
2000,..
2001,..
2002,..
2003,..
2004,..
2005,41.5996819787771
2006,42.9854622935212
2007,42.4319000701973
2008,45.0115272556071
2009,31.8894829754538
2010,37.2162273668023
2011,41.0381349138089
2012,39.7873591597965
2013,37.4179501676266
2014,33.3466788225879
2015,24.2854072168984
2016,23.6541525794993
2017,27.1763459993961
2018,30.2990312091125
2019,28.8390327233051
2020,21.7120674564225
2021,29.6903430896242
2022,35.9429628506721
2023,28.7651442600424
2024,..
