Year,Value
1960,..
1961,..
1962,..
1963,..
1964,..
1965,..
1966,..
1967,6.78639793004045
1968,10.7806535089439
1969,7.45478044798035
1970,22.9414106670579
1971,7.48961429433039
1972,13.9516927474173
1973,13.3217286223176
1974,10.5214156474042
1975,-0.0412932824661851
1976,14.3195185698003
1977,6.61444140336154
1978,2.93536856306116
1979,10.6526529033262
1980,6.29706761366
1981,0.852189821181852
1982,-5.98876253396841
1983,-3.76475336728859
1984,1.24072878674282
1985,-0.846219394749596
1986,-0.800575368961049
1987,0.253742915171358
1988,3.27248286696458
1989,3.81828033011391
1990,7.85551974933369
1991,-0.693003784161789
1992,6.56006912085346
1993,3.25705234196263
1994,3.35883365067444
1995,2.79989606305635
1996,4.82013081606461
1997,5.4492611781268
1998,4.7615295032623
1999,2.77575990889089
2000,6.34647129326092
2001,2.09530426425263
2002,1.22092803616891
2003,4.30055440299037
2004,9.07508308916314
2005,5.5711199283827
2006,6.28242617046742
2007,4.59976196177381
2008,5.56856566948278
2009,0.642664296186695
2010,4.8377172153874
2011,3.78621306183464
2012,5.09831162460574
2013,2.65952310972672
2014,2.58973285820696
2015,3.29422348876902
2016,3.54928351884918
2017,1.60482589556119
2018,2.64284520902167
2019,1.72691613697276
2020,-4.75714499576827
2021,4.40457595978891
2022,6.9954138183775
2023,1.5043551993806
2024,1.54891912399361
