Year,Value
1960,..
1961,..
1962,..
1963,..
1964,..
1965,..
1966,..
1967,..
1968,..
1969,..
1970,..
1971,..
1972,..
1973,..
1974,..
1975,..
1976,..
1977,..
1978,..
1979,..
1980,..
1981,..
1982,..
1983,..
1984,..
1985,..
1986,..
1987,..
1988,..
1989,..
1990,..
1991,..
1992,..
1993,..
1994,..
1995,..
1996,..
1997,..
1998,..
1999,..
2000,..
2001,30.9564763897821
2002,28.4808180510786
2003,31.6758958047746
2004,30.4915083857539
2005,35.7846182754777
2006,37.0554183957054
2007,33.1692249553155
2008,34.3203157720812
2009,37.478249976568
2010,49.5396193695758
2011,53.0109887042954
2012,59.2192368990804
2013,56.552692102571
2014,53.518345854914
2015,46.506342083017
2016,45.9850315651455
2017,46.0692684172529
2018,49.6218055375633
2019,47.7203590800774
2020,38.5086284861235
2021,44.524255309335
2022,45.187003343483
2023,41.9678631114188
2024,..
