Year,Value
1960,..
1961,..
1962,..
1963,..
1964,..
1965,..
1966,..
1967,..
1968,..
1969,..
1970,..
1971,..
1972,..
1973,..
1974,..
1975,..
1976,..
1977,..
1978,..
1979,..
1980,..
1981,..
1982,..
1983,..
1984,..
1985,..
1986,..
1987,..
1988,..
1989,..
1990,99.3997492164032
1991,113.387612912381
1992,104.479213683826
1993,108.516479105434
1994,112.456449713822
1995,112.027100124708
1996,111.87107585262
1997,109.078834085276
1998,111.293889047994
1999,110.176125649647
2000,96.7824687185845
2001,132.923491968601
2002,128.031656391921
2003,115.916402270704
2004,104.449975689702
2005,105.96337583008
2006,100.380564384996
2007,105.577156848303
2008,121.016585850124
2009,136.763564664577
2010,130.006431262666
2011,121.11435856472
2012,124.556318159595
2013,126.895984807335
2014,138.792043972365
2015,144.463807767823
2016,146.733197476489
2017,123.724523506399
2018,123.190863120197
2019,127.983527194832
2020,123.955202348316
2021,128.695580251301
2022,121.040695840819
2023,..
2024,..
