Year,Value
1960,..
1961,..
1962,..
1963,..
1964,..
1965,..
1966,..
1967,..
1968,..
1969,..
1970,..
1971,..
1972,..
1973,..
1974,..
1975,..
1976,..
1977,..
1978,..
1979,..
1980,..
1981,..
1982,..
1983,..
1984,..
1985,..
1986,..
1987,..
1988,..
1989,..
1990,..
1991,..
1992,..
1993,..
1994,..
1995,..
1996,..
1997,..
1998,..
1999,..
2000,0.0595137824054399
2001,0.0609361083722907
2002,0.0623584343391415
2003,0.0637807603059923
2004,0.0652030862728432
2005,0.066625412239694
2006,0.0672971368465788
2007,0.0679688614534637
2008,0.0686405860603485
2009,0.0693123106672333
2010,0.0699840352741182
2011,0.0677195091372716
2012,0.0648952124946876
2013,0.0604170484487888
2014,0.0605569910752231
2015,0.0609259307267318
2016,0.0620836379090523
2017,0.05987
2018,0.05987
2019,0.05987
2020,0.05987
2021,0.05987
2022,0.05987
2023,..
2024,..
