Year,Value
1960,..
1961,..
1962,..
1963,..
1964,..
1965,..
1966,..
1967,..
1968,..
1969,..
1970,..
1971,..
1972,..
1973,..
1974,..
1975,..
1976,..
1977,..
1978,..
1979,..
1980,..
1981,..
1982,..
1983,..
1984,..
1985,..
1986,..
1987,..
1988,..
1989,..
1990,0.449483461852859
1991,0.454492323602372
1992,0.458021126178602
1993,0.446288283195759
1994,0.437207007988293
1995,0.435703095740908
1996,0.433323968671091
1997,0.429941737857301
1998,0.435937094270846
1999,0.42235319602782
2000,0.413136795092585
2001,0.412418357770919
2002,0.405672266165863
2003,0.392969756858128
2004,0.391204739669683
2005,0.381371337129892
2006,0.377006244205627
2007,0.373088186847313
2008,0.363425435849764
2009,0.361945906183974
2010,0.35841248986843
2011,0.347911785063761
2012,0.33521207227778
2013,0.320650014068848
2014,0.305300430943401
2015,0.301987731135003
2016,0.299721466561179
2017,0.29471346047497
2018,0.285330736319382
2019,0.278347548815478
2020,0.268198498114273
2021,0.257406049170447
2022,0.240640374397103
2023,0.231849955283847
2024,..
