Year,Value
1960,..
1961,..
1962,..
1963,..
1964,..
1965,..
1966,..
1967,..
1968,..
1969,..
1970,..
1971,..
1972,..
1973,..
1974,..
1975,..
1976,..
1977,..
1978,..
1979,..
1980,..
1981,..
1982,..
1983,..
1984,..
1985,..
1986,..
1987,..
1988,..
1989,..
1990,..
1991,..
1992,..
1993,..
1994,..
1995,..
1996,..
1997,..
1998,..
1999,..
2000,0.949709384635371
2001,0.951485353549296
2002,1.28328573622588
2003,1.28469786253903
2004,1.27494247427407
2005,1.26448774469831
2006,1.2538970196557
2007,1.2433065559472
2008,1.23271635357371
2009,1.12561705932624
2010,1.12050215490675
2011,1.11538735173736
2012,1.1107496886792
2013,1.10633777291285
2014,1.10192589607021
2015,1.10226614100435
2016,1.10260638581074
2017,1.10294663048972
2018,1.10328687504164
2019,1.10370165496597
2020,1.10411660416241
2021,1.24391273804041
2022,1.24391273804041
2023,..
2024,..
