Year,Value
1960,..
1961,..
1962,..
1963,..
1964,..
1965,..
1966,..
1967,..
1968,..
1969,..
1970,..
1971,..
1972,..
1973,..
1974,..
1975,..
1976,..
1977,..
1978,..
1979,..
1980,..
1981,..
1982,..
1983,..
1984,..
1985,..
1986,..
1987,..
1988,..
1989,..
1990,5.98155951345957
1991,6.00853747352882
1992,6.52970856175397
1993,6.64359423438126
1994,6.96739105185823
1995,6.99108599994485
1996,6.81906575576226
1997,7.12344032836579
1998,7.35490203023538
1999,7.65555914250212
2000,8.18122646943298
2001,7.86326947939756
2002,8.20638196719104
2003,8.07768984207467
2004,8.43451170845615
2005,8.51461007347152
2006,9.10970757322697
2007,9.77378738160133
2008,10.1906038661589
2009,10.6468139957165
2010,10.26806512406
2011,11.2465011594869
2012,11.8375306197271
2013,12.1075198061682
2014,12.8936138757483
2015,13.0582159038812
2016,13.7991954032371
2017,14.0287918962325
2018,15.2345893980432
2019,16.026353309136
2020,16.5024325259945
2021,16.8970692792338
2022,20.4124132942254
2023,21.198370244757
2024,..
