Year,Value
1960,..
1961,..
1962,..
1963,..
1964,..
1965,..
1966,..
1967,..
1968,..
1969,..
1970,..
1971,..
1972,..
1973,..
1974,..
1975,..
1976,..
1977,..
1978,..
1979,..
1980,..
1981,..
1982,..
1983,..
1984,..
1985,..
1986,..
1987,..
1988,..
1989,..
1990,19382.9664747914
1991,20522.1855149093
1992,21194.7573972524
1993,21632.3186748084
1994,22538.0742657382
1995,23588.4562990757
1996,24417.66429689
1997,25294.723885165
1998,26529.1815683188
1999,27500.084954534
2000,29214.7386484813
2001,29556.403560049
2002,30952.1708232398
2003,31962.9255331065
2004,33523.0204968283
2005,34776.6699535218
2006,37396.0350960866
2007,39193.8173640977
2008,41046.7900352112
2009,40665.5046605019
2010,41740.1149241758
2011,44171.5618687028
2012,46156.4832073037
2013,47519.8522796571
2014,48355.4977624407
2015,49562.5939257986
2016,52397.8635176674
2017,53869.8321183556
2018,56636.4953030542
2019,60354.9279422121
2020,58523.0337816246
2021,62968.9422311892
2022,70734.9425647902
2023,70478.7873635411
2024,71617.9017496321
