Year,Value
1960,..
1961,..
1962,..
1963,..
1964,..
1965,..
1966,..
1967,..
1968,..
1969,..
1970,..
1971,..
1972,..
1973,..
1974,..
1975,..
1976,..
1977,..
1978,..
1979,..
1980,..
1981,..
1982,..
1983,..
1984,..
1985,..
1986,..
1987,..
1988,..
1989,..
1990,5342.57082118899
1991,5412.09760741002
1992,4220.14637720917
1993,3272.23795360409
1994,2647.7653869537
1995,2356.89780387298
1996,2406.77231863848
1997,2565.40828437876
1998,2826.70693721337
1999,3051.94233665211
2000,3439.14443222004
2001,3834.89815686956
2002,4230.40590255405
2003,4718.4211499969
2004,5247.53835061462
2005,6854.93619475823
2006,9398.01323940435
2007,11973.9596381455
2008,13216.8434837487
2009,14245.5035454881
2010,14930.4100337944
2011,14804.5744507911
2012,15994.1466501837
2013,17267.5118919537
2014,17563.6122454385
2015,15075.272634791
2016,14535.8020210633
2017,14315.929643106
2018,15282.9995232298
2019,16675.3179361558
2020,15163.5703327282
2021,20111.3756952109
2022,22552.0886659805
2023,23651.5994551766
2024,25088.9501767555
