Year,Value
1960,..
1961,..
1962,..
1963,..
1964,..
1965,..
1966,..
1967,..
1968,..
1969,..
1970,..
1971,..
1972,..
1973,..
1974,..
1975,..
1976,..
1977,..
1978,..
1979,..
1980,..
1981,..
1982,..
1983,..
1984,..
1985,..
1986,..
1987,..
1988,..
1989,..
1990,11475838691
1991,11395507800
1992,8820123000
1993,6782674700
1994,5446487700
1995,4803802200
1996,4866251600
1997,5148494200
1998,5663343600
1999,6082431100
2000,6757580900
2001,7426581388.19903
2002,8127570192.53036
2003,8957256941.39443
2004,9786143703.03529
2005,12522500000
2006,16838531067.5813
2007,21126162588.7389
2008,23363726852.0367
2009,25552791889.9279
2010,26776472346.2193
2011,26355279073.2031
2012,26935869800.4424
2013,28509844662.0936
2014,29307431923.6267
2015,29615027010.9481
2016,28707741501.4334
2017,28751840797.1124
2018,29183233907.2245
2019,29906922349.0142
2020,28651142405.3918
2021,30260316704.864
2022,31686993919.043
2023,32116187064.2913
2024,33423766180.616
