Year,Value
1960,..
1961,..
1962,..
1963,..
1964,..
1965,..
1966,..
1967,..
1968,..
1969,..
1970,..
1971,..
1972,..
1973,..
1974,..
1975,..
1976,..
1977,..
1978,..
1979,..
1980,..
1981,..
1982,..
1983,..
1984,..
1985,..
1986,..
1987,..
1988,..
1989,..
1990,2866.41060612613
1991,2808.72744341073
1992,2141.34003757856
1993,1621.91809335648
1994,1284.95555025956
1995,1120.30867750928
1996,1123.44793802972
1997,1177.19685946713
1998,1282.68413702085
1999,1365.56585096546
2000,1504.73106650409
2001,1640.93664218988
2002,1782.47318953927
2003,1949.60609246235
2004,2111.45338332183
2005,2674.36885551094
2006,3556.83212041859
2007,4412.20325719633
2008,4778.12451579136
2009,5118.43395103717
2010,5300.11049447988
2011,5149.20665199301
2012,5193.175009361
2013,5425.99558858555
2014,5508.6026585312
2015,5500.50364628486
2016,5272.71816973266
2017,5229.25259747579
2018,5261.92938170171
2019,5346.95319282755
2020,5087.50022691293
2021,5349.5822595965
2022,5599.58525100539
2023,5668.61020477202
2024,5871.13221811331
