Year,Value
1960,..
1961,..
1962,..
1963,..
1964,..
1965,..
1966,..
1967,..
1968,..
1969,..
1970,..
1971,..
1972,..
1973,..
1974,..
1975,..
1976,..
1977,..
1978,..
1979,..
1980,..
1981,..
1982,..
1983,..
1984,..
1985,..
1986,..
1987,..
1988,..
1989,..
1990,..
1991,..
1992,14668035022.7951
1993,11759076092.253
1994,9725071339.1229
1995,8577706348.96482
1996,8693486492.50476
1997,9387669735.88227
1998,10390543332.1259
1999,11141043141.6393
2000,10935155156.8667
2001,11960677152.8064
2002,13062223051.404
2003,14384488030.8965
2004,15704244225.7792
2005,20340481541.2299
2006,27742953255.6786
2007,35034356881.8051
2008,38621232772.9808
2009,42449755032.0557
2010,44380037707.9982
2011,43363767457.9538
2012,44192161125.6307
2013,46696895539.0635
2014,47933084201.6344
2015,48333730250.1357
2016,46916270468.176
2017,46890538230.6191
2018,47588681058.1643
2019,48759929454.9762
2020,46636516724.5966
2021,49110802830.6769
2022,51292045620.4513
2023,51757606146.5053
2024,53801179564.1237
