Year,Value
1960,..
1961,..
1962,..
1963,..
1964,..
1965,..
1966,..
1967,..
1968,..
1969,..
1970,..
1971,..
1972,..
1973,..
1974,..
1975,..
1976,..
1977,..
1978,..
1979,..
1980,..
1981,..
1982,..
1983,..
1984,..
1985,..
1986,..
1987,..
1988,..
1989,..
1990,..
1991,..
1992,..
1993,..
1994,..
1995,47766.3476177812
1996,48117.0652016587
1997,49779.6636920881
1998,50762.1447510874
1999,52066.6548177797
2000,53411.5322002992
2001,53453.8344102722
2002,54201.5454847382
2003,54428.9113111559
2004,55531.5764806444
2005,56184.9260126071
2006,57047.7114735883
2007,58761.4643923618
2008,57943.8621220428
2009,57278.2998969579
2010,57317.6884738662
2011,56265.3525486307
2012,57196.0896154366
2013,57283.6102832945
2014,57908.822699101
2015,58578.6863179837
2016,59093.2005967787
2017,59539.6803947801
2018,60067.3623524606
2019,61461.8579271185
2020,58481.2647775764
2021,61448.5246577079
2022,61406.6684108061
2023,62352.5605666743
2024,..
