Year,Value
1960,..
1961,..
1962,..
1963,..
1964,..
1965,..
1966,..
1967,..
1968,..
1969,..
1970,..
1971,..
1972,..
1973,..
1974,..
1975,..
1976,..
1977,..
1978,..
1979,..
1980,..
1981,..
1982,..
1983,..
1984,..
1985,..
1986,..
1987,..
1988,..
1989,..
1990,..
1991,112858.970779121
1992,113036.980587994
1993,112918.656831507
1994,116699.839644259
1995,118177.870578188
1996,119631.283217475
1997,122794.183180268
1998,124712.325899939
1999,125029.397351926
2000,125536.580338186
2001,129436.791088909
2002,131146.184858386
2003,132476.501610945
2004,133985.544940771
2005,134461.658403811
2006,137011.133353527
2007,138230.588302023
2008,136854.591575714
2009,134976.882388768
2010,136380.987722541
2011,137775.943621245
2012,137741.41825466
2013,138100.790798817
2014,140195.740938546
2015,141912.558464579
2016,142399.068392291
2017,142316.594648262
2018,141641.947151766
2019,142738.479435885
2020,136728.479852615
2021,143705.694905106
2022,145858.184152955
2023,146265.207137042
2024,146382.27689616
