Year,Value
1960,..
1961,..
1962,..
1963,..
1964,..
1965,..
1966,..
1967,..
1968,..
1969,..
1970,..
1971,..
1972,..
1973,..
1974,..
1975,..
1976,..
1977,..
1978,..
1979,..
1980,..
1981,..
1982,..
1983,..
1984,..
1985,..
1986,..
1987,..
1988,..
1989,..
1990,0.278905416410494
1991,0.283161768810407
1992,0.273992214724057
1993,0.272112597626402
1994,0.278221052759268
1995,0.272420097494567
1996,0.279832603917476
1997,0.263276412661875
1998,0.264407094581333
1999,0.246606473117384
2000,0.24150463265286
2001,0.240721361632203
2002,0.222697530673093
2003,0.229483724144976
2004,0.219073678779924
2005,0.209124288234237
2006,0.1988647371358
2007,0.186582295212811
2008,0.187984503716999
2009,0.179947019977394
2010,0.187552102957318
2011,0.167348379275672
2012,0.164614754510301
2013,0.166240627524369
2014,0.152878283216992
2015,0.157833128102495
2016,0.15426820969926
2017,0.149683643806157
2018,0.147510523386577
2019,0.143682789813981
2020,0.139409636220273
2021,0.136929193395399
2022,0.122449895657653
2023,0.113670290136171
2024,..
