Year,Value
1960,..
1961,..
1962,..
1963,..
1964,..
1965,..
1966,..
1967,..
1968,..
1969,..
1970,..
1971,..
1972,..
1973,..
1974,..
1975,..
1976,..
1977,..
1978,..
1979,..
1980,..
1981,..
1982,..
1983,..
1984,..
1985,..
1986,..
1987,..
1988,..
1989,..
1990,..
1991,..
1992,..
1993,..
1994,..
1995,..
1996,..
1997,..
1998,..
1999,..
2000,0.312995863360126
2001,0.325169926474189
2002,0.340204249715043
2003,0.354903710309688
2004,0.500183928496044
2005,0.525128491801383
2006,0.534877995942448
2007,0.541927604020904
2008,0.55655069418842
2009,0.569817561813883
2010,0.590242289631961
2011,0.628017060245913
2012,0.614438768799074
2013,0.609254733102001
2014,0.606559845750904
2015,0.607672016854872
2016,0.595339808720723
2017,0.59967333478337
2018,0.604537688773122
2019,0.628429121856284
2020,0.633976254157587
2021,0.640561330970533
2022,0.640561330970533
2023,..
2024,..
