Year,Value
1960,..
1961,..
1962,..
1963,..
1964,..
1965,..
1966,..
1967,..
1968,..
1969,..
1970,..
1971,..
1972,..
1973,..
1974,..
1975,..
1976,..
1977,..
1978,..
1979,..
1980,..
1981,..
1982,..
1983,..
1984,..
1985,..
1986,..
1987,..
1988,..
1989,..
1990,18675.3121947985
1991,19587.8553500426
1992,20258.5474461442
1993,20459.1891478373
1994,21504.01177389
1995,22431.459360451
1996,22736.7580685985
1997,23727.8975208193
1998,24368.7574088239
1999,25440.8411888638
2000,27788.0908832256
2001,28796.5795804462
2002,30282.2886450283
2003,30934.5826454577
2004,32063.9826949865
2005,33177.8909458158
2006,35258.985063203
2007,36799.5318686343
2008,37883.3319417819
2009,37885.9059125602
2010,39844.4054386496
2011,41244.8495035213
2012,42483.5250666788
2013,43864.1204196838
2014,45147.6429534057
2015,46084.2424551717
2016,48414.5518065681
2017,50256.0631772784
2018,52466.7330784599
2019,56712.469571978
2020,56120.0958420466
2021,60669.2137746531
2022,68157.8347860761
2023,69059.1768269112
2024,72126.0028888089
