Year,Value
1960,..
1961,..
1962,..
1963,..
1964,..
1965,..
1966,..
1967,..
1968,..
1969,..
1970,..
1971,..
1972,..
1973,..
1974,..
1975,..
1976,..
1977,..
1978,..
1979,..
1980,..
1981,..
1982,..
1983,..
1984,..
1985,..
1986,..
1987,..
1988,..
1989,..
1990,..
1991,..
1992,..
1993,..
1994,..
1995,..
1996,..
1997,..
1998,..
1999,..
2000,-2.00017632513347
2001,-2.01304173354946
2002,-1.90040536549314
2003,-1.90965843268415
2004,-1.91894748944716
2005,-1.92836960138988
2006,-1.93783768120689
2007,-1.94735060980297
2008,-1.95690879360507
2009,-1.96655172257268
2010,-1.96661151947541
2011,-1.96662140923216
2012,-1.96614904443561
2013,-1.79823828952431
2014,-1.76751793085023
2015,-1.66998975618975
2016,-1.90621910358886
2017,-1.9329902017087
2018,-1.96589152112984
2019,-1.94708619221793
2020,-1.99226921937798
2021,-2.00054181494586
2022,-2.00054181494586
2023,..
2024,..
