Year,Value
1960,..
1961,..
1962,..
1963,..
1964,..
1965,..
1966,..
1967,..
1968,..
1969,..
1970,..
1971,..
1972,..
1973,..
1974,..
1975,..
1976,..
1977,..
1978,..
1979,..
1980,..
1981,..
1982,..
1983,..
1984,..
1985,..
1986,..
1987,..
1988,..
1989,..
1990,..
1991,-12.1380005036515
1992,-4.48249811130698
1993,-3.27373457567364
1994,-1.71241500881391
1995,-0.10073029463612
1996,170.536388818937
1997,243.439939561823
1998,230.999748174263
1999,262.70460841098
2000,289.045580458323
2001,367.489297406195
2002,439.410727776379
2003,504.180307227399
2004,544.094686476958
2005,605.338705615714
2006,871.568874338957
2007,1007.22739864014
2008,998.992697053639
2009,1079.04809871569
2010,1179.07328128935
2011,1148.75346260388
2012,1089.39813648955
2013,1151.34726769076
2014,1274.51523545706
2015,1362.78015613196
2016,1699.42080080584
2017,1723.59607151851
2018,1976.60538907076
2019,1921.63183077311
2020,2059.33014354067
2021,1526.24024175271
2022,1566.83455049106
2023,1521.22890959456
2024,..
