Year,Value
1960,..
1961,1.04143567396571
1962,3.7805611339427
1963,2.54904113694245
1964,-0.363671991954803
1965,2.05762046368159
1966,1.13666559901029
1967,0.141072430094951
1968,3.27352495312587
1969,3.4541955241058
1970,5.04704693755775
1971,1.57328377262995
1972,5.31722607727731
1973,4.82273994136393
1974,14.9207099075904
1975,14.2469357612696
1976,14.0354300183818
1977,5.17688681033776
1978,12.3344589560374
1979,13.0046858245988
1980,10.1878198573196
1981,7.4689482651344
1982,16.148284015281
1983,4.74620974295648
1984,1.95358095750957
1985,-4.8769817363666
1986,-3.6041725823892
1987,3.02845985259779
1988,-0.610506907481181
1989,2.2249344566343
1990,2.17659692554506
1991,0.756620150311463
1992,3.0251344649124
1993,2.37832182418319
1994,35.0301127836754
1995,15.0994519080227
1996,6.90729366487193
1997,3.66750917412438
1998,5.23160474756106
1999,48.3425433908146
2000,4.3410556635676
2001,1.97028558167254
2002,3.55421325456054
2003,3.06170412441227
2004,0.769711003809874
2005,4.29366413526147
2006,2.09431707279076
2007,0.390153238195737
2008,6.43415220578032
2009,2.53969206095486
2010,0.880885670477909
2011,3.73308304042652
2012,7.69890807691425
2013,1.39729839455183
2014,-0.247782653882282
2015,0.85150426118021
2016,0.683591111274652
2017,-0.367897725119164
2018,0.670447614217636
2019,-0.39755379308734
2020,2.87803228859791
2021,1.61872506665755
2022,4.13899447875367
2023,3.38561739537163
2024,1.57105014461685
