Year,Value
1960,..
1961,..
1962,..
1963,..
1964,..
1965,..
1966,..
1967,..
1968,..
1969,..
1970,..
1971,..
1972,..
1973,..
1974,..
1975,..
1976,..
1977,..
1978,..
1979,..
1980,..
1981,..
1982,..
1983,..
1984,..
1985,..
1986,..
1987,..
1988,..
1989,..
1990,89.4217445672378
1991,89.2817368805895
1992,88.3208223439508
1993,87.3194420915918
1994,86.2773722627737
1995,85.1952234608362
1996,84.0708668575844
1997,82.909857069643
1998,81.7068298307097
1999,80.4657816433967
2000,79.1876075731497
2001,77.8720025774382
2002,76.5204145221225
2003,75.1342779089688
2004,73.717338288236
2005,72.2690250637956
2006,70.7905105989921
2007,71.3385396885682
2008,71.9693772982097
2009,72.6901674306866
2010,73.5097850897434
2011,74.4365105582802
2012,75.4832858253433
2013,76.6567022036454
2014,77.9721508719751
2015,77.8337390525756
2016,77.7226717712231
2017,77.6375818715651
2018,77.5806173748258
2019,77.5686440954651
2020,77.2634468559664
2021,77.0836664712258
2022,76.7637167648316
2023,76.8389125621034
2024,76.6886649591505
