Year,Value
1960,7.58369617695596
1961,6.81176621780804
1962,11.9290662436654
1963,8.18283546252677
1964,7.88172288999781
1965,7.77239434824173
1966,6.64935697242339
1967,7.41912825505805
1968,10.8792788286193
1969,8.98902732457442
1970,7.15028576904958
1971,3.79173008158212
1972,-3.36013234554612
1973,3.39616905461008
1974,0.727387087060455
1975,0.942437470324694
1976,-2.97874935154212
1977,6.18252353099515
1978,1.6236099080954
1979,1.5152475451925
1980,2.05072776616318
1981,14.838914410058
1982,14.7809152347885
1983,12.0487773398567
1984,6.77707755046816
1985,14.5143887065615
1986,15.2112378505896
1987,14.0984468409097
1988,13.778707650751
1989,15.2832633216184
1990,15.9062894594418
1991,14.573179006306
1992,13.8644106917581
1993,12.299283606774
1994,13.1038511202448
1995,13.1267900245844
1996,16.4203873568314
1997,17.1400250093202
1998,18.6357108516771
1999,18.727721392615
2000,20.0187781607235
2001,20.6315023495128
2002,20.8389387311458
2003,20.1856223095876
2004,21.1879131945713
2005,21.0557137508456
2006,21.4366132360074
2007,20.7473837981359
2008,19.1894120463407
2009,20.3324135783051
2010,20.8100238508802
2011,20.622083666729
2012,21.2237626301603
2013,22.0360943763656
2014,22.0899423253133
2015,22.1584701382232
2016,27.2702594650377
2017,27.0657510332541
2018,26.451181304251
2019,26.8843815799705
2020,27.0776024521795
2021,25.3418177994534
2022,25.2243941687277
2023,25.7595140795099
2024,23.9571779107392
