Year,Value
1960,..
1961,..
1962,..
1963,..
1964,..
1965,..
1966,..
1967,..
1968,..
1969,..
1970,..
1971,80.9068056326673
1972,81.9751602419262
1973,86.1739869353496
1974,86.5216562779522
1975,86.4054855456954
1976,89.6020851109753
1977,89.4707804086381
1978,90.3117672852511
1979,91.6489951855745
1980,95.4636629669333
1981,94.949924479341
1982,97.5885698557877
1983,97.2901863955641
1984,96.2031106773579
1985,99.257479702146
1986,103.81070414846
1987,99.9330397534793
1988,107.511613377734
1989,110.572529790362
1990,114.23933585512
1991,110.466567421503
1992,114.342298793574
1993,117.010113116711
1994,121.494605858892
1995,128.845088533536
1996,127.58062045112
1997,130.68749269677
1998,132.229468311487
1999,134.80626588897
2000,135.945727032601
2001,148.255373268618
2002,147.979643675058
2003,153.143093984627
2004,154.242895346549
2005,159.825599702335
2006,168.32467252269
2007,174.011519357534
2008,180.396452212736
2009,187.659357547152
2010,195.590116597033
2011,200.299626883527
2012,208.040539602777
2013,218.935059190067
2014,224.107149946033
2015,237.713163558492
2016,255.923548835134
2017,260.880286120411
2018,257.873889464682
2019,273.340023331257
2020,272.076572071717
2021,292.487219529267
2022,297.118356342706
2023,..
2024,..
