Year,Value
1960,..
1961,..
1962,..
1963,..
1964,..
1965,..
1966,..
1967,..
1968,..
1969,..
1970,..
1971,..
1972,..
1973,..
1974,..
1975,..
1976,..
1977,..
1978,..
1979,..
1980,..
1981,..
1982,..
1983,..
1984,..
1985,..
1986,..
1987,..
1988,..
1989,..
1990,0.284370683536014
1991,0.28679316407319
1992,0.27836467051795
1993,0.2701675329071
1994,0.276749491503423
1995,0.404779147867485
1996,0.384708836154531
1997,0.380670094436958
1998,0.36917642039276
1999,0.403441528360774
2000,0.279519270109489
2001,0.398788718111792
2002,0.390841982762072
2003,0.361550210041129
2004,0.472436306033699
2005,0.466299171108814
2006,0.389741231309472
2007,0.395408488010365
2008,0.388764118866125
2009,0.382222664764534
2010,0.375792246294313
2011,0.372715674214821
2012,0.369050877308848
2013,0.365301885924926
2014,0.361003008995617
2015,0.35682634146154
2016,0.352791753151475
2017,0.334100479434188
2018,0.335337124653929
2019,0.327972651646463
2020,0.322392963618764
2021,..
2022,..
2023,..
2024,..
