Year,Value
1960,..
1961,..
1962,..
1963,..
1964,..
1965,..
1966,..
1967,..
1968,..
1969,..
1970,..
1971,..
1972,..
1973,..
1974,..
1975,..
1976,..
1977,..
1978,..
1979,..
1980,3428.40954376737
1981,3584.44140688049
1982,3657.28780040972
1983,3773.31601958921
1984,3892.35687131007
1985,3996.86483929046
1986,4166.14170840155
1987,4411.88626374858
1988,4889.25636553241
1989,4784.05469076387
1990,4427.01075492783
1991,4093.47671632427
1992,3836.76398921195
1993,3810.24375574593
1994,3892.7111037595
1995,4021.99531244432
1996,4253.23468174483
1997,3675.1808576225
1998,3839.97684089572
1999,3537.34545607716
2000,3717.92891507381
2001,3937.70165394319
2002,4260.40482745795
2003,4519.18444688932
2004,4849.87144447444
2005,5231.33817610444
2006,5629.80131778982
2007,6048.74234259616
2008,6464.72203037118
2009,6288.72548913763
2010,6428.71747401797
2011,6605.30857880385
2012,6693.42776100824
2013,6792.73551393835
2014,6941.01854679167
2015,7268.65445473873
2016,7586.50414873238
2017,7898.70694583532
2018,8211.93640364397
2019,8644.24951911477
2020,8450.60388758371
2021,9168.85176416607
2022,9601.43271269533
2023,9810.66890602451
2024,10089.9202053232
