Year,Value
1960,..
1961,..
1962,..
1963,..
1964,..
1965,..
1966,..
1967,..
1968,..
1969,..
1970,..
1971,2228.68705114981
1972,2262.78654882116
1973,2378.25373882072
1974,2463.24405199139
1975,2665.459429943
1976,2780.33176310504
1977,2954.26673888991
1978,3084.45204192587
1979,3200.49898367766
1980,3203.61009689631
1981,3185.50953721563
1982,3309.20642510527
1983,3370.13232378846
1984,3387.27422330384
1985,3419.76767712953
1986,3450.94171566942
1987,3411.07339478891
1988,3488.29275375034
1989,3426.94220506722
1990,3216.95690387597
1991,2593.62279780229
1992,2394.69457031165
1993,2588.55746644791
1994,2518.11325421164
1995,2745.16022347993
1996,2745.50259738071
1997,2505.6718035438
1998,2437.14753376962
1999,2230.75876662596
2000,2276.85216577279
2001,2419.77111113907
2002,2410.06924541046
2003,2489.50818804189
2004,2439.63673677668
2005,2599.1917342682
2006,2696.78264240444
2007,2665.00511750437
2008,2647.46208110447
2009,2337.23945196707
2010,2393.89142256038
2011,2592.51617710519
2012,2493.2350032221
2013,2353.45772576798
2014,2500.00073866402
2015,2637.66768452202
2016,2606.77682883142
2017,2732.29265351916
2018,2764.47088334037
2019,2771.10254436126
2020,2664.55152991688
2021,2918.1382827493
2022,2968.11355893649
2023,..
2024,..
