Year,Value
1960,..
1961,..
1962,..
1963,..
1964,..
1965,..
1966,..
1967,..
1968,..
1969,..
1970,..
1971,..
1972,..
1973,..
1974,..
1975,..
1976,..
1977,..
1978,..
1979,..
1980,..
1981,..
1982,..
1983,..
1984,..
1985,..
1986,..
1987,..
1988,..
1989,..
1990,16.1282506509011
1991,16.0744256555558
1992,16.4886959413922
1993,16.9504413801307
1994,17.4050541694633
1995,17.8501922248632
1996,18.2886132597751
1997,18.7258759183917
1998,19.1585428056236
1999,19.5763901858654
2000,19.9835665836125
2001,20.2591328529895
2002,20.3382731028108
2003,20.3948944324676
2004,20.4671319629838
2005,20.5480047747123
2006,20.638144868145
2007,20.7396443380498
2008,20.8610857739076
2009,21.0137535773573
2010,21.2797640252504
2011,20.8355970237392
2012,20.5884982551265
2013,20.826105810928
2014,21.4551167495801
2015,21.5127176918139
2016,20.9445374580065
2017,20.439566243811
2018,20.5416970704208
2019,20.7121552619143
2020,20.8184970985565
2021,21.2605640004094
2022,21.479977345876
2023,21.4772423572443
2024,21.5066678345414
