Year,Value
1960,..
1961,..
1962,..
1963,..
1964,..
1965,..
1966,..
1967,..
1968,..
1969,..
1970,..
1971,..
1972,..
1973,..
1974,..
1975,..
1976,..
1977,..
1978,..
1979,..
1980,..
1981,..
1982,..
1983,..
1984,..
1985,..
1986,..
1987,..
1988,..
1989,..
1990,63.9043670782627
1991,63.8168871409844
1992,63.4004641760874
1993,62.7474668156627
1994,62.2788674349386
1995,62.1438033332307
1996,62.3939023824616
1997,62.6698480083045
1998,62.8291516581791
1999,62.9941218548813
2000,63.1964877866517
2001,63.3608600810221
2002,63.4740436945436
2003,63.5494901862811
2004,63.6309598298085
2005,63.6570121712433
2006,63.7418282722185
2007,63.7897774501655
2008,63.8106735231406
2009,63.4162016427362
2010,63.2086416656215
2011,63.0286001318557
2012,62.77773403669
2013,62.7297874021971
2014,62.6373451889489
2015,62.7543210663945
2016,62.8231826482555
2017,62.9259259259259
2018,63.0637346254193
2019,63.1507632030038
2020,62.8143929417962
2021,63.4001815630932
2022,63.7017323459402
2023,65.2090721649485
2024,65.3413514901513
