Year,Value
1960,..
1961,..
1962,..
1963,..
1964,..
1965,..
1966,..
1967,..
1968,..
1969,..
1970,..
1971,..
1972,..
1973,..
1974,..
1975,..
1976,..
1977,..
1978,..
1979,..
1980,..
1981,..
1982,..
1983,..
1984,..
1985,..
1986,..
1987,..
1988,..
1989,..
1990,..
1991,26906.1667665639
1992,24855.5922846146
1993,24234.1791365903
1994,22358.2441805138
1995,21132.3325981491
1996,23675.7762213823
1997,24134.2148487059
1998,25140.9011115005
1999,25452.313815786
2000,26399.3979377777
2001,27142.876475311
2002,28081.3171029777
2003,29680.3043199029
2004,32690.9414247619
2005,35396.3783192463
2006,38536.2840884102
2007,41414.842058346
2008,45059.9666695138
2009,44589.1828896175
2010,47784.0249511615
2011,50257.6935065233
2012,51018.6294359581
2013,51506.815333716
2014,52333.6223026358
2015,50325.9016206011
2016,49080.5281170742
2017,50347.8607756314
2018,51712.5125351445
2019,52435.8402895545
2020,52471.3993087717
2021,54136.8684642268
2022,51767.1980911894
2023,54386.7983317778
2024,56968.0078728286
