Year,Value
1960,..
1961,..
1962,..
1963,..
1964,..
1965,..
1966,..
1967,..
1968,..
1969,..
1970,..
1971,..
1972,..
1973,..
1974,..
1975,..
1976,..
1977,..
1978,..
1979,..
1980,..
1981,..
1982,..
1983,..
1984,..
1985,..
1986,..
1987,..
1988,..
1989,..
1990,2888.81296605767
1991,2852.83086063697
1992,2573.29955022496
1993,2372.48516815155
1994,2097.38186932057
1995,1885.36062544268
1996,1944.68700414122
1997,2175.40374089066
1998,2368.78331042337
1999,2460.36944358801
2000,2615.36376954661
2001,2753.03369842472
2002,2910.39937536991
2003,3137.26261585453
2004,3520.40452567199
2005,3877.71738863193
2006,4291.68647063136
2007,4682.20676622607
2008,5177.64534830453
2009,5200.77418521241
2010,5616.09411651767
2011,5941.68999107287
2012,6052.63737227717
2013,6115.43288138613
2014,6212.91667355075
2015,5967.05595058777
2016,5811.20159245258
2017,5964.89668930991
2018,6165.91320184691
2019,6267.7350887999
2020,6251.98898903127
2021,6457.73053774952
2022,6206.61909735439
2023,6497.78450735958
2024,6791.32648070557
