Year,Value
1960,..
1961,..
1962,..
1963,..
1964,..
1965,..
1966,..
1967,..
1968,..
1969,..
1970,..
1971,..
1972,..
1973,..
1974,..
1975,..
1976,..
1977,..
1978,..
1979,..
1980,..
1981,..
1982,..
1983,..
1984,..
1985,..
1986,..
1987,..
1988,..
1989,..
1990,1509229599.5401
1991,1687027060.47525
1992,1901803195.12936
1993,2018535873.24755
1994,2018136103.80194
1995,2032927573.28952
1996,2055414604.6051
1997,2142464401.38673
1998,2225816330.79647
1999,2435595347.38045
2000,2733723411.44429
2001,2870244677.12019
2002,3025155337.29416
2003,3317586686.75806
2004,3476195214.30393
2005,3553350717.30671
2006,3713658264.99642
2007,3838186447.30401
2008,3773623681.83795
2009,3758932154.71178
2010,3800808004.13945
2011,3791513364.52901
2012,3933231632.99785
2013,4108430592.53654
2014,4274035085.38058
2015,4396964189.90574
2016,4399362806.5794
2017,4319608802.18015
2018,4367581135.65338
2019,4553973639.66916
2020,3920838780.18393
2021,4616637500.26857
2022,5062280489.76259
2023,5120446944.09888
2024,5537855017.18835
