Year,Value
1960,..
1961,..
1962,..
1963,..
1964,..
1965,..
1966,..
1967,..
1968,..
1969,..
1970,..
1971,..
1972,..
1973,..
1974,..
1975,..
1976,..
1977,..
1978,..
1979,..
1980,..
1981,..
1982,..
1983,..
1984,..
1985,..
1986,..
1987,..
1988,..
1989,..
1990,..
1991,-9.74257425742575
1992,-28.6732673267327
1993,-20.3960396039604
1994,-21.1485148514851
1995,-20.7128712871287
1996,-19.1683168316832
1997,-16.990099009901
1998,-15.009900990099
1999,-13.9009900990099
2000,-40.4752475247525
2001,-41.1485148514851
2002,-34.4554455445545
2003,-32.2772277227723
2004,-31.5247524752475
2005,-26.3762376237624
2006,-8.27722772277227
2007,9.74257425742575
2008,10.4158415841584
2009,-3.12871287128712
2010,22.3366336633663
2011,-39.2871287128713
2012,-29.6633663366337
2013,-21.6633663366337
2014,7.64356435643563
2015,-8.71287128712871
2016,23.3663366336634
2017,12.950495049505
2018,23.5643564356436
2019,41.9405940594059
2020,24.950495049505
2021,31.1287128712871
2022,31.6435643564356
2023,38.8118811881188
2024,..
