Year,Value
1960,..
1961,..
1962,..
1963,..
1964,..
1965,..
1966,..
1967,..
1968,..
1969,..
1970,2.66288082265367
1971,2.63653126009847
1972,3.20057572486412
1973,3.22026215389265
1974,2.86301266586249
1975,3.46138643678594
1976,3.13286976132306
1977,3.45260867934436
1978,3.44556530852876
1979,3.40265709961321
1980,3.35364149572411
1981,2.84275052317721
1982,2.79662419328148
1983,2.87529437537653
1984,3.09050372491798
1985,2.99386105460241
1986,2.9164951958346
1987,4.41126810628277
1988,5.14118414786857
1989,6.34528873251764
1990,4.3868031063778
1991,3.93039459161148
1992,3.08353450785009
1993,3.41743743199129
1994,3.3635165726256
1995,3.36323623290663
1996,3.41230167354923
1997,3.48305831131495
1998,3.53897656623625
1999,3.55670440416203
2000,2.44191714053615
2001,2.40192671375693
2002,2.66325512535805
2003,2.74099958323983
2004,2.76396770841659
2005,2.96439221189265
2006,3.68590253684311
2007,4.3977146484685
2008,4.4044233807267
2009,3.84802957602454
2010,4.84739113377795
2011,2.40534730830182
2012,2.79043459133331
2013,3.11133482241168
2014,4.27836106345134
2015,3.63198033530821
2016,4.9094548377437
2017,4.48582843121835
2018,4.88790712976453
2019,5.59065312680363
2020,4.90043801062409
2021,5.12158148743967
2022,5.13367001806978
2023,5.41747812915392
2024,..
