Year,Value
1960,..
1961,2.08929594236781
1962,5.57891786210295
1963,6.79762576905429
1964,3.95659653084567
1965,4.91344195525978
1966,7.17058966306621
1967,6.31721951733537
1968,8.52944308831111
1969,4.47409732886864
1970,5.23102930423347
1971,5.06333643861971
1972,7.967485209709
1973,5.73916152572542
1974,2.9395678082784
1975,7.31101773140009
1976,4.61456748598627
1977,4.97121565700267
1978,2.05269456633279
1979,0.133344047803647
1980,-1.37177291052775
1981,0.27561637277573
1982,-3.93873792499608
1983,-4.04212140271022
1984,-0.200665696939353
1985,-1.67638978272154
1986,-2.57388420056628
1987,2.4634846196991
1988,2.90949796034216
1989,3.79013096203759
1990,4.63578742813276
1991,5.26652666784713
1992,1.64649818317069
1993,4.26929611661502
1994,4.66726510266786
1995,4.67827659709971
1996,4.36134195244576
1997,4.95420874299721
1998,5.02935475543072
1999,0.426885422588825
2000,2.50781080899483
2001,1.68379912721825
2002,2.48556573783829
2003,2.71133983700673
2004,4.17329558916248
2005,4.42143312687979
2006,4.79700882356067
2007,4.56438426887887
2008,6.14849787462164
2009,3.35699957430565
2010,4.1267225910567
2011,5.204092443086
2012,5.12227558091757
2013,6.79601142810841
2014,5.46056950635136
2015,4.85718717971413
2016,4.26392086382113
2017,4.19520633360395
2018,4.22362365271844
2019,2.21670563961031
2020,-8.7378843576993
2021,6.11137269714146
2022,3.60568042633635
2023,3.08196521047731
2024,1.38468278972252
