Year,Value
1960,..
1961,..
1962,..
1963,..
1964,..
1965,..
1966,..
1967,..
1968,..
1969,..
1970,..
1971,..
1972,..
1973,..
1974,..
1975,..
1976,..
1977,..
1978,..
1979,..
1980,..
1981,..
1982,..
1983,..
1984,..
1985,..
1986,..
1987,..
1988,..
1989,..
1990,2284.01268327627
1991,2434.34709631959
1992,2479.71028831935
1993,2594.8773737444
1994,2720.80378855255
1995,2853.39410272177
1996,2976.76635036796
1997,3121.24529858977
1998,3257.04913157388
1999,3259.82944820838
2000,3359.09510540566
2001,3434.14415650385
2002,3514.91426259674
2003,3620.33772189586
2004,3808.21800378435
2005,4032.7263980008
2006,4282.87164764407
2007,4521.67932002792
2008,4810.27858294526
2009,4919.810318591
2010,5100.52757238083
2011,5388.5129347759
2012,5866.98414168445
2013,6589.67145543799
2014,7047.20153027989
2015,7152.04465025692
2016,7547.90376641611
2017,8510.26685679361
2018,8952.58785284444
2019,9174.44563616863
2020,8293.99121208365
2021,9454.19814680002
2022,10371.9629079451
2023,10925.2730525053
2024,11189.8055097036
