Year,Value
1960,..
1961,..
1962,..
1963,..
1964,..
1965,..
1966,..
1967,..
1968,..
1969,..
1970,..
1971,8.36127253333152
1972,9.403012770044
1973,12.3012741226716
1974,3.25420316055722
1975,2.99219489361144
1976,8.80383624751356
1977,3.28625536238489
1978,1.37562564980549
1979,3.32069595015821
1980,4.6926816700427
1981,-6.13354010742961
1982,-6.7624644006904
1983,-4.24326910253741
1984,2.01429630053877
1985,6.34400729709235
1986,6.29807092278043
1987,2.29464476180488
1988,-2.20303104320718
1989,11.295595237131
1990,-13.3551140962852
1991,-0.390897948660665
1992,-1.75983092074452
1993,2.52507867129563
1994,2.62824467230907
1995,4.98140722741074
1996,0.912809384916429
1997,1.4777903956539
1998,-1.68736584163332
1999,-3.19929109895038
2000,2.56384931904749
2001,-0.736058101824071
2002,3.14213827843047
2003,0.468169145218738
2004,5.45885914371115
2005,1.68987627028807
2006,3.48053660428246
2007,5.10004142404112
2008,3.8105535885969
2009,-0.706597396593011
2010,7.02930209560652
2011,4.51227747549923
2012,0.619022932446683
2013,2.94864585472379
2014,-1.26010047513651
2015,-5.27815768772808
2016,-4.02974700610547
2017,1.29154477006061
2018,0.190847546162317
2019,0.120149650001977
2020,-2.88213033554176
2021,4.18513378949605
2022,2.14008199774034
2023,3.22844270696532
2024,2.53665452014718
