Year,Value
1960,5940.09636835512
1961,6259.21850692741
1962,6476.15743476771
1963,6325.81979249095
1964,6354.32676066507
1965,6326.02927401328
1966,6567.9390549596
1967,6665.29941630216
1968,7133.39214607585
1969,7617.60170342385
1970,8204.39358244844
1971,8914.10020148046
1972,9738.59276102997
1973,10833.4667442629
1974,11439.347092525
1975,11747.5713235816
1976,12647.7072660963
1977,12958.7975051025
1978,13282.1075111256
1979,13846.9394286863
1980,14768.2292200842
1981,13815.0957963261
1982,13615.8722861146
1983,12924.9796438587
1984,13328.328703106
1985,14071.5792816118
1986,14817.1202556038
1987,15039.1802434164
1988,14745.763354359
1989,14933.8105868181
1990,14031.3198284837
1991,13934.9943399953
1992,13630.0267932451
1993,14071.4594657186
1994,14664.0002236273
1995,15049.964965855
1996,15151.2465308928
1997,15434.4603505957
1998,15257.9512585315
1999,15107.6909090709
2000,15555.2140188351
2001,15567.1916141151
2002,15844.6056755957
2003,15837.343644227
2004,16561.3784815814
2005,16905.409377727
2006,17390.1755146791
2007,18259.9399535365
2008,19007.1761866962
2009,18814.0017653378
2010,20060.9618090071
2011,20689.2106579104
2012,20916.2401811157
2013,21370.8192722873
2014,21306.0307331089
2015,20388.5083456728
2016,19570.9032281443
2017,19685.9153454892
2018,19900.5722602854
2019,20012.606678622
2020,19245.0220554559
2021,20076.0089475226
2022,20607.2834487716
2023,21191.2320663627
2024,21822.1965706345
