Year,Value
1960,..
1961,..
1962,..
1963,..
1964,..
1965,..
1966,..
1967,..
1968,..
1969,..
1970,..
1971,..
1972,..
1973,..
1974,..
1975,..
1976,..
1977,..
1978,..
1979,..
1980,..
1981,..
1982,..
1983,..
1984,..
1985,..
1986,..
1987,..
1988,..
1989,..
1990,..
1991,40387.5693135639
1992,38375.7980076074
1993,38963.5208051821
1994,38463.9754712186
1995,36952.721217163
1996,36485.296773692
1997,37970.8068903174
1998,38188.1499507681
1999,37371.7112066327
2000,38394.5264133698
2001,37502.3475886164
2002,37664.9825675099
2003,38455.774299609
2004,37738.7670731244
2005,38790.6456203481
2006,40743.4329294214
2007,40768.7707552927
2008,41169.709012787
2009,39834.446407179
2010,39190.1171299055
2011,39082.6631408978
2012,39560.3693662465
2013,38531.6417328735
2014,39768.0295307575
2015,38713.252385521
2016,38154.8005898944
2017,38113.9554373639
2018,37623.8667481583
2019,38213.5308555454
2020,33387.0598378535
2021,33002.4090513931
2022,38698.0690901558
2023,39911.1572151444
2024,41377.275215813
