Year,Value
1960,..
1961,-0.947999269781036
1962,-4.63572064136059
1963,18.5347352010554
1964,-5.3774524989538
1965,-5.04522769808936
1966,3.63346668204332
1967,1.64735602390572
1968,7.7730420109187
1969,4.59091105629439
1970,7.34403675118362
1971,6.81246016963519
1972,9.89330334754608
1973,22.7741343187316
1974,31.4213942614682
1975,29.3607284286293
1976,3.02098255963466
1977,9.75033575653946
1978,6.71750617431934
1979,12.378333445183
1980,44.6781020487812
1981,12.2002890324817
1982,9.8457670839303
1983,5.66428865895905
1984,5.18324310134047
1985,3.51432724252501
1986,4.47349515734052
1987,7.33777019238275
1988,2.75735511474133
1989,6.82357775062113
1990,3.72830835473779
1991,4.49528301061679
1992,2.12239379802732
1993,5.19536614804925
1994,2.20984256186101
1995,1.01614903966443
1996,2.5384172069346
1997,0.91689754928943
1998,8.70325677703254
1999,4.43342286164921
2000,-1.32283915557818
2001,2.25538971803141
2002,0.907855778497748
2003,1.11587214253615
2004,5.82814447916233
2005,6.66772496346577
2006,4.09637016688049
2007,8.61226111131555
2008,1.80693534790812
2009,-1.82970501184533
2010,18.8527289921361
2011,3.66694041932899
2012,-1.01754183582014
2013,2.74359414985743
2014,0.00746353844473902
2015,-0.611165126966512
2016,-0.967050709686362
2017,3.36727197112887
2018,3.25265217777908
2019,2.14644727501501
2020,5.1139219922773
2021,2.32921875143295
2022,0.664976976473824
2023,3.18212980720116
2024,2.70750628773237
