Year,Value
1960,..
1961,..
1962,..
1963,..
1964,..
1965,..
1966,..
1967,..
1968,..
1969,..
1970,..
1971,..
1972,..
1973,..
1974,..
1975,..
1976,..
1977,..
1978,..
1979,..
1980,..
1981,..
1982,..
1983,..
1984,..
1985,..
1986,..
1987,..
1988,..
1989,..
1990,11071.6479738726
1991,10966.1388161447
1992,10541.2324125613
1993,10845.0063346499
1994,11273.6829463208
1995,11723.0940626561
1996,12400.8223198405
1997,13207.1780615558
1998,13851.2454212949
1999,14089.9153162191
2000,15075.9510103336
2001,15030.0068337204
2002,15283.4119402707
2003,15826.6635591615
2004,16387.8260169596
2005,17478.130178584
2006,19019.133736304
2007,19846.0422927221
2008,20250.1141390094
2009,19253.2687837529
2010,18977.5426798427
2011,19165.0101287625
2012,17936.9937259746
2013,18004.6691202993
2014,17752.5177240704
2015,17804.7490038367
2016,18013.6734415905
2017,17898.8994551274
2018,18551.1686491129
2019,18760.3700129938
2020,15824.49106614
2021,15683.8847128096
2022,19786.3615156207
2023,21336.1575553016
2024,22671.9466863479
