Year,Value
1960,..
1961,..
1962,..
1963,..
1964,..
1965,..
1966,..
1967,..
1968,..
1969,..
1970,47.76106286027
1971,-8.88491673577708
1972,-1.3957466472033
1973,0.0669598234410218
1974,0.0896715523833502
1975,0.0340487543085978
1976,-1.01120688599369
1977,-0.089371998032877
1978,0.111451897749911
1979,0.0057905147655504
1980,-0.181280373659333
1981,-0.118605108924478
1982,0.0695237596711849
1983,0.0456633057126419
1984,0.0104810980224026
1985,0.0526721872603445
1986,-0.144381757212871
1987,-0.00142333990497975
1988,0.0101430382170533
1989,0.200657237491346
1990,0.115896321459632
1991,0.0795608584268861
1992,0.110620055605216
1993,0.128962786122526
1994,0.0910667602163212
1995,7.5681773705174
1996,8.52887671289971
1997,9.00470811373416
1998,10.3272545738089
1999,11.8538647624296
2000,8.36413527084893
2001,0.995621604337453
2002,3.62654271330788
2003,1.72747847570747
2004,1.31341824546458
2005,1.65985733844246
2006,0.694676099407027
2007,1.91806992064155
2008,1.39506581145342
2009,2.73305999382492
2010,3.507100790194
2011,3.73105568296496
2012,4.54055753829629
2013,4.28670084789328
2014,3.35660901431162
2015,1.3247117972472
2016,-1.32059047200933
2017,3.85818821533147
2018,3.80486552547671
2019,2.77118008258428
2020,4.71057564880466
2021,1.47404982900134
2022,-1.73946797970418
2023,-0.370504515490627
2024,0.187950372293496
