Year,Value
1960,..
1961,..
1962,..
1963,..
1964,..
1965,..
1966,..
1967,..
1968,..
1969,..
1970,..
1971,..
1972,..
1973,..
1974,..
1975,..
1976,..
1977,..
1978,..
1979,..
1980,..
1981,..
1982,..
1983,..
1984,..
1985,..
1986,..
1987,..
1988,..
1989,..
1990,17.4638108209477
1991,15.893589526839
1992,14.320170640098
1993,14.7816498890143
1994,16.089377706689
1995,13.6095113586421
1996,13.515880483097
1997,13.9171389146063
1998,13.0461273624674
1999,13.3401571610343
2000,13.7306958763213
2001,15.0474118069243
2002,16.0088626935475
2003,14.2816613298927
2004,15.5924570929844
2005,16.1458129184555
2006,11.8284915197165
2007,11.11630733051
2008,9.73149073652256
2009,11.1148494567144
2010,10.7233408067486
2011,9.30785324689318
2012,9.49796434438758
2013,11.7037779195921
2014,9.76701482564818
2015,12.724896211605
2016,11.2553441855909
2017,9.41734395555937
2018,9.40494360992654
2019,8.70172130940382
2020,8.74911048877092
2021,8.7305685927446
2022,8.00643979071954
2023,..
2024,..
