Year,Value
1960,..
1961,..
1962,..
1963,..
1964,..
1965,..
1966,..
1967,..
1968,..
1969,..
1970,..
1971,..
1972,..
1973,..
1974,..
1975,..
1976,..
1977,..
1978,..
1979,..
1980,..
1981,..
1982,..
1983,..
1984,..
1985,..
1986,..
1987,..
1988,..
1989,..
1990,6.30001828340927
1991,5.17770993695599
1992,6.63928085355347
1993,13.0647004889209
1994,9.46380470158942
1995,7.15529485253452
1996,16.1121954488091
1997,4.99060848779871
1998,9.96727081881656
1999,14.2352084945169
2000,14.1709669143697
2001,8.31282499951298
2002,1.18737069613121
2003,3.25908437200664
2004,10.0787886535731
2005,15.4717065693105
2006,7.47313102325575
2007,6.02919765064402
2008,9.37273025563468
2009,15.1089337480839
2010,7.68549223641305
2011,12.6534473210831
2012,3.01179657209867
2013,1.53204505662097
2014,11.9041068198399
2015,3.73030582585568
2016,11.9049111318198
2017,-2.64993320543444
2018,0.0566218685120532
2019,0.508004124173738
2020,4.37886680593209
2021,8.38154386234471
2022,14.6176767283936
2023,1.73900386471155
2024,2.77435103091167
