Year,Value
1960,..
1961,6.34328369916236
1962,6.66666783376763
1963,5.92104509011995
1964,6.83230092114646
1965,5.81395506087105
1966,6.34401910558493
1967,5.92455993122056
1968,10.5670565038251
1969,15.1234047289021
1970,17.120267669479
1971,25.8211072044697
1972,26.3619409491731
1973,21.3031840989689
1974,8.79779521286324
1975,8.44625037668546
1976,10.647376709045
1977,12.0120400942666
1978,14.3328015865318
1979,12.148588922855
1980,11.9869013821421
1981,9.06485746523946
1982,12.1655318563009
1983,13.1467290489757
1984,8.5453836397444
1985,7.12527126873714
1986,8.17292433112134
1987,11.8819281370865
1988,19.4499695097307
1989,13.0594058858571
1990,6.77282195004784
1991,7.45870921940397
1992,2.91707018751026
1993,1.9161070518754
1994,3.62791615172975
1995,7.03041024834083
1996,5.82980001379714
1997,8.32589088396591
1998,0.443663586075374
1999,9.66724070276106
2000,1.98769583378552
2001,0.250573949689084
2002,6.06953087648317
2003,4.62589474959299
2004,2.70582170611173
2005,4.55664565323181
2006,8.36387109282306
2007,5.79255577727118
2008,3.25207295796832
2009,-14.1442346163423
2010,10.1197233309093
2011,6.83841050060252
2012,-0.170857116593709
2013,11.1029068778778
2014,5.69714422027599
2015,-4.85132504617629
2016,7.20442475914267
2017,4.11437856026637
2018,4.1886923900019
2019,3.03177337082403
2020,-8.72888241149465
2021,11.916272413183
2022,5.48601706446772
2023,3.20806812224438
2024,-2.98986879467928
