Year,Value
1960,..
1961,..
1962,..
1963,..
1964,..
1965,..
1966,..
1967,..
1968,..
1969,..
1970,..
1971,..
1972,..
1973,..
1974,..
1975,..
1976,..
1977,..
1978,..
1979,..
1980,..
1981,..
1982,..
1983,..
1984,..
1985,..
1986,..
1987,..
1988,..
1989,..
1990,6.40658864394151
1991,6.98793617620322
1992,6.38299753659952
1993,6.63964844141337
1994,7.13171615790588
1995,7.60950699131693
1996,8.40542469686806
1997,8.82776880835251
1998,7.94333772579782
1999,8.55498202778813
2000,8.58342380490042
2001,8.69676108787968
2002,9.22232442742885
2003,9.87138528298884
2004,9.84341288691324
2005,10.2866283709079
2006,11.2189471574545
2007,11.7327842053582
2008,11.6770268223103
2009,10.8563771519923
2010,11.048510156432
2011,12.4853185484863
2012,10.4195528484285
2013,10.7557079556491
2014,11.2538991252741
2015,10.8121103669083
2016,13.0334257714681
2017,12.262241031122
2018,11.7480371943575
2019,12.8535872319988
2020,13.6558835425416
2021,15.7149856425689
2022,17.1452943782258
2023,..
2024,..
