Year,Value
1960,..
1961,..
1962,..
1963,..
1964,..
1965,..
1966,..
1967,..
1968,..
1969,..
1970,..
1971,..
1972,..
1973,..
1974,..
1975,..
1976,..
1977,..
1978,..
1979,..
1980,..
1981,..
1982,..
1983,..
1984,..
1985,..
1986,..
1987,..
1988,..
1989,..
1990,83.8263698281997
1991,83.4265893612173
1992,83.1443793556206
1993,82.9688819429565
1994,82.8699856462945
1995,82.7404529279364
1996,82.6353999196141
1997,82.6269323990004
1998,82.6692126023818
1999,82.7587940962007
2000,82.8850486463355
2001,82.923543704599
2002,83.0129012750088
2003,83.163432666347
2004,83.227085095371
2005,83.2895468094781
2006,83.2243568705663
2007,83.0799677305501
2008,82.9857437912448
2009,82.7248899534732
2010,82.3969056085844
2011,82.0407300576885
2012,81.4681121975944
2013,80.8542787646495
2014,80.0886950377076
2015,79.6167923019124
2016,79.6225820526494
2017,79.6004409929611
2018,79.5821727019499
2019,79.6050799646485
2020,79.6047005936821
2021,79.9458426250398
2022,79.4953557753862
2023,79.4404362618536
2024,79.374426799247
