Year,Value
1960,..
1961,..
1962,..
1963,..
1964,..
1965,..
1966,..
1967,..
1968,..
1969,..
1970,..
1971,..
1972,..
1973,..
1974,..
1975,..
1976,..
1977,..
1978,..
1979,..
1980,..
1981,..
1982,..
1983,..
1984,..
1985,..
1986,..
1987,..
1988,..
1989,..
1990,..
1991,..
1992,..
1993,..
1994,..
1995,..
1996,..
1997,..
1998,..
1999,..
2000,3.01163286325466
2001,1.77396442413629
2002,4.4533405486829
2003,3.66130610764949
2004,2.97926052969914
2005,7.10249844088891
2006,6.35497900444363
2007,8.16909294246433
2008,6.48838435705758
2009,14.5216241866925
2010,7.65067349519809
2011,10.4034836945184
2012,10.3778965393673
2013,11.173908113507
2014,11.7595437347514
2015,15.9218430569763
2016,14.6400344938918
2017,18.3502179236295
2018,52.9694785873107
2019,21.0176825661977
2020,31.4686936389697
2021,33.1940765960814
2022,38.8471023028325
2023,..
2024,..
