Year,Value
1960,..
1961,..
1962,..
1963,..
1964,..
1965,..
1966,..
1967,..
1968,..
1969,..
1970,..
1971,..
1972,..
1973,..
1974,..
1975,..
1976,..
1977,..
1978,..
1979,..
1980,..
1981,..
1982,..
1983,..
1984,..
1985,..
1986,..
1987,..
1988,..
1989,..
1990,..
1991,9.88066004765833
1992,10.5659722860721
1993,12.2737184670266
1994,12.256146207017
1995,11.6483975683372
1996,11.1582720712748
1997,10.3551718002096
1998,9.91440196798337
1999,10.9336244517962
2000,12.7368749578358
2001,14.0406067977044
2002,14.4028410513938
2003,13.7499765729228
2004,13.2202848205548
2005,12.7140728553937
2006,10.6317209990656
2007,8.20033793499944
2008,6.97609205280368
2009,8.49433593004403
2010,9.82489823301698
2011,9.88749330011209
2012,10.1523566868958
2013,10.25793404526
2014,9.1406153159262
2015,7.89587012156785
2016,6.42437345604974
2017,5.24124033326417
2018,4.28160988790753
2019,3.84202695253042
2020,4.40824464999999
2021,4.45771343873247
2022,3.94793957528843
2023,3.9990667186411
2024,3.90150083292095
