Year,Value
1960,..
1961,..
1962,..
1963,..
1964,..
1965,..
1966,..
1967,..
1968,..
1969,..
1970,..
1971,..
1972,..
1973,..
1974,..
1975,..
1976,..
1977,..
1978,..
1979,..
1980,..
1981,..
1982,..
1983,..
1984,..
1985,..
1986,..
1987,..
1988,..
1989,..
1990,..
1991,..
1992,..
1993,..
1994,..
1995,..
1996,..
1997,..
1998,..
1999,..
2000,-146.136860454205
2001,-137.81583225422
2002,-141.952472675662
2003,-141.655385982918
2004,-146.92836558165
2005,-144.443449808425
2006,-137.706997557609
2007,-127.379217607829
2008,-135.091689699404
2009,-133.715544753612
2010,-128.186102748619
2011,-129.196953605685
2012,-129.910426526655
2013,-129.873906002313
2014,-109.122174775589
2015,-105.991163131001
2016,-116.669507516422
2017,-111.725098141183
2018,-99.6984929395589
2019,-82.9910307139007
2020,-79.9827013760707
2021,-80.4427950608035
2022,-80.4427950608035
2023,..
2024,..
