Year,Value
1960,..
1961,..
1962,..
1963,..
1964,..
1965,..
1966,..
1967,..
1968,..
1969,..
1970,..
1971,..
1972,..
1973,..
1974,..
1975,..
1976,..
1977,..
1978,..
1979,..
1980,..
1981,..
1982,..
1983,..
1984,..
1985,..
1986,..
1987,..
1988,..
1989,..
1990,..
1991,..
1992,..
1993,..
1994,..
1995,22.3837349007442
1996,21.5272701089912
1997,21.598723091086
1998,21.7683039511581
1999,20.8501805219544
2000,20.7390966419847
2001,20.3700419381125
2002,19.7064264766711
2003,19.8887540895875
2004,21.1479269699641
2005,21.5395641341352
2006,22.6000345530446
2007,24.061366056649
2008,23.2845128910373
2009,22.2157516199057
2010,21.9768717204027
2011,23.2655942460094
2012,22.991913773341
2013,23.7261669011511
2014,24.6746518227623
2015,25.8032198284061
2016,25.4860370019182
2017,25.2304577888828
2018,25.3001787564038
2019,25.6843445957636
2020,24.9813443480578
2021,25.6803746355721
2022,24.6185219057099
2023,25.2137168287277
2024,23.5904495560785
