Year,Value
1960,..
1961,..
1962,..
1963,..
1964,..
1965,..
1966,..
1967,..
1968,..
1969,..
1970,..
1971,..
1972,..
1973,..
1974,..
1975,..
1976,..
1977,..
1978,..
1979,..
1980,..
1981,..
1982,..
1983,..
1984,..
1985,..
1986,..
1987,..
1988,..
1989,..
1990,1.92256416855591
1991,2.02655892321397
1992,1.81667995650267
1993,1.68896139855294
1994,1.71210338737308
1995,2.33451209455581
1996,2.18596030982674
1997,2.11819004728166
1998,2.09723298024266
1999,2.01958515493023
2000,1.94211179235278
2001,1.59656747435301
2002,1.48626418985785
2003,1.37623838389392
2004,1.23303974553375
2005,1.2405996963978
2006,1.12578468900126
2007,1.10075377218179
2008,1.07486533862593
2009,1.02688105437945
2010,1.00571844007701
2011,0.96264626685819
2012,1.0700666978947
2013,1.06133889055254
2014,1.06757667722593
2015,1.06508300598488
2016,1.04544022322152
2017,1.01328007305383
2018,1.05361389903796
2019,1.03776245993175
2020,1.0834009255133
2021,..
2022,..
2023,..
2024,..
