Year,Value
1960,..
1961,..
1962,..
1963,..
1964,..
1965,..
1966,..
1967,..
1968,..
1969,..
1970,..
1971,..
1972,..
1973,..
1974,..
1975,..
1976,..
1977,..
1978,..
1979,..
1980,..
1981,..
1982,..
1983,..
1984,..
1985,..
1986,..
1987,..
1988,..
1989,..
1990,..
1991,..
1992,..
1993,..
1994,..
1995,..
1996,10.0596624630081
1997,10.4191938937645
1998,8.88678317977051
1999,10.7724976886593
2000,13.1106324341584
2001,15.6005264860995
2002,16.2579871226171
2003,15.4370073986477
2004,14.5594551587789
2005,13.1168966034611
2006,10.3204346695936
2007,7.63856657271396
2008,6.12059923661259
2009,9.36530121763869
2010,11.2701678754754
2011,10.5740779378515
2012,10.7171331952141
2013,10.8502182002001
2014,9.41005557347515
2015,8.15015119133866
2016,6.81691367597915
2017,5.5777927226282
2018,4.44887908689695
2019,3.88698209319165
2020,5.02486496908702
2021,4.91885128368302
2022,4.35242163984068
2023,4.32088355350813
2024,..
