Year,Value
1960,..
1961,..
1962,..
1963,..
1964,..
1965,..
1966,..
1967,..
1968,..
1969,..
1970,..
1971,..
1972,..
1973,..
1974,..
1975,..
1976,..
1977,..
1978,..
1979,..
1980,..
1981,..
1982,..
1983,..
1984,..
1985,..
1986,..
1987,..
1988,..
1989,..
1990,..
1991,..
1992,10.7492729313511
1993,..
1994,12.0561364246184
1995,11.3003048452604
1996,10.8739446974577
1997,10.3017527483316
1998,9.82264539595892
1999,10.7856339482683
2000,12.7421849929058
2001,14.0430449678038
2002,14.4022629571545
2003,13.7504247298062
2004,13.2243947946634
2005,12.7146781047457
2006,10.6328620763239
2007,8.20055913547502
2008,6.97395092549751
2009,8.49557504629412
2010,9.82448763328646
2011,9.8867952131634
2012,10.1502201938284
2013,10.2569468660677
2014,9.14038425609111
2015,7.89445230611504
2016,6.42361355769554
2017,5.24133105355768
2018,4.28168536572076
2019,3.84103130378886
2020,4.40827354927776
2021,4.4563495835865
2022,3.94778254090749
2023,4.00077324814415
2024,..
