Year,Value
1960,2.19247319172188
1961,1.9075682382134
1962,2.18301097160955
1963,1.78933975799247
1964,1.77629958117763
1965,1.81394756472536
1966,1.74614968927317
1967,1.69986344587277
1968,1.66263515285752
1969,1.33603512326917
1970,2.42910877797338
1971,5.78189535887806
1972,6.7051747183502
1973,6.39080439222556
1974,7.15347470081881
1975,7.04290953497383
1976,6.01879347220147
1977,6.80314567469729
1978,6.53436243895414
1979,6.8529325465393
1980,7.41647668102114
1981,7.20027852619495
1982,6.23540811147511
1983,5.62839820297418
1984,5.48858289882052
1985,5.94734446897807
1986,5.10720452475153
1987,5.36888123045504
1988,6.15916461176172
1989,5.72521684442232
1990,6.93254725160395
1991,8.2246533769569
1992,7.52193909513647
1993,8.24771718614498
1994,8.99332901190774
1995,9.92279563133878
1996,9.68521068187906
1997,9.79237032964156
1998,10.6766153882481
1999,10.8094470090588
2000,10.3062393987386
2001,10.1820756662203
2002,10.134313670296
2003,8.46267566477328
2004,10.6149176921503
2005,11.9259340654651
2006,11.1393164524599
2007,10.130622303089
2008,11.3113922723747
2009,13.2944623337933
2010,15.9137862156866
2011,13.8298045229334
2012,15.6042669089544
2013,18.6369296291387
2014,21.1945252589982
2015,21.0105346472131
2016,21.4019059496766
2017,20.7052833238792
2018,21.2310364096779
2019,22.4078927257502
2020,24.7534403772136
2021,24.8023669805393
2022,..
2023,..
2024,..
