Year,Value
1960,..
1961,..
1962,..
1963,..
1964,..
1965,..
1966,..
1967,..
1968,..
1969,..
1970,..
1971,..
1972,..
1973,..
1974,..
1975,..
1976,..
1977,..
1978,..
1979,..
1980,..
1981,..
1982,..
1983,..
1984,..
1985,..
1986,..
1987,..
1988,..
1989,..
1990,28442.331604763
1991,28773.0139362181
1992,29093.3238541076
1993,29475.7500522008
1994,30245.3759671361
1995,30821.4370522444
1996,31497.7419568964
1997,32728.0114219533
1998,33857.6531675935
1999,34742.6318631555
2000,36695.2070554187
2001,37822.9275072501
2002,38704.9584597242
2003,38737.3079261209
2004,40176.5707415374
2005,41524.8488732932
2006,46275.5494842863
2007,50929.4927044896
2008,53808.7841127066
2009,52971.3732760585
2010,54432.332994981
2011,57493.5810559211
2012,59440.9158607666
2013,61656.4661708516
2014,63417.0438110319
2015,65282.5841931923
2016,67350.7518747757
2017,68193.5055940262
2018,70688.8187491194
2019,73732.2353322093
2020,72997.8239503282
2021,81001.4111206118
2022,91326.1317048182
2023,90505.997877357
2024,93818.7074809256
