Year,Value
1960,..
1961,..
1962,..
1963,..
1964,..
1965,..
1966,..
1967,..
1968,..
1969,..
1970,6.70670197772905
1971,6.98640148491993
1972,7.04486663059124
1973,7.56825334011273
1974,6.78784906499427
1975,6.41056303631446
1976,6.71479145431721
1977,6.80492213716735
1978,6.99631216711044
1979,6.77269271801048
1980,6.86671916103534
1981,6.45494528392335
1982,6.07035272430108
1983,6.68236748674552
1984,6.57893327475816
1985,7.04396119847953
1986,6.99290173434578
1987,6.70595709221516
1988,6.6500277702534
1989,6.56796720040825
1990,6.6725297032143
1991,6.93011065624036
1992,6.8480883339413
1993,6.45256414968295
1994,6.26794179697861
1995,6.33784742880915
1996,6.38766376549276
1997,6.19064493167211
1998,6.37735493989382
1999,6.38398060691846
2000,6.23584925357553
2001,6.39342094598314
2002,6.12208814766952
2003,6.25258124368698
2004,6.28305225231321
2005,6.32796454001316
2006,6.23051993777604
2007,5.91271463546387
2008,6.01724053388775
2009,5.76638358972452
2010,5.92147461395398
2011,5.34586354225356
2012,5.45326472474637
2013,5.51550150036851
2014,4.9959034756527
2015,4.85765230254627
2016,4.87137865448642
2017,4.70985016280479
2018,4.52194177603426
2019,4.47556231400024
2020,4.1544461921146
2021,4.31719241876601
2022,3.92081063787899
2023,3.85028599498228
2024,..
