Year,Value
1960,..
1961,..
1962,..
1963,..
1964,..
1965,..
1966,..
1967,..
1968,..
1969,..
1970,..
1971,..
1972,..
1973,..
1974,..
1975,..
1976,..
1977,..
1978,..
1979,..
1980,..
1981,..
1982,..
1983,..
1984,..
1985,..
1986,..
1987,..
1988,..
1989,..
1990,41.7904392053441
1991,41.7402922035944
1992,41.93950509378
1993,41.7888605124968
1994,41.736325184601
1995,41.9367729965032
1996,42.4055206812997
1997,42.6377520884314
1998,42.747995817358
1999,43.2900194292486
2000,43.6090122832666
2001,43.7614616586294
2002,44.1475398801912
2003,44.3193340092854
2004,44.2806183115339
2005,44.4669163219771
2006,44.5593577495378
2007,44.6843917612873
2008,44.67753186632
2009,44.7503112463688
2010,44.7942281527343
2011,43.9335775824341
2012,44.0927351649855
2013,44.0868606538085
2014,44.1236249861421
2015,44.1182956410948
2016,44.3866397997191
2017,44.6317841262106
2018,44.7850449114533
2019,44.9857080567802
2020,44.9609465719769
2021,45.0692323478639
2022,45.1266410290412
2023,44.9179572383182
2024,44.9063061313656
