Year,Value
1960,..
1961,..
1962,..
1963,..
1964,..
1965,..
1966,..
1967,..
1968,..
1969,..
1970,..
1971,..
1972,..
1973,..
1974,..
1975,..
1976,..
1977,..
1978,..
1979,..
1980,..
1981,..
1982,..
1983,..
1984,..
1985,..
1986,..
1987,..
1988,..
1989,..
1990,..
1991,..
1992,..
1993,..
1994,..
1995,..
1996,..
1997,..
1998,..
1999,..
2000,9.30502750056
2001,9.35784220676
2002,7.22319468081
2003,7.26163749231
2004,7.30836030391
2005,7.36134311551
2006,7.38958592711
2007,7.43044873851
2008,6.19193741161
2009,6.11300374281
2010,6.11795939981
2011,6.00901918851
2012,6.03490484541
2013,6.01580050241
2014,4.867788819382
2015,4.844378374082
2016,4.804867928782
2017,6.293999835456
2018,6.106668674956
2019,6.096477056356
2020,6.075885666856
2021,6.075885666856
2022,6.075885666856
2023,..
2024,..
