Year,Value
1960,..
1961,..
1962,..
1963,..
1964,..
1965,..
1966,..
1967,..
1968,..
1969,..
1970,..
1971,..
1972,..
1973,..
1974,..
1975,..
1976,..
1977,..
1978,..
1979,..
1980,..
1981,..
1982,..
1983,..
1984,..
1985,..
1986,..
1987,..
1988,..
1989,..
1990,1.28738854962004
1991,1.49954078870348
1992,1.69537795279127
1993,1.86666825644662
1994,2.0583209860571
1995,2.17320282413144
1996,2.36796249227551
1997,2.6335559813314
1998,2.85980848171357
1999,3.06720979586839
2000,3.3020152953684
2001,3.53971538214994
2002,3.6933791146822
2003,3.63726866367632
2004,3.61294624368312
2005,3.76784323609309
2006,4.00047236983461
2007,4.35747697043909
2008,4.74330749048655
2009,4.89645478216254
2010,4.96381018686557
2011,5.16710185889219
2012,5.4847415828484
2013,5.72769336827354
2014,5.94908068544024
2015,6.19678934156732
2016,6.5922869510844
2017,6.78254512529731
2018,7.05505809105522
2019,7.32328383502342
2020,7.38813328985205
2021,7.91210164518992
2022,8.56036425133511
2023,..
2024,..
