Year,Value
1960,..
1961,..
1962,..
1963,..
1964,..
1965,..
1966,..
1967,..
1968,..
1969,..
1970,..
1971,..
1972,..
1973,..
1974,..
1975,..
1976,..
1977,..
1978,..
1979,..
1980,..
1981,..
1982,..
1983,..
1984,..
1985,..
1986,..
1987,..
1988,..
1989,..
1990,2.16596210772824
1991,2.44036820977667
1992,2.69760123564933
1993,2.90137778542573
1994,3.1323826113477
1995,3.23929355701257
1996,3.46613809073819
1997,3.78955535100076
1998,4.06938694316858
1999,4.30360996851871
2000,4.53044279828119
2001,4.7496260673986
2002,4.87997901208023
2003,4.71279610473017
2004,4.55869434697158
2005,4.60960607109716
2006,4.74779204393957
2007,5.03507472013407
2008,5.37729785924405
2009,5.51688771497426
2010,5.52562557452456
2011,5.63565649966547
2012,5.86780129643039
2013,6.12697803172003
2014,6.42117210508607
2015,6.8381536453877
2016,7.34454645506738
2017,7.56612997890281
2018,7.70808435933597
2019,7.83073773258216
2020,7.77141308230455
2021,7.91210164518992
2022,7.99067089943678
2023,..
2024,..
