Year,Value
1960,..
1961,..
1962,..
1963,..
1964,..
1965,..
1966,..
1967,..
1968,..
1969,..
1970,..
1971,..
1972,..
1973,..
1974,..
1975,..
1976,..
1977,..
1978,..
1979,..
1980,..
1981,..
1982,..
1983,..
1984,..
1985,..
1986,..
1987,..
1988,..
1989,..
1990,..
1991,10456.8860124405
1992,9851.65908208756
1993,8816.93382148066
1994,8696.40233752569
1995,8663.61640426783
1996,8716.50825522446
1997,8823.03698525366
1998,8953.22534727938
1999,9077.57833549128
2000,9150.84339490171
2001,9265.24666746718
2002,9319.52068914398
2003,9456.44041506708
2004,9744.01247077241
2005,9606.04899606647
2006,9622.51304299992
2007,9681.80453641262
2008,9902.18722732611
2009,10127.5655951092
2010,10416.3765835342
2011,10584.1004374245
2012,10887.7065258241
2013,11241.7687920279
2014,11647.8987160613
2015,12042.2619905425
2016,12355.6086635185
2017,12591.4061261742
2018,12888.2282500309
2019,13117.9581089333
2020,13084.1288146246
2021,13249.3626608424
2022,13207.2195559923
2023,13221.3136424701
2024,13354.678499246
