Year,Value
1960,..
1961,-13.114064624223
1962,18.0843023641036
1963,2.4613613608204
1964,-5.01641944581641
1965,-1.74073156630348
1966,3.77366630730687
1967,-3.83265618856124
1968,1.31773186206601
1969,6.21018175785373
1970,-3.05376345948979
1971,3.146198445214
1972,-2.46721894456718
1973,5.28119026232621
1974,0.41090726421271
1975,-7.46727438222022
1976,-7.72569563235221
1977,-1.75532961728734
1978,-8.23737671781107
1979,-3.03862557435558
1980,-0.958869855402938
1981,-0.587498769914092
1982,-3.40014199743922
1983,-1.75283708294673
1984,2.07207086656189
1985,-2.80901413565682
1986,1.47046036376909
1987,-0.511748731546064
1988,-2.69674798062162
1989,-4.33799099147288
1990,-9.61748597659818
1991,-11.4194977980426
1992,-13.4729897751751
1993,-16.5071139550222
1994,-8.3424734298317
1995,-3.39481121542802
1996,-2.90765166387065
1997,-7.12163669713077
1998,-4.26088113381191
1999,-7.43165883288135
2000,-9.84965913371934
2001,-5.1521414670669
2002,-0.150938085596678
2003,2.53825002902343
2004,3.64120168828561
2005,2.92453150481742
2006,2.1236343824278
2007,3.09293343802346
2008,3.07014504614453
2009,-0.275530333416668
2010,3.74773143955383
2011,3.42587694987861
2012,3.57071287303275
2013,4.85377661702087
2014,5.8207121782338
2015,3.44319363269288
2016,-1.16312535664113
2017,0.00232954079282877
2018,2.33763368123793
2019,1.12791372118168
2020,-1.48924362969555
2021,2.81656459085707
2022,5.46935992378246
2023,5.12590758856129
2024,3.27236174790441
