Year,Value
1960,..
1961,..
1962,..
1963,..
1964,..
1965,..
1966,..
1967,..
1968,..
1969,..
1970,..
1971,..
1972,..
1973,..
1974,..
1975,..
1976,..
1977,..
1978,..
1979,..
1980,..
1981,..
1982,..
1983,..
1984,..
1985,..
1986,..
1987,..
1988,..
1989,..
1990,50.8393351071767
1991,50.7764986446213
1992,50.7171938288771
1993,50.6804530940034
1994,50.7948405954644
1995,50.8078846381059
1996,50.5333939796964
1997,50.2646123307516
1998,50.19675507815
1999,50.2472490797592
2000,50.244190828319
2001,50.2138416848659
2002,50.1811844367318
2003,50.1399869666911
2004,50.1014669264441
2005,50.0752097427129
2006,49.8309988558012
2007,49.5752833648062
2008,49.3067433676984
2009,49.0274269754272
2010,48.7323433596203
2011,48.4222160884714
2012,48.1008010974588
2013,48.083117330296
2014,48.0639311715942
2015,48.0438207783848
2016,48.063004670775
2017,48.0910294528518
2018,48.0702284335113
2019,48.0271328944332
2020,48.2431533597674
2021,48.1367974074203
2022,48.3032581586622
2023,48.4121572363674
2024,48.4360426921235
