Year,Value
1960,..
1961,..
1962,..
1963,..
1964,..
1965,..
1966,..
1967,..
1968,..
1969,..
1970,..
1971,..
1972,..
1973,..
1974,..
1975,..
1976,..
1977,..
1978,..
1979,..
1980,..
1981,..
1982,..
1983,..
1984,..
1985,..
1986,..
1987,..
1988,..
1989,..
1990,..
1991,..
1992,..
1993,..
1994,..
1995,-3.2323700781848
1996,-1.74833189259458
1997,-3.2285580312999
1998,-9.11841901870264
1999,-2.69398543105441
2000,-10.8843353721945
2001,-5.5554812103662
2002,-0.798367938657776
2003,7.82328822465624
2004,3.85632533575335
2005,1.78908066307825
2006,3.48015482905046
2007,6.80976816908124
2008,-6.64623328874336
2009,5.06797446409999
2010,9.34867639484895
2011,8.49112268556816
2012,8.58342434087689
2013,3.16193464078447
2014,2.81828555476662
2015,0.98660327684857
2016,-1.14303936428634
2017,15.1554789842047
2018,5.76461295646496
2019,-8.02292167493401
2020,6.63481690063186
2021,19.5078806152582
2022,6.36713930924775
2023,61.3132488657618
2024,8.88997667906111
