Year,Value
1960,..
1961,..
1962,..
1963,..
1964,..
1965,..
1966,..
1967,..
1968,..
1969,..
1970,1.85481048823643
1971,15.1182129880903
1972,16.1443784008669
1973,12.6020953448767
1974,7.87543306941093
1975,2.00755392944039
1976,0.315419940002746
1977,0.259574127834422
1978,0.460917800833271
1979,1.37490195908847
1980,2.3468368433403
1981,1.54716633078627
1982,1.63605633952683
1983,2.67392392375111
1984,1.59321857145632
1985,0.587247631196912
1986,1.21343665371882
1987,1.89093188330246
1988,0.411077390234112
1989,-0.298176845331261
1990,0.805773714234814
1991,1.20202902395457
1992,0.0933795445251198
1993,10.6564766458744
1994,0.168987137204284
1995,5.3299564486963
1996,2.4571054845724
1997,-2.11824149757414
1998,-8.70306930470468
1999,-2.90043469110616
2000,-3.04039258438044
2001,-4.84426109284501
2002,6.59456506726084
2003,6.28014568176251
2004,1.90162065209621
2005,12.0498455846018
2006,18.4459801245354
2007,16.216555026587
2008,16.7210018165878
2009,12.2288862499697
2010,11.5772952217296
2011,1.90783479461617
2012,-0.391399397519283
2013,10.4621010083708
2014,16.1339951694307
2015,34.4182561027248
2016,0.46296936341342
2017,37.3227748739474
2018,29.2086100198947
2019,-10.214754646531
2020,-17.2921171034228
2021,-2.15982873741865
2022,3.3650833609005
2023,4.08897217938885
2024,..
