Year,Value
1960,..
1961,20.1019252548131
1962,29.445073612684
1963,39.0971830985916
1964,45.4205633802817
1965,36.7415730337079
1966,36.6521008403361
1967,40.1960784313725
1968,41.5022408963585
1969,39.3633818589026
1970,40.4210526315789
1971,51.5589140778058
1972,57.4857859531773
1973,70.9211986681465
1974,69.0522243713733
1975,59.2206327372765
1976,67.418904109589
1977,79.759956355701
1978,79.0855745721271
1979,84.5074384636192
1980,84.1325431034483
1981,75.1072961373391
1982,81.0579748864547
1983,84.4799148709763
1984,96.0492845786963
1985,96.3588390501319
1986,114.98791064389
1987,130.308315899582
1988,140.725474031327
1989,151.002880184332
1990,182.239031770045
1991,197.893350888743
1992,166.579804560261
1993,176.154635648307
1994,175.776836158192
1995,202.667778240934
1996,199.3423756679
1997,219.259551004332
1998,228.84024577573
1999,231.033123028391
2000,233.569907735983
2001,246.742615566724
2002,342.475454482417
2003,361.782818782854
2004,408.707705366576
2005,406.370963033454
2006,505.218501053959
2007,453.66706651438
2008,437.250630663858
2009,406.533050926069
2010,546.941648879662
2011,575.926879662644
2012,581.943236212867
2013,612.006934464684
2014,699.09048133437
2015,667.506536108998
2016,646.144872345309
2017,678.381761028892
2018,514.170732547276
2019,464.187008509808
2020,524.541849914544
2021,526.888135538458
2022,410.831454207629
2023,..
2024,..
