Year,Value
1960,..
1961,..
1962,..
1963,..
1964,..
1965,..
1966,..
1967,..
1968,..
1969,..
1970,..
1971,..
1972,..
1973,..
1974,..
1975,..
1976,..
1977,..
1978,..
1979,..
1980,..
1981,..
1982,..
1983,..
1984,..
1985,..
1986,..
1987,..
1988,..
1989,..
1990,..
1991,..
1992,..
1993,..
1994,..
1995,..
1996,..
1997,..
1998,..
1999,..
2000,103.19048988342
2001,84.785903285585
2002,84.5104725210859
2003,98.6424223116705
2004,98.2112896021018
2005,85.5943489937365
2006,83.9811569879342
2007,85.5041540592772
2008,81.0424166142096
2009,75.0117274477068
2010,75.1553758395
2011,84.0965220773626
2012,81.5695094900536
2013,66.973356051157
2014,70.6043076673902
2015,62.3639125518741
2016,79.60909084762
2017,106.774294174765
2018,98.426392165627
2019,98.426392165627
2020,98.426392165627
2021,98.426392165627
2022,98.426392165627
2023,..
2024,..
