Year,Value
1960,..
1961,..
1962,..
1963,..
1964,..
1965,..
1966,..
1967,..
1968,..
1969,..
1970,..
1971,..
1972,..
1973,..
1974,..
1975,..
1976,..
1977,..
1978,..
1979,..
1980,..
1981,..
1982,..
1983,..
1984,..
1985,..
1986,..
1987,..
1988,..
1989,..
1990,2357.3191013093
1991,2177.42398186612
1992,2337.05825930715
1993,2353.33149072163
1994,2184.3339264751
1995,2226.78887533794
1996,2156.98059534046
1997,2204.96918228808
1998,2191.51882872426
1999,2197.57430697458
2000,2390.72398831692
2001,2398.88236847316
2002,2394.45692187869
2003,2396.49712249918
2004,2394.35040847354
2005,2414.63822224866
2006,2430.27169501264
2007,2427.89513240504
2008,2420.59140921022
2009,2622.30291571905
2010,2561.52105036534
2011,2762.95925797516
2012,2889.56789331203
2013,3075.82535976289
2014,3164.49589314157
2015,3170.1832430918
2016,3185.57139444426
2017,3258.24614581775
2018,3307.70321788
2019,3397.34744185061
2020,3366.23754532997
2021,3465.75970667032
2022,3434.28677316788
2023,3502.49108166183
2024,3554.22701083097
