Year,Value
1960,..
1961,..
1962,..
1963,..
1964,..
1965,..
1966,..
1967,..
1968,..
1969,..
1970,..
1971,..
1972,..
1973,..
1974,..
1975,..
1976,..
1977,..
1978,..
1979,..
1980,-0.0401454156165667
1981,-0.04310829553548
1982,-0.0413455495650448
1983,-0.0424541221583128
1984,-0.0421292624900872
1985,-0.0429956664894038
1986,-0.042404873457652
1987,-0.0423904256787397
1988,-0.0433218436269801
1989,-0.0431457868598129
1990,-0.0418910831837223
1991,-0.043462634671481
1992,-0.0429517783688236
1993,-0.0428890032595642
1994,-0.0428861635693326
1995,-0.0422345424926425
1996,-0.0427772293517604
1997,-0.0426238756385746
1998,-0.0421356033635203
1999,-0.0419007066497554
2000,-0.0422380837811105
2001,-0.0423247850093307
2002,-0.0424143703496478
2003,-0.0424632020617777
2004,-0.0422929143408889
2005,-0.0425434813717565
2006,-0.0427539382954699
2007,1.68191382467344
2008,-0.526955022723711
2009,-1.28236443575965
2010,-2.09736084038796
2011,-4.06668843717935
2012,-6.767120276675
2013,-4.79035538644489
2014,-4.67990811157303
2015,-3.89451518165222
2016,-3.22641555539265
2017,-2.92828264960562
2018,-2.31001443759023
2019,-3.98635100834592
2020,-10.5846678669573
2021,-8.73149092335794
2022,-11.1599211752779
2023,-13.2388534277797
2024,-12.8109717083973
