Year,Value
1960,..
1961,..
1962,..
1963,..
1964,..
1965,..
1966,..
1967,..
1968,..
1969,..
1970,..
1971,..
1972,..
1973,..
1974,..
1975,..
1976,..
1977,..
1978,..
1979,..
1980,..
1981,..
1982,..
1983,..
1984,..
1985,..
1986,..
1987,..
1988,..
1989,..
1990,..
1991,25.3258845437616
1992,24.5810055865922
1993,21.415270018622
1994,42.2718808193669
1995,42.2718808193669
1996,70.2048417132216
1997,70.391061452514
1998,73.5567970204842
1999,78.7709497206704
2000,426.256983240224
2001,501.117318435754
2002,568.901303538175
2003,570.763500931099
2004,624.953445065177
2005,1032.21601489758
2006,1142.45810055866
2007,1291.99255121043
2008,1256.98324022346
2009,1222.34636871508
2010,1303.16573556797
2011,1538.54748603352
2012,1312.66294227188
2013,1280.4469273743
2014,1345.62383612663
2015,1360.14897579143
2016,1431.47113594041
2017,1519.18063314711
2018,1529.60893854749
2019,1628.30540037244
2020,1717.1322160149
2021,1748.60335195531
2022,1831.28491620112
2023,1773.92923649907
2024,..
