Year,Value
1960,..
1961,..
1962,..
1963,..
1964,..
1965,..
1966,..
1967,..
1968,..
1969,..
1970,..
1971,..
1972,..
1973,..
1974,..
1975,..
1976,..
1977,..
1978,..
1979,..
1980,..
1981,6.94807494345699
1982,1.31753289013552
1983,7.92166519671882
1984,2.31335740950426
1985,7.12207008814126
1986,1.4269826540267
1987,2.85230662441553
1988,4.52624066687233
1989,4.12485024834635
1990,-1.35290150988138
1991,-1.01055136482147
1992,8.44798979477743
1993,6.39603048677317
1994,16.782010354077
1995,12.0601838641087
1996,9.39028619703035
1997,9.26550233677044
1998,10.7299407310629
1999,9.54503889861623
2000,12.5710382620585
2001,0.682276166499946
2002,3.72907261625122
2003,2.78169096285627
2004,8.82078735562469
2005,5.64634152921253
2006,6.74862061785244
2007,13.9029028555293
2008,5.93628669264135
2009,-2.43495532260619
2010,1.10867941118087
2011,3.58680088003479
2012,0.983345735610456
2013,0.579092309567969
2014,0.676815488926465
2015,0.922631249857901
2016,4.24816232606327
2017,4.48221093147532
2018,3.60152349643896
2019,6.80449531732363
2020,-20.8937523404244
2021,6.62540765957627
2022,15.1545081084513
2023,4.86855789898813
2024,6.75154202065298
