Year,Value
1960,..
1961,9.70435708970281
1962,5.30724374389344
1963,2.29233218884251
1964,8.15430802238662
1965,7.01610815915517
1966,6.93973493818719
1967,6.60313574037494
1968,6.14854494636215
1969,5.9113432846075
1970,2.00566210851214
1971,2.32679854278173
1972,1.02461596850164
1973,2.48303313361104
1974,-2.8840846991715
1975,-1.7080387916169
1976,5.37013575592162
1977,6.77469132822424
1978,8.00915854583818
1979,7.45229537387357
1980,5.20957925397194
1981,0.404230446511832
1982,0.586900839444752
1983,-3.64895610300015
1984,1.89799447795448
1985,1.07943960081722
1986,1.2909772822612
1987,0.103388788117726
1988,1.69302321894853
1989,3.17506438311339
1990,-0.272230776516452
1991,0.012560647359237
1992,2.18317368022869
1993,0.457383335619511
1994,3.35714615556277
1995,3.09931537832122
1996,4.93008329646911
1997,4.61388733488765
1998,4.93809827206175
1999,5.13370414202328
2000,4.69599855030469
2001,2.16620218409341
2002,4.02940558362816
2003,6.15487092726053
2004,4.70278428762019
2005,4.40164552706159
2006,7.85643344994833
2007,3.86852900330321
2008,1.71123176346788
2009,-3.37267312274825
2010,1.89472856721385
2011,0.854392352473667
2012,4.40415864736489
2013,1.47056097942281
2014,2.56165676413403
2015,-0.130958704515152
2016,-3.02526549696475
2017,-0.787701925528211
2018,1.23105640692125
2019,0.919134167721197
2020,-9.11325310356304
2021,6.4790691099326
2022,15.0181571627766
2023,9.00795196227071
2024,13.3443258679345
