Year,Value
1960,..
1961,..
1962,..
1963,..
1964,..
1965,..
1966,..
1967,..
1968,..
1969,..
1970,..
1971,..
1972,..
1973,..
1974,..
1975,..
1976,..
1977,..
1978,..
1979,..
1980,..
1981,..
1982,..
1983,..
1984,..
1985,..
1986,..
1987,..
1988,..
1989,..
1990,76.3655644916722
1991,76.3052305531886
1992,76.1154333574906
1993,76.1723670330802
1994,76.6621857129331
1995,77.0552818849463
1996,76.5335152119713
1997,76.5784979405425
1998,76.4174961575238
1999,76.3016540631689
2000,76.2105863563248
2001,75.9331131042447
2002,75.6439400124434
2003,75.6809322775376
2004,75.7715223629367
2005,75.7513306676338
2006,75.545116278379
2007,75.5861876799201
2008,75.093106841648
2009,74.9114384602614
2010,74.2337884362522
2011,73.742606292845
2012,73.5888141147164
2013,73.6093756710996
2014,73.3517091290161
2015,73.1450122995781
2016,72.3809815694951
2017,72.0237707680897
2018,71.8284070833007
2019,70.6699420485706
2020,67.611220170716
2021,67.6941413881764
2022,67.9657392915259
2023,67.6609099975022
2024,67.3628310139922
