Year,Value
1960,..
1961,..
1962,..
1963,..
1964,..
1965,..
1966,..
1967,..
1968,..
1969,..
1970,..
1971,..
1972,..
1973,..
1974,..
1975,..
1976,..
1977,..
1978,..
1979,..
1980,..
1981,..
1982,..
1983,..
1984,..
1985,..
1986,..
1987,..
1988,..
1989,..
1990,35.8176496031246
1991,34.6912748071509
1992,33.5174401288131
1993,32.0907544409387
1994,32.0566521631786
1995,32.222873387506
1996,32.8062987728335
1997,33.0631188455507
1998,33.1605589881028
1999,33.6952597971554
2000,34.213718631436
2001,34.5516121907942
2002,34.7699084570469
2003,35.1368354828562
2004,35.6339444927072
2005,36.5041579549939
2006,37.4312248024406
2007,38.0432839064082
2008,38.4403338495139
2009,38.7003941205138
2010,38.704824212407
2011,38.9859365808478
2012,39.2688797151172
2013,39.5173788041359
2014,39.6407054879472
2015,39.961841037562
2016,40.0038638010142
2017,40.1059337071131
2018,40.221426052219
2019,40.1680620756744
2020,39.9589128869259
2021,39.8963466254102
2022,38.9453993697864
2023,38.7729511154182
2024,38.6491583866412
