Year,Value
1960,..
1961,..
1962,..
1963,..
1964,..
1965,..
1966,..
1967,..
1968,..
1969,..
1970,..
1971,..
1972,..
1973,..
1974,..
1975,..
1976,..
1977,..
1978,..
1979,..
1980,..
1981,..
1982,..
1983,..
1984,..
1985,..
1986,..
1987,..
1988,..
1989,..
1990,..
1991,..
1992,..
1993,..
1994,..
1995,..
1996,..
1997,..
1998,..
1999,..
2000,28355.8576124309
2001,29731.6233620309
2002,29935.4096203707
2003,29885.3658536585
2004,29841.6992071062
2005,30487.8808351131
2006,31146.2931626534
2007,32230.2326872883
2008,34767.7700850014
2009,34977.0433077033
2010,35526.5435129083
2011,34773.1242251261
2012,35459.5819525538
2013,35301.112974737
2014,35125.2236881771
2015,34657.6452715534
2016,33909.9321074256
2017,33899.4568440768
2018,34223.2326655621
2019,34405.0289769604
2020,29277.4070525629
2021,32184.1969407657
2022,36698.1365780171
2023,37700.5175339746
2024,..
