Year,Value
1960,..
1961,..
1962,..
1963,..
1964,..
1965,..
1966,..
1967,..
1968,..
1969,..
1970,..
1971,..
1972,..
1973,..
1974,..
1975,..
1976,..
1977,..
1978,..
1979,..
1980,..
1981,..
1982,..
1983,..
1984,..
1985,..
1986,..
1987,..
1988,..
1989,..
1990,..
1991,..
1992,..
1993,..
1994,..
1995,..
1996,..
1997,..
1998,..
1999,..
2000,2881155239.82198
2001,2861109495.5201
2002,2872469966.14033
2003,2880748042.0172
2004,2886753280.29916
2005,2906280011.14055
2006,2953824854.02756
2007,3026783241.75244
2008,3093010563.026
2009,3076577142.96825
2010,3079109369.28215
2011,3094765331.25038
2012,3083966122.11675
2013,3064361444.8473
2014,3044829285.48859
2015,3058779217.87709
2016,3026120372.58291
2017,2987500779.24655
2018,2924640436.8364
2019,2830872612.12355
2020,2308903004.87561
2021,2405500855.35508
2022,2596088688.12486
2023,2705176334.79987
2024,..
