Year,Value
1960,..
1961,..
1962,..
1963,..
1964,..
1965,..
1966,..
1967,..
1968,..
1969,..
1970,..
1971,..
1972,..
1973,..
1974,..
1975,..
1976,..
1977,..
1978,..
1979,..
1980,..
1981,..
1982,..
1983,..
1984,..
1985,..
1986,..
1987,..
1988,..
1989,..
1990,..
1991,..
1992,..
1993,..
1994,..
1995,..
1996,..
1997,..
1998,..
1999,..
2000,..
2001,..
2002,..
2003,..
2004,..
2005,..
2006,133.279710310151
2007,137.674343387427
2008,215.230368867678
2009,116.02179272882
2010,598.033933891729
2011,742.553401614666
2012,542.265724954567
2013,432.859399519303
2014,394.898959609935
2015,1509.00209846042
2016,-0.837289988583613
2017,-0.42746274873836
2018,25.794559847092
2019,-11.25046049381
2020,-33.3967983391025
2021,-38.2950616333952
2022,-11.6245506361462
2023,17.7021370045101
2024,..
