Year,Value
1960,..
1961,..
1962,..
1963,..
1964,..
1965,..
1966,..
1967,..
1968,..
1969,..
1970,..
1971,..
1972,..
1973,..
1974,..
1975,..
1976,7059.57177734375
1977,7948.13330078125
1978,8444.4375
1979,9194.69921875
1980,9549.986328125
1981,9616.1103515625
1982,10318.69140625
1983,10565.830078125
1984,11582.7255859375
1985,11954.3720703125
1986,12222.5517578125
1987,13058.498046875
1988,13669.8486328125
1989,14403.3828125
1990,15566.1123046875
1991,15605.328125
1992,16363.94140625
1993,16107.3193359375
1994,16594.958984375
1995,16778.125
1996,16762.578125
1997,16811.34765625
1998,19374.720703125
1999,18519.18359375
2000,18841.8828125
2001,19953.173828125
2002,20536.5703125
2003,21442.8671875
2004,21987.017578125
2005,22478.39453125
2006,22922.9140625
2007,23460.892578125
2008,24770.833984375
2009,24003.861328125
2010,23569.810546875
2011,23865.6875
2012,21995.25390625
2013,20463.5390625
2014,20024.8515625
2015,21490.58203125
2016,22267.04296875
2017,23495.005859375
2018,24456.24609375
2019,25110.55859375
2020,23407.42578125
2021,25397.947265625
2022,27129.49609375
2023,26894.19140625
2024,26991.689453125
