Year,Value
1960,..
1961,..
1962,..
1963,..
1964,..
1965,..
1966,..
1967,..
1968,..
1969,..
1970,..
1971,..
1972,..
1973,..
1974,..
1975,..
1976,..
1977,..
1978,..
1979,..
1980,..
1981,..
1982,..
1983,..
1984,..
1985,..
1986,..
1987,..
1988,..
1989,..
1990,0.573652925352397
1991,0.588876455549118
1992,0.569097819142169
1993,0.550905774948323
1994,0.514337261275887
1995,0.481433892614187
1996,0.475335633987376
1997,0.466400401964654
1998,0.447115387827798
1999,0.412598982407875
2000,0.438442700860783
2001,0.425721269844693
2002,0.404072453818533
2003,0.401184788136898
2004,0.385576618569075
2005,0.355621899740128
2006,0.338036354747195
2007,0.324232348612882
2008,0.301138153207868
2009,0.300245240751752
2010,0.295439748904479
2011,0.283393625782191
2012,0.27570580040968
2013,0.264942198349652
2014,0.253699125699918
2015,0.244084238993046
2016,0.241290949998975
2017,0.230605882217227
2018,0.222153539472794
2019,0.202663736473651
2020,0.195554591594375
2021,0.197453376979448
2022,0.192537877442564
2023,0.175362967585313
2024,..
