Year,Value
1960,..
1961,..
1962,..
1963,..
1964,..
1965,..
1966,..
1967,..
1968,..
1969,..
1970,..
1971,..
1972,..
1973,..
1974,..
1975,..
1976,..
1977,..
1978,..
1979,..
1980,..
1981,..
1982,..
1983,..
1984,..
1985,..
1986,..
1987,..
1988,..
1989,..
1990,..
1991,..
1992,..
1993,..
1994,..
1995,..
1996,..
1997,..
1998,..
1999,..
2000,-7.33455237225499
2001,-17.0359341829468
2002,15.0581633295189
2003,9.88124271086233
2004,4.58457859903548
2005,0.30745997488541
2006,-6.59456040105909
2007,-3.5198084199643
2008,-8.9415272221897
2009,-17.786110625911
2010,-10.290459886122
2011,-16.4435155967444
2012,-25.1110334146011
2013,-23.8585113928799
2014,-16.6765604387942
2015,-18.8718677364003
2016,-21.3948601704427
2017,-18.3802853868561
2018,-15.4647573335247
2019,-14.5287723232396
2020,-3.51067439382471
2021,-3.73272293372107
2022,-3.73272293372107
2023,..
2024,..
