Year,Value
1960,..
1961,..
1962,..
1963,..
1964,..
1965,..
1966,..
1967,..
1968,..
1969,..
1970,..
1971,3.32757182692521
1972,3.84172677373846
1973,3.97638723184362
1974,-0.301610796948026
1975,0.186887903098381
1976,5.07617831301297
1977,3.379629837997
1978,4.32035985877705
1979,2.89446120963275
1980,-0.381163399676112
1981,-1.34580642663521
1982,-0.0273069807526269
1983,2.52785242964335
1984,3.0843169812327
1985,2.67803981244761
1986,5.07394201298467
1987,2.03274454526027
1988,3.72629999756491
1989,2.47185712452635
1990,4.55795187157355
1991,3.05620531759998
1992,2.21545042505691
1993,-1.22419468838208
1994,1.82600237850173
1995,11.3336175932613
1996,0.79263377575576
1997,1.17194889760479
1998,2.22406557267136
1999,2.13358468590042
2000,1.67557956108449
2001,1.33703973137942
2002,-0.360791003611908
2003,-0.178561987139972
2004,2.66793641995211
2005,0.674459762698248
2006,4.25777590425108
2007,2.86432410023139
2008,-0.0335064747308849
2009,-2.90527739911768
2010,3.40319851273165
2011,5.32779446174725
2012,0.113296321588763
2013,0.264532184365777
2014,1.86341136684804
2015,1.55731227204097
2016,2.88047699825167
2017,1.68153798701853
2018,1.83420722749332
2019,0.733751090737115
2020,-4.70621395259452
2021,3.56182659293023
2022,-0.458617472807148
2023,0.91475060158217
2024,0.726066473712876
