Year,Value
1960,..
1961,..
1962,..
1963,..
1964,..
1965,..
1966,..
1967,..
1968,..
1969,..
1970,..
1971,..
1972,..
1973,..
1974,..
1975,..
1976,..
1977,..
1978,..
1979,..
1980,..
1981,..
1982,..
1983,..
1984,..
1985,..
1986,..
1987,..
1988,..
1989,..
1990,..
1991,..
1992,..
1993,..
1994,..
1995,..
1996,..
1997,..
1998,..
1999,..
2000,..
2001,..
2002,..
2003,..
2004,..
2005,..
2006,..
2007,..
2008,..
2009,..
2010,..
2011,..
2012,..
2013,0.420561397652659
2014,0.392119091248272
2015,0.333980672951914
2016,0.284472050696209
2017,0.242365085817028
2018,0.250313195510166
2019,0.233596496815723
2020,0.239728373806142
2021,0.247732887362208
2022,0.222399729219009
2023,0.207323669176525
2024,..
