Year,Value
1960,..
1961,..
1962,..
1963,..
1964,..
1965,..
1966,..
1967,..
1968,..
1969,..
1970,..
1971,..
1972,..
1973,..
1974,..
1975,..
1976,..
1977,..
1978,..
1979,..
1980,..
1981,..
1982,..
1983,..
1984,..
1985,..
1986,..
1987,..
1988,..
1989,..
1990,..
1991,20.3294167016366
1992,9.46667683973601
1993,13.8961583946896
1994,21.4881928813947
1995,15.5686109945447
1996,41.1793766451761
1997,22.5504520657689
1998,14.9412505245489
1999,9.26277038110861
2000,1.39205737611108
2001,4.4409262579636
2002,3.52744821271889
2003,13.8826154961279
2004,3.26746270934268
2005,-3.34910159081372
2006,11.818372563232
2007,2.78029985121886
2008,-3.41815129897379
2009,-7.59718460305955
2010,-7.3806889711212
2011,-17.0497463090833
2012,-26.3874794949071
2013,-23.055163468508
2014,-30.9420898027696
2015,-35.0062945866555
2016,-31.8918094075459
2017,-35.9623087780872
2018,-35.8058978369511
2019,-42.39079845878
2020,-46.9791706405219
2021,-43.928775798268
2022,-46.3214817075497
2023,-48.9320184641209
2024,..
