Year,Value
1960,..
1961,..
1962,..
1963,..
1964,..
1965,..
1966,..
1967,..
1968,..
1969,..
1970,..
1971,..
1972,..
1973,..
1974,..
1975,..
1976,..
1977,..
1978,..
1979,..
1980,..
1981,..
1982,..
1983,..
1984,..
1985,..
1986,..
1987,..
1988,..
1989,..
1990,44.2649352625639
1991,44.3103054307259
1992,45.5176623178454
1993,46.3170495644644
1994,46.5703648927761
1995,47.2075384968973
1996,47.8969243557772
1997,48.9613901098197
1998,49.8151001540832
1999,50.5950466387906
2000,51.2017836660523
2001,50.147056901217
2002,53.106183187883
2003,52.6694983601269
2004,52.3174738866775
2005,53.9356150457472
2006,54.621893960797
2007,54.0785498489426
2008,56.8339852238157
2009,53.842856945347
2010,57.8352046410281
2011,59.8396491468512
2012,61.109008327025
2013,61.1105840256977
2014,61.2824357363807
2015,63.2006509442629
2016,63.882600787721
2017,64.4295743170405
2018,64.7944128751272
2019,67.2180431890287
2020,64.3572689018596
2021,67.5088916213822
2022,66.1200110029734
2023,68.664058718093
2024,69.1563492789813
