Year,Value
1960,..
1961,..
1962,..
1963,..
1964,..
1965,..
1966,..
1967,..
1968,..
1969,..
1970,..
1971,..
1972,..
1973,..
1974,..
1975,..
1976,..
1977,..
1978,..
1979,..
1980,..
1981,..
1982,..
1983,..
1984,..
1985,..
1986,..
1987,..
1988,..
1989,..
1990,30.8645876435295
1991,30.9014338082491
1992,31.4930558999482
1993,31.8851085640461
1994,32.0179458084287
1995,32.3298857846376
1996,32.6627219745047
1997,33.1631052711935
1998,33.5631530360906
1999,33.9272088722368
2000,34.212527001563
2001,33.7636756031949
2002,35.0748984071208
2003,34.9026797346968
2004,34.763367152042
2005,35.4674715475469
2006,35.7636271387033
2007,35.5385995871037
2008,36.6904875480871
2009,35.453677276232
2010,37.1219026743499
2011,37.9393419030758
2012,38.4557889318776
2013,38.4761714245814
2014,38.5591379461748
2015,39.3031238118353
2016,39.571326939022
2017,39.7867698572831
2018,39.9311782558135
2019,40.8240224418947
2020,39.7981899480773
2021,40.977308174364
2022,40.4954283080281
2023,41.4195355812785
2024,41.5980149690134
