Year,Value
1960,..
1961,3.47172028312757
1962,2.35127905149631
1963,0.549331893043714
1964,1.69518281504695
1965,1.50133145684521
1966,1.81781454211509
1967,1.31204101872765
1968,3.14205629857732
1969,1.92108454415403
1970,4.94044573035421
1971,17.1519638475775
1972,-4.60646101678381
1973,9.62761164531187
1974,48.8965904234801
1975,5.91402210988103
1976,10.8405927239728
1977,11.9270994216284
1978,10.0851210706538
1979,13.9878379189279
1980,25.8620387631097
1981,14.3539994913129
1982,1.93979420753327
1983,6.80479588677552
1984,8.43350556203121
1985,4.972526402282
1986,2.40534325293109
1987,8.84202042232948
1988,9.06096347700196
1989,16.0113735157292
1990,30.2595985375162
1991,53.7886041752807
1992,21.9261145249715
1993,13.624424658719
1994,29.07764732386
1995,28.577037530273
1996,24.0219040648286
1997,7.001963050334
1998,-3.13108869936045
1999,10.8563363109276
2000,22.6780091895684
2001,8.01436296081451
2002,1.37285594197843
2003,8.94246223902604
2004,11.4465037896783
2005,12.3615933412553
2006,10.7811837501722
2007,7.09551578619987
2008,15.1178821656575
2009,-7.37374817554633
2010,15.5569181218379
2011,16.9087083630482
2012,8.00244653777544
2013,0.892752993063837
2014,1.45036466218247
2015,-4.98674479608955
2016,0.856688224051865
2017,4.93800729574315
2018,6.16467836389162
2019,0.882992828847023
2020,-4.7113839171413
2021,15.9325995902386
2022,22.9512626050573
2023,0.854841037314543
2024,1.70011466193156
