Year,Value
1960,..
1961,..
1962,..
1963,..
1964,..
1965,..
1966,..
1967,..
1968,..
1969,..
1970,..
1971,42.6169766519089
1972,41.3069510741874
1973,51.0238497942099
1974,73.5215591223409
1975,40.9191662955033
1976,40.9236597142092
1977,24.4428817837751
1978,20.5270168752393
1979,29.8140610638383
1980,36.4803373988845
1981,32.1964410440761
1982,28.1912281137349
1983,24.5012077028655
1984,20.0458068226959
1985,25.4345254949771
1986,16.9649499687815
1987,17.764037644568
1988,12.2236780193815
1989,11.3243016459139
1990,9.60248235994714
1991,12.144518514118
1992,12.1293083434192
1993,13.913282330517
1994,15.917948716275
1995,12.6004885673955
1996,18.710880857761
1997,31.2876205324216
1998,27.5435410166949
1999,21.7918828517747
2000,53.2413517287196
2001,86.2715871497133
2002,109.171774924631
2003,149.158685854458
2004,203.837231380309
2005,346.370715598363
2006,1380.89177490056
2007,1875.44994945594
2008,2373.16895290142
2009,2092.06615919878
2010,2350.22528729144
2011,3161.17838398157
2012,3636.6575249925
2013,3840.1011615434
2014,3375.1895085584
2015,3223.77349659788
2016,2211.0204857404
2017,1837.3205249796
2018,1530.21695924047
2019,1307.19219171445
2020,1147.85223340217
2021,761.792758440659
2022,1007.85097951885
2023,1110.23630387233
2024,..
