Year,Value
1960,..
1961,..
1962,..
1963,..
1964,..
1965,..
1966,..
1967,..
1968,..
1969,..
1970,..
1971,..
1972,..
1973,..
1974,..
1975,..
1976,..
1977,..
1978,..
1979,..
1980,..
1981,..
1982,..
1983,..
1984,..
1985,..
1986,..
1987,..
1988,..
1989,..
1990,..
1991,..
1992,..
1993,..
1994,..
1995,..
1996,..
1997,..
1998,..
1999,..
2000,0.15430972672392
2001,0.156374472087253
2002,0.154670481000612
2003,0.181785528878358
2004,0.176075333776865
2005,0.293387790121647
2006,0.20704425711341
2007,0.311750970648243
2008,0.194441288157449
2009,0.349536914347981
2010,0.187555749012414
2011,0.139231362558066
2012,0.253504013356927
2013,0.155797424481198
2014,0.30150433397722
2015,0.224866591996127
2016,0.154399303306311
2017,0.211611297239464
2018,0.197213582201352
2019,0.331994429887906
2020,0.288776994588713
2021,4.19501582365434
2022,2.53990931702823
2023,..
2024,..
