Year,Value
1960,..
1961,..
1962,..
1963,..
1964,..
1965,..
1966,..
1967,..
1968,..
1969,..
1970,..
1971,..
1972,..
1973,..
1974,..
1975,..
1976,..
1977,..
1978,..
1979,..
1980,..
1981,..
1982,..
1983,..
1984,..
1985,..
1986,..
1987,..
1988,..
1989,..
1990,12.2086680285428
1991,12.1405015898037
1992,12.1682565058175
1993,12.1392621889156
1994,12.1613094416439
1995,12.329257625131
1996,12.5231720027994
1997,12.6737041539836
1998,12.8428094735902
1999,13.0108043326076
2000,13.2003753955994
2001,13.4124046610693
2002,13.657902830125
2003,13.9341174453648
2004,14.2268553836777
2005,14.5525332761811
2006,14.8940505219184
2007,15.2650145371148
2008,15.6546336501925
2009,16.0667771075902
2010,16.144970816751
2011,16.4348045898723
2012,16.7506235283397
2013,17.0939234373742
2014,17.4657441262716
2015,17.545082639305
2016,17.3211421190996
2017,17.1857214877658
2018,17.061013766909
2019,16.9518285165323
2020,16.9151161247313
2021,17.0055822455524
2022,16.6717663791013
2023,16.8300563797742
2024,16.8213936235278
