Year,Value
1960,..
1961,..
1962,..
1963,..
1964,..
1965,..
1966,..
1967,..
1968,..
1969,..
1970,..
1971,..
1972,..
1973,..
1974,..
1975,..
1976,..
1977,..
1978,..
1979,..
1980,..
1981,..
1982,0.0896017401242988
1983,0.0817588797761442
1984,0.0883437737163235
1985,0.184988801250267
1986,0.13891807476378
1987,0.225824454112955
1988,0.209881723435446
1989,0.193115753834361
1990,0.153297115272656
1991,0.176475544558797
1992,0.634179247353757
1993,0.730723511760048
1994,0.538423705925913
1995,0.484083121485697
1996,0.507689842932134
1997,0.474352294784967
1998,0.398893657078632
1999,0.414955969485695
2000,0.388335052873553
2001,0.653087666824938
2002,0.474448972130998
2003,0.564556898818456
2004,0.519744832875016
2005,0.677282577447029
2006,0.974799993204528
2007,0.857915784039395
2008,1.37415350611668
2009,0.942034168953732
2010,1.1247547616272
2011,0.891288016708694
2012,1.00812536397719
2013,0.963307052106353
2014,1.26549828526607
2015,1.52731750568212
2016,1.68665525006567
2017,1.09409848387138
2018,1.05736742276801
2019,0.944015115546625
2020,1.05031105792381
2021,1.03856443496474
2022,1.14353510596511
2023,1.19317927668359
2024,0.933365683874136
