Year,Value
1960,..
1961,..
1962,..
1963,..
1964,..
1965,..
1966,..
1967,..
1968,..
1969,..
1970,..
1971,..
1972,..
1973,..
1974,..
1975,..
1976,..
1977,..
1978,..
1979,0.293981559841048
1980,0.378125933826759
1981,0.578611520638431
1982,0.583815458937954
1983,0.657641500024895
1984,0.608485303590636
1985,0.56200578198405
1986,0.595637296965215
1987,0.758733629963805
1988,1.17512497764966
1989,1.35417807171779
1990,1.56871139545969
1991,1.82451258684651
1992,2.62931823008384
1993,4.35586769929357
1994,4.23907099893304
1995,3.83105198488885
1996,3.85112875603184
1997,4.02435082543024
1998,4.13515835471409
1999,3.34511589815636
2000,2.75362134110681
2001,2.8131806551579
2002,3.07480880362085
2003,2.93017716372221
2004,3.0726234768194
2005,4.12244477091739
2006,4.04278569879902
2007,4.04810363960372
2008,3.49530221871429
2009,2.37285319282052
2010,3.73126352041528
2011,3.4532954069044
2012,2.79558314861967
2013,3.00560678051018
2014,2.53711565301059
2015,2.26099397147477
2016,1.59200770198941
2017,1.58767789356799
2018,1.84236456727613
2019,1.49203676808738
2020,1.70187555015943
2021,2.0630157301174
2022,1.29234634239666
2023,0.576359774745764
2024,0.463244374959014
