Year,Value
1960,..
1961,..
1962,157.001234186876
1963,164.046294890565
1964,177.555759165392
1965,192.110125749353
1966,197.118359739647
1967,201.320904554674
1968,208.859069275109
1969,223.950241153655
1970,237.775681593579
1971,251.981339808307
1972,271.604723857953
1973,322.919107366439
1974,414.60486290999
1975,499.090251912247
1976,544.751518666605
1977,557.703543769241
1978,604.160842691376
1979,703.100718179655
1980,829.99215717929
1981,924.855698393702
1982,902.514902884535
1983,842.115275838721
1984,815.402709956939
1985,809.831186225239
1986,824.230593289623
1987,860.113882160072
1988,891.802913557823
1989,861.269363483038
1990,897.986040018968
1991,937.723138008447
1992,1023.88612952327
1993,1060.80623604561
1994,1106.92110871168
1995,1131.02580069729
1996,1179.51774302441
1997,1213.55056151172
1998,1179.95897327782
1999,1191.55182211605
2000,1254.73107429699
2001,1273.07817741544
2002,1244.25120381111
2003,1318.91101840277
2004,1494.52777604274
2005,1708.05078997326
2006,1912.68775581153
2007,2157.87657082134
2008,2411.78605812962
2009,2492.17898938692
2010,2717.44052439296
2011,2966.07763972521
2012,3271.53886436371
2013,3398.56866547248
2014,3432.00913896726
2015,3313.82305891074
2016,3276.16355404318
2017,3336.35166589102
2018,3518.25561269765
2019,3589.10528609773
2020,3315.11093170974
2021,3648.23733464573
2022,4012.912644513
2023,4259.1703873014
2024,4372.52381292384
