Year,Value
1960,..
1961,..
1962,..
1963,..
1964,..
1965,..
1966,..
1967,..
1968,..
1969,..
1970,..
1971,..
1972,..
1973,..
1974,..
1975,..
1976,..
1977,..
1978,..
1979,..
1980,..
1981,..
1982,..
1983,..
1984,..
1985,..
1986,..
1987,..
1988,..
1989,..
1990,81.8203620967412
1991,81.7254606055108
1992,81.6760796068147
1993,81.5384402083613
1994,81.5955509165015
1995,81.54471424134
1996,81.5466304595807
1997,81.5621046283543
1998,81.4890938251312
1999,81.4929309445012
2000,81.3618601148607
2001,81.0315938883459
2002,80.6226856031269
2003,80.3458716917343
2004,80.2384424149427
2005,79.8531137840356
2006,79.4771094944083
2007,79.082638242439
2008,78.6346774649422
2009,78.1874839263396
2010,77.9087690259449
2011,77.731430016121
2012,77.5556372140525
2013,77.3807288540727
2014,77.0961648838676
2015,76.8354874345426
2016,76.5714067362114
2017,76.327461938086
2018,76.1520702647828
2019,75.894687543581
2020,74.3559161695314
2021,74.7704614937694
2022,75.405216260014
2023,75.5591271586368
2024,75.6236911053
