Year,Value
1960,..
1961,..
1962,..
1963,..
1964,..
1965,..
1966,..
1967,..
1968,..
1969,..
1970,..
1971,..
1972,..
1973,..
1974,..
1975,..
1976,..
1977,..
1978,..
1979,..
1980,..
1981,..
1982,..
1983,..
1984,..
1985,..
1986,..
1987,..
1988,..
1989,..
1990,..
1991,..
1992,..
1993,..
1994,..
1995,..
1996,..
1997,..
1998,..
1999,..
2000,..
2001,..
2002,..
2003,..
2004,..
2005,58.0196689821664
2006,..
2007,..
2008,..
2009,..
2010,53.7740008558213
2011,..
2012,54.0532176829267
2013,..
2014,..
2015,..
2016,..
2017,..
2018,50.8964825591682
2019,52.4211133864107
2020,51.2183167155457
2021,52.359803755998
2022,53.8400496497598
2023,55.1638118993146
2024,..
