Year,Value
1960,..
1961,..
1962,..
1963,..
1964,..
1965,..
1966,..
1967,..
1968,..
1969,..
1970,..
1971,..
1972,..
1973,..
1974,..
1975,..
1976,..
1977,..
1978,..
1979,..
1980,..
1981,..
1982,..
1983,..
1984,..
1985,..
1986,..
1987,..
1988,..
1989,..
1990,..
1991,..
1992,..
1993,..
1994,..
1995,..
1996,..
1997,..
1998,..
1999,..
2000,67.0862100121304
2001,-481.797508160814
2002,-237.028091003707
2003,-441.977915002658
2004,-62.6574098626865
2005,10.9338112848699
2006,798.85961364054
2007,-15.6039959758721
2008,-125.782324569328
2009,200.35212741564
2010,-259.392240196267
2011,-12.4772163810498
2012,270.731066328615
2013,133.791427660008
2014,533.552140179636
2015,1119.67995252423
2016,49.12631489091
2017,-5.36605247144308
2018,149.19140633628
2019,294.207885725926
2020,354.425759013979
2021,363.210248761308
2022,363.210248761308
2023,..
2024,..
