Year,Value
1960,..
1961,..
1962,..
1963,..
1964,..
1965,..
1966,..
1967,..
1968,..
1969,..
1970,..
1971,..
1972,..
1973,..
1974,..
1975,..
1976,..
1977,..
1978,..
1979,..
1980,..
1981,..
1982,..
1983,..
1984,..
1985,..
1986,..
1987,..
1988,..
1989,..
1990,..
1991,..
1992,..
1993,..
1994,..
1995,..
1996,..
1997,..
1998,..
1999,..
2000,-1596.14624621995
2001,-1539.39268405148
2002,-1545.06679811916
2003,-1550.89381016631
2004,-1531.53672314439
2005,-1476.60925725241
2006,-1451.17986751496
2007,-1454.25150236095
2008,-1467.71144872379
2009,-1478.98666005525
2010,-1479.40999552847
2011,-1463.51202808041
2012,-1419.53351512146
2013,-1461.20301286567
2014,-1422.53782135779
2015,-1425.69314009892
2016,-1482.83376720371
2017,-1433.19390203806
2018,-1481.46908220501
2019,-1503.95613336029
2020,-1503.09206034618
2021,-1489.38665917017
2022,-1489.38665917017
2023,..
2024,..
