Year,Value
1960,..
1961,..
1962,..
1963,..
1964,..
1965,..
1966,..
1967,..
1968,..
1969,..
1970,0.944376735162925
1971,0.932361886240691
1972,0.97881465826611
1973,1.04526597054446
1974,1.06350431052837
1975,1.07012026640507
1976,1.13605127053445
1977,1.16391013956223
1978,1.16156693177995
1979,1.19122686644236
1980,1.21832971475373
1981,1.22370781437841
1982,1.25449522429639
1983,1.25182649114905
1984,1.2469478371788
1985,1.25772695128618
1986,1.26779923930855
1987,1.3133144147355
1988,1.31794267619991
1989,1.33637505075471
1990,1.38338960116189
1991,1.40286225719316
1992,1.41080404601763
1993,1.42677288813669
1994,1.47835540487418
1995,1.51076991848577
1996,1.55345820010142
1997,1.5885730185063
1998,1.60818388975022
1999,1.62482369433182
2000,1.65239082572299
2001,1.65109711068216
2002,1.67300043333451
2003,1.7136771440152
2004,1.77864729731647
2005,1.82489066860657
2006,1.89136885136398
2007,1.96897702163134
2008,2.00692607454905
2009,2.0273941558375
2010,2.09453651231462
2011,2.13736333982496
2012,2.21618072843656
2013,2.20320635919252
2014,2.27113950423154
2015,2.26229306924747
2016,2.27218667734432
2017,2.3350539601054
2018,2.35376403110086
2019,2.33494234831358
2020,2.16045469902446
2021,2.28574805484061
2022,2.33747513954449
2023,2.39260506777971
2024,..
