Year,Value
1960,..
1961,..
1962,..
1963,..
1964,..
1965,..
1966,..
1967,..
1968,..
1969,..
1970,..
1971,..
1972,..
1973,..
1974,..
1975,..
1976,..
1977,..
1978,..
1979,..
1980,..
1981,..
1982,..
1983,..
1984,..
1985,..
1986,..
1987,..
1988,..
1989,..
1990,2.73762982731309
1991,2.60020853621195
1992,2.60027429990932
1993,2.85114505846167
1994,3.14106440962603
1995,3.08984802287112
1996,3.26166770279417
1997,3.35178436564656
1998,3.70139177743061
1999,3.77936611655344
2000,4.13866868053713
2001,3.90881820440981
2002,4.3122214538455
2003,4.38371252262684
2004,4.36355116534284
2005,4.4584347728301
2006,4.34061163590436
2007,4.15970956590431
2008,4.3175627471987
2009,4.29517855630853
2010,4.02063696672027
2011,3.91469773376105
2012,3.83286521050206
2013,3.76387879061245
2014,3.76138924534932
2015,..
2016,..
2017,3.52221244320856
2018,4.18479103182222
2019,4.20691949617531
2020,4.69728842534161
2021,4.43469657074071
2022,..
2023,..
2024,..
