Year,Value
1960,..
1961,..
1962,..
1963,..
1964,..
1965,..
1966,..
1967,..
1968,..
1969,..
1970,..
1971,..
1972,..
1973,..
1974,..
1975,..
1976,..
1977,..
1978,..
1979,..
1980,..
1981,..
1982,..
1983,..
1984,..
1985,..
1986,..
1987,..
1988,..
1989,..
1990,..
1991,..
1992,..
1993,..
1994,..
1995,..
1996,..
1997,..
1998,..
1999,..
2000,..
2001,..
2002,..
2003,..
2004,..
2005,..
2006,..
2007,..
2008,34.3937810311232
2009,41.9936027071082
2010,35.5518633530173
2011,34.4483319489156
2012,33.0463254381031
2013,29.4017173529386
2014,31.6887321284498
2015,32.1522731901097
2016,32.9807911136506
2017,32.2473254528987
2018,31.5315339488836
2019,33.6367282441718
2020,40.6611017040864
2021,38.9283126125292
2022,33.3213696265984
2023,31.5312190918236
2024,..
