Year,Value
1960,..
1961,..
1962,..
1963,..
1964,..
1965,..
1966,..
1967,..
1968,..
1969,..
1970,..
1971,..
1972,..
1973,..
1974,..
1975,..
1976,..
1977,..
1978,..
1979,..
1980,..
1981,..
1982,..
1983,..
1984,..
1985,..
1986,..
1987,..
1988,..
1989,..
1990,..
1991,..
1992,..
1993,..
1994,..
1995,..
1996,..
1997,..
1998,..
1999,..
2000,..
2001,..
2002,..
2003,..
2004,..
2005,..
2006,..
2007,..
2008,..
2009,..
2010,..
2011,9.93832373856102
2012,9.7518360301995
2013,9.92575685541511
2014,10.660857438624
2015,10.1745222940427
2016,10.3568650695671
2017,9.46362798303483
2018,9.08408780817181
2019,9.18836335968213
2020,8.78640393072376
2021,8.65314817204718
2022,..
2023,..
2024,..
