Year,Value
1960,..
1961,..
1962,..
1963,..
1964,..
1965,..
1966,..
1967,..
1968,..
1969,..
1970,..
1971,..
1972,..
1973,..
1974,..
1975,..
1976,..
1977,..
1978,..
1979,..
1980,..
1981,..
1982,..
1983,..
1984,..
1985,..
1986,..
1987,..
1988,..
1989,..
1990,..
1991,..
1992,..
1993,..
1994,..
1995,..
1996,..
1997,..
1998,..
1999,..
2000,..
2001,..
2002,45.3314768523483
2003,44.1279702709219
2004,43.7900816402714
2005,40.8400717936561
2006,41.4630948760391
2007,41.8767334522857
2008,44.7030421582184
2009,45.9769293436813
2010,..
2011,46.8459848359774
2012,46.78491995296
2013,..
2014,46.7356902654849
2015,49.242474208617
2016,48.040757363065
2017,48.9779834798721
2018,46.2891164799044
2019,47.4198022286464
2020,43.8062359534712
2021,43.1576681628411
2022,..
2023,..
2024,..
