Year,Value
1960,..
1961,..
1962,..
1963,..
1964,..
1965,..
1966,..
1967,..
1968,..
1969,..
1970,..
1971,..
1972,..
1973,..
1974,..
1975,..
1976,..
1977,..
1978,..
1979,..
1980,..
1981,..
1982,..
1983,..
1984,..
1985,..
1986,..
1987,..
1988,..
1989,..
1990,..
1991,..
1992,..
1993,..
1994,..
1995,..
1996,..
1997,..
1998,57.7814104455263
1999,56.5982183552473
2000,..
2001,..
2002,55.8314847473792
2003,54.5875566278423
2004,54.228771625148
2005,53.0146648166912
2006,52.9802919146389
2007,56.9069400228155
2008,57.5987922668222
2009,58.1123381541843
2010,58.8027651351617
2011,59.2951047129868
2012,59.2025616988872
2013,59.5890862778427
2014,59.1983118914092
2015,60.5912437437028
2016,59.707870814055
2017,60.5715775632546
2018,61.0046673056941
2019,59.6379434412662
2020,55.6570467962297
2021,55.130890606455
2022,..
2023,..
2024,..
