Year,Value
1960,..
1961,..
1962,..
1963,..
1964,..
1965,..
1966,..
1967,..
1968,..
1969,..
1970,..
1971,..
1972,..
1973,..
1974,..
1975,23.7186728000444
1976,24.0965424847456
1977,24.2803232932461
1978,24.5807247497387
1979,24.4427788185822
1980,23.3058501818884
1981,22.0852821854488
1982,21.6653483763309
1983,21.791872003278
1984,22.5218257510445
1985,22.8189728910221
1986,23.3098244090818
1987,22.3044102851115
1988,23.3072564739578
1989,23.3910225184602
1990,22.9278388401734
1991,21.9975357521606
1992,21.0660738026249
1993,20.6726985557798
1994,22.0559309189473
1995,22.457326497405
1996,22.31132692232
1997,22.2867751430286
1998,22.5640730966486
1999,22.7895118622126
2000,23.7950753685455
2001,23.4487291217807
2002,22.7891174601841
2003,22.4362810883523
2004,23.1829454406383
2005,23.6120614988866
2006,24.3398125277829
2007,24.5229714938301
2008,23.4343853131471
2009,20.8600745404707
2010,22.0635597124424
2011,22.9222925410947
2012,22.3802515794886
2013,22.1742155392933
2014,22.6476241673821
2015,23.091054480213
2016,23.0888524503776
2017,23.7223183064702
2018,24.4107247862642
2019,24.4765879951625
2020,23.589441247211
2021,25.8761926781097
2022,25.4018151302721
2023,24.7374035625831
2024,24.313871486239
