Year,Value
1960,..
1961,..
1962,..
1963,..
1964,..
1965,..
1966,..
1967,..
1968,..
1969,..
1970,..
1971,..
1972,..
1973,..
1974,..
1975,..
1976,..
1977,..
1978,..
1979,..
1980,..
1981,..
1982,..
1983,..
1984,..
1985,..
1986,..
1987,..
1988,..
1989,..
1990,..
1991,..
1992,..
1993,..
1994,..
1995,..
1996,..
1997,..
1998,..
1999,..
2000,..
2001,..
2002,..
2003,..
2004,..
2005,77.7204933356183
2006,..
2007,77.6682518628851
2008,76.8687153340393
2009,76.7758954842453
2010,73.6559704740884
2011,73.7680610284418
2012,73.7123871498314
2013,73.7535757597591
2014,73.7661112811291
2015,73.7938978173228
2016,73.9330181320391
2017,72.9206298208748
2018,72.9008280522717
2019,72.8998449977424
2020,71.7742265353034
2021,72.6955433903959
2022,76.7132156732382
2023,76.8607356605983
2024,..
