Year,Value
1960,..
1961,..
1962,..
1963,..
1964,..
1965,..
1966,..
1967,..
1968,..
1969,..
1970,..
1971,..
1972,..
1973,..
1974,..
1975,..
1976,..
1977,..
1978,..
1979,..
1980,..
1981,..
1982,..
1983,..
1984,..
1985,..
1986,..
1987,..
1988,..
1989,..
1990,28303.1107185461
1991,27818.6293853282
1992,26890.139512834
1993,26233.7464842901
1994,25898.8062118632
1995,26213.5332379708
1996,26510.943296134
1997,27220.3814068791
1998,27718.6122698871
1999,28496.8101140961
2000,29840.3599948851
2001,30566.2808943025
2002,31151.1288416067
2003,31866.8308103529
2004,33038.3334055415
2005,34031.4651646272
2006,35511.2217569364
2007,36980.341028815
2008,37451.1377069118
2009,35503.6952114708
2010,36392.7153306428
2011,37343.2091059984
2012,37463.9191888153
2013,37729.739345555
2014,38210.5687922943
2015,38660.0511646252
2016,39174.885724586
2017,40198.4881167771
2018,41007.3717259933
2019,41700.0302289579
2020,39619.5422546046
2021,42234.9333076899
2022,43268.7448494205
2023,43956.4691954091
2024,44689.505726829
