Year,Value
1960,..
1961,..
1962,..
1963,..
1964,..
1965,..
1966,..
1967,..
1968,..
1969,..
1970,29.5855946738496
1971,28.6247424348807
1972,28.0785422586165
1973,29.1719409941666
1974,29.3925531538377
1975,25.9164939530368
1976,27.0134324055803
1977,26.1811219504545
1978,25.2509167827568
1979,26.0359129273321
1980,26.3056695084148
1981,23.8984924127373
1982,23.5780392708201
1983,23.089553243969
1984,23.2202070220771
1985,23.1208215006799
1986,23.2638111896394
1987,23.5484378645842
1988,24.7638319138832
1989,25.835591747235
1990,25.3780365077578
1991,24.7436572216119
1992,23.7067473222826
1993,21.8185462535986
1994,22.0484069878553
1995,22.2116225687189
1996,21.6442502913365
1997,21.4588055757848
1998,21.9712329176815
1999,21.9581797087084
2000,22.5139323251443
2001,22.0848754351866
2002,21.2910689630905
2003,21.2266660026209
2004,21.4889632551235
2005,21.8325950508776
2006,22.8602200897744
2007,23.7500529970222
2008,23.5287993158308
2009,20.1425730647728
2010,21.0189253147277
2011,21.8455365632073
2012,20.8519831486616
2013,20.5619966778466
2014,20.800359307955
2015,20.9897766246721
2016,21.1969295178468
2017,21.7967102930731
2018,21.9712860119172
2019,22.4043391946364
2020,22.4061001961332
2021,22.840551589505
2022,23.6072031198473
2023,22.6730682238376
2024,21.8130761619999
