Year,Value
1960,..
1961,..
1962,..
1963,..
1964,..
1965,..
1966,..
1967,..
1968,..
1969,..
1970,..
1971,..
1972,..
1973,..
1974,..
1975,..
1976,..
1977,..
1978,..
1979,..
1980,..
1981,..
1982,..
1983,..
1984,..
1985,..
1986,..
1987,..
1988,..
1989,..
1990,..
1991,..
1992,..
1993,..
1994,..
1995,..
1996,..
1997,..
1998,12.8747158871556
1999,..
2000,..
2001,..
2002,10.5045771318187
2003,10.1187182356595
2004,10.8902413770477
2005,10.7814221484177
2006,9.57914694683165
2007,8.80298342493627
2008,8.63391965097069
2009,11.247497949724
2010,11.0750182087761
2011,11.30736580925
2012,12.6848218985535
2013,13.1476634249541
2014,12.9082691908332
2015,11.7854404534509
2016,11.0091008295789
2017,10.511283943951
2018,9.27001596307404
2019,9.4158432411847
2020,9.5323596187653
2021,9.06740018449588
2022,8.04685152143486
2023,7.69112736395598
2024,..
