Year,Value
1960,..
1961,..
1962,..
1963,..
1964,..
1965,..
1966,..
1967,..
1968,..
1969,..
1970,..
1971,..
1972,..
1973,..
1974,..
1975,..
1976,..
1977,..
1978,..
1979,..
1980,..
1981,..
1982,..
1983,..
1984,..
1985,..
1986,..
1987,..
1988,..
1989,..
1990,..
1991,..
1992,..
1993,..
1994,..
1995,..
1996,..
1997,..
1998,..
1999,..
2000,..
2001,..
2002,..
2003,61.194735211932
2004,..
2005,61.3849029306051
2006,61.6508678111567
2007,61.1329484922868
2008,61.0416365646583
2009,60.6622954986821
2010,63.0794662663162
2011,62.6765042645383
2012,62.394483340932
2013,61.8790382386028
2014,60.8579645401451
2015,60.3999263023009
2016,60.306496496935
2017,58.738175470348
2018,59.1547728147216
2019,58.573002009799
2020,56.7192355977784
2021,57.3273809315947
2022,56.276541840828
2023,56.1729965785284
2024,..
