Year,Value
1960,..
1961,..
1962,..
1963,..
1964,..
1965,..
1966,..
1967,..
1968,..
1969,..
1970,..
1971,..
1972,..
1973,..
1974,..
1975,..
1976,..
1977,..
1978,..
1979,..
1980,..
1981,..
1982,..
1983,..
1984,..
1985,..
1986,..
1987,..
1988,..
1989,..
1990,..
1991,..
1992,7.13691770867168
1993,8.32029342659211
1994,9.12993479270217
1995,8.75101390204385
1996,9.13640519615615
1997,9.42530989747217
1998,9.54133837985945
1999,9.46290067773533
2000,8.47051291324976
2001,8.20355422150691
2002,8.42137217098497
2003,8.60545370486556
2004,8.63596235466358
2005,8.29601757354899
2006,7.87812288790463
2007,7.03740289642734
2008,7.03908144033203
2009,9.33670579525255
2010,9.31367006937779
2011,8.87378378632518
2012,9.10958047552341
2013,9.27771194488811
2014,9.04468816607526
2015,8.60360046246254
2016,8.15364561471763
2017,7.43384412064125
2018,6.86570496515727
2019,6.62140084695436
2020,6.9767903491367
2021,6.763740480673
2022,5.60361007888224
2023,5.34553764310205
2024,..
