Year,Value
1960,..
1961,..
1962,..
1963,..
1964,..
1965,..
1966,..
1967,..
1968,..
1969,..
1970,..
1971,..
1972,..
1973,..
1974,..
1975,..
1976,..
1977,..
1978,..
1979,..
1980,..
1981,..
1982,..
1983,..
1984,..
1985,..
1986,..
1987,..
1988,..
1989,49.7434857823062
1990,..
1991,..
1992,47.2772509437241
1993,44.3207869831135
1994,43.6472832407877
1995,43.0280638755509
1996,41.5179538041543
1997,39.8804969317533
1998,40.4420548735599
1999,40.6739217289383
2000,39.6847520122691
2001,38.6023155087791
2002,38.8573053910764
2003,37.8788054846523
2004,37.8096525934111
2005,37.0670647286423
2006,37.2236662114139
2007,37.0301468093306
2008,37.7419583674787
2009,37.5560951592558
2010,37.0981585134788
2011,36.938136827967
2012,36.2215077553846
2013,36.5247483373349
2014,35.9617443595417
2015,36.135543117338
2016,35.951825501974
2017,36.1742964922285
2018,35.8775481744202
2019,36.0157681654555
2020,33.5695553741003
2021,35.2276361848075
2022,36.1836055963015
2023,36.7302974329622
2024,..
