Year,Value
1960,..
1961,..
1962,..
1963,..
1964,..
1965,..
1966,..
1967,..
1968,..
1969,..
1970,..
1971,..
1972,..
1973,..
1974,..
1975,..
1976,..
1977,..
1978,..
1979,..
1980,..
1981,..
1982,..
1983,..
1984,..
1985,..
1986,..
1987,..
1988,..
1989,..
1990,..
1991,8.31721718313706
1992,8.9295607186825
1993,10.6900899017753
1994,11.7369455914828
1995,11.4184706063119
1996,11.6237217720969
1997,11.6419654851093
1998,11.2045752544234
1999,10.4531698266666
2000,9.47224221882325
2001,8.41873260562831
2002,8.67989167075215
2003,9.0208405343962
2004,9.28985762130963
2005,9.14955743402771
2006,8.42908540808872
2007,7.53678965173941
2008,7.54387898457331
2009,9.63276496031515
2010,10.1735036090983
2011,10.2589409954022
2012,11.4149113927429
2013,11.9982760867162
2014,11.6261765228596
2015,10.8831519353622
2016,10.033463178174
2017,9.06984529942784
2018,8.15855629448959
2019,7.51936142254261
2020,7.82955559700518
2021,7.72235228907323
2022,6.74918160455191
2023,6.55796314641263
2024,6.41387571772188
