Year,Value
1960,..
1961,..
1962,..
1963,..
1964,..
1965,..
1966,..
1967,..
1968,..
1969,..
1970,..
1971,..
1972,..
1973,..
1974,..
1975,..
1976,..
1977,..
1978,..
1979,..
1980,..
1981,..
1982,..
1983,..
1984,..
1985,..
1986,..
1987,..
1988,..
1989,..
1990,17007.7810105423
1991,17895.4566699682
1992,18405.1812675902
1993,18616.1913738797
1994,19424.0033519174
1995,20261.6737435454
1996,20895.7261694846
1997,21737.7493500516
1998,22770.170580128
1999,23666.9285467877
2000,25148.0931084346
2001,26346.016011817
2002,27384.5335764437
2003,27856.5846121978
2004,28955.9672718326
2005,29985.3423831362
2006,32467.3275788262
2007,34363.0106311473
2008,35655.7988823784
2009,34777.3581928989
2010,35748.6049688718
2011,37441.4094153391
2012,37786.1901063415
2013,39064.6273675218
2014,40118.3051129995
2015,41247.2591434672
2016,43732.1036050939
2017,45832.5512483687
2018,47721.5305645843
2019,51240.6924449983
2020,49691.3345780972
2021,54187.8047485764
2022,59920.9560353471
2023,61462.6831325225
2024,64853.5838474532
