Year,Value
1960,..
1961,..
1962,..
1963,..
1964,..
1965,..
1966,..
1967,..
1968,..
1969,..
1970,..
1971,..
1972,..
1973,..
1974,..
1975,..
1976,..
1977,..
1978,..
1979,..
1980,..
1981,..
1982,..
1983,..
1984,..
1985,..
1986,..
1987,..
1988,..
1989,..
1990,79.1148732597908
1991,78.917787513274
1992,78.0173054105009
1993,77.5765720370037
1994,77.3144981272638
1995,76.8550193084638
1996,76.8750152649777
1997,76.9407560395153
1998,77.1222571030406
1999,77.2560126918762
2000,77.2479034834938
2001,77.0762128366361
2002,77.3651030543835
2003,77.6170590826927
2004,77.6997164815177
2005,78.0792472016863
2006,78.3321881579553
2007,78.3497413910177
2008,78.5063623165925
2009,78.0841564946278
2010,77.9902488903598
2011,77.7170008121986
2012,78.0439589959402
2013,78.0773115311102
2014,78.0113180534945
2015,78.0785645510675
2016,78.1934557095847
2017,78.3943434847948
2018,78.6486609480408
2019,78.7457396697206
2020,77.8275350568949
2021,78.3831647060259
2022,79.2051754973849
2023,79.5362400905097
2024,79.5724627186258
