Year,Value
1960,..
1961,..
1962,..
1963,..
1964,..
1965,..
1966,..
1967,..
1968,..
1969,..
1970,..
1971,..
1972,..
1973,..
1974,..
1975,..
1976,..
1977,..
1978,..
1979,..
1980,..
1981,..
1982,..
1983,..
1984,..
1985,..
1986,..
1987,..
1988,..
1989,..
1990,..
1991,..
1992,..
1993,82.3073550028754
1994,81.8230283457416
1995,81.8162914442109
1996,81.8350972128465
1997,81.1426277896183
1998,82.7347407230871
1999,81.5268057047015
2000,81.2530049317406
2001,81.1310961890796
2002,80.9124311410103
2003,80.6809051780965
2004,80.4550793533608
2005,79.1686714414196
2006,78.7123683391236
2007,78.8183175686348
2008,78.4915151491461
2009,77.9090314393566
2010,77.7062449899041
2011,77.5240869926531
2012,77.4552813133815
2013,77.3577297756006
2014,77.5036871318387
2015,77.5482707578558
2016,77.5701686825485
2017,77.2422406548117
2018,77.3565756875505
2019,77.4226301338695
2020,76.6647700772709
2021,77.0491216615001
2022,77.4193028793066
2023,77.4792341189209
2024,..
