Year,Value
1960,..
1961,..
1962,..
1963,..
1964,..
1965,..
1966,..
1967,..
1968,..
1969,..
1970,..
1971,..
1972,..
1973,..
1974,..
1975,..
1976,..
1977,..
1978,..
1979,..
1980,..
1981,51.5532749289055
1982,..
1983,52.8558985245909
1984,53.4392206383799
1985,53.2182108322756
1986,53.3975471837233
1987,53.4863534287538
1988,53.5783204356196
1989,53.9671601062056
1990,54.2994868654387
1991,55.0266004289568
1992,54.4165290230597
1993,54.2736608214329
1994,54.2807224601518
1995,54.0288644605513
1996,54.1134778578512
1997,54.2520466767267
1998,54.4009975715084
1999,54.9442863986373
2000,55.0173772880566
2001,54.8913089681181
2002,55.2844381253166
2003,55.6726656387026
2004,55.7220857596947
2005,56.092507787064
2006,56.4347562864129
2007,56.6455004498268
2008,56.9345118738786
2009,56.9117691552028
2010,56.7344614623857
2011,56.7604588394567
2012,56.9823373932358
2013,56.9540412421044
2014,56.8796496358172
2015,56.7990570548357
2016,57.0230477244745
2017,57.0844061351498
2018,57.1335047541435
2019,57.2843311962641
2020,56.260646039923
2021,56.9497467012881
2022,57.5068108295823
2023,57.8087762932435
2024,..
