Year,Value
1960,..
1961,..
1962,..
1963,..
1964,..
1965,..
1966,..
1967,..
1968,..
1969,..
1970,..
1971,..
1972,..
1973,..
1974,..
1975,..
1976,..
1977,..
1978,..
1979,..
1980,..
1981,..
1982,..
1983,..
1984,..
1985,..
1986,..
1987,..
1988,..
1989,..
1990,37870.5794556285
1991,38542.203621858
1992,38743.4717186451
1993,38291.3481951761
1994,39124.2971851018
1995,40002.8999188583
1996,40616.0389239691
1997,41653.7687876415
1998,42815.9663129271
1999,43976.3610470921
2000,45551.354042732
2001,46414.7820145124
2002,46654.0673380972
2003,46785.3175399387
2004,47612.4113468477
2005,48221.1286559701
2006,49603.5457550853
2007,50844.345357925
2008,50804.3618020505
2009,48333.6051121986
2010,49189.2232107573
2011,50096.9983075088
2012,49485.049906284
2013,49298.8893842792
2014,49915.9029231726
2015,50832.1172687602
2016,51624.9155487559
2017,52857.3692313351
2018,53638.5536717395
2019,54413.3877787576
2020,50964.9886905069
2021,54187.8047485764
2022,55902.2482497342
2023,55940.0899840823
2024,56326.2257220068
