Year,Value
1960,..
1961,..
1962,..
1963,..
1964,..
1965,..
1966,..
1967,..
1968,..
1969,..
1970,0.104970947463463
1971,0.0536640530023463
1972,0.0626161614103937
1973,0.0661717737181445
1974,0.0874444909451429
1975,0.148169317548268
1976,0.162692039248408
1977,0.0872588999819076
1978,0.0634051090738549
1979,0.0619392941339964
1980,0.133608164319903
1981,0.133811580810704
1982,0.260953477330011
1983,0.142342464767174
1984,0.144432525307636
1985,0.138492577149085
1986,0.150345773369767
1987,0.233998786150849
1988,0.328473025649573
1989,0.355495544298783
1990,0.656917776358078
1991,0.770184025711851
1992,0.347609029553427
1993,0.822310518630861
1994,0.680410812970503
1995,0.800084055599323
1996,1.12742689237491
1997,2.51017100941201
1998,3.52391787172805
1999,7.11444573382726
2000,9.87943268971733
2001,5.35930554507115
2002,4.65411219876733
2003,3.72634039092767
2004,5.81052826825134
2005,3.90384842514189
2006,8.27493118271578
2007,9.91876992211434
2008,4.63170530569224
2009,1.04912837113047
2010,2.64982924191004
2011,3.02394592394388
2012,-0.189343074120733
2013,2.42565242635193
2014,3.38393977093901
2015,4.82641433290909
2016,4.85745693592621
2017,3.70077011012901
2018,2.95118337100337
2019,2.9067834147218
2020,4.3639170223537
2021,3.50614720923462
2022,4.83719251483578
2023,2.44889482735525
2024,3.04554803983241
