Year,Value
1960,..
1961,..
1962,..
1963,..
1964,..
1965,..
1966,..
1967,..
1968,..
1969,..
1970,..
1971,..
1972,..
1973,..
1974,..
1975,..
1976,..
1977,..
1978,..
1979,..
1980,..
1981,..
1982,..
1983,..
1984,..
1985,..
1986,..
1987,..
1988,..
1989,..
1990,..
1991,..
1992,..
1993,..
1994,..
1995,..
1996,..
1997,..
1998,..
1999,..
2000,-44.2284497686881
2001,-45.840275923779
2002,-44.9365413074998
2003,-44.5951305644713
2004,-45.3309035647257
2005,-45.226317228461
2006,-47.5535556791696
2007,-44.6654186866143
2008,-44.4767250938618
2009,-42.2788035815879
2010,-44.5734655973665
2011,-44.1273546213916
2012,-41.9571415891947
2013,-40.687921523449
2014,-42.5110945682978
2015,-45.1206437856791
2016,-45.2066125722782
2017,-46.0485184384657
2018,-46.434243179704
2019,-45.6112435455975
2020,-44.4098774016278
2021,-44.9819732256952
2022,-44.9819732256952
2023,..
2024,..
