Year,Value
1960,..
1961,..
1962,..
1963,..
1964,..
1965,..
1966,..
1967,..
1968,..
1969,..
1970,..
1971,..
1972,..
1973,..
1974,..
1975,..
1976,..
1977,..
1978,..
1979,..
1980,..
1981,..
1982,..
1983,..
1984,..
1985,..
1986,..
1987,..
1988,..
1989,..
1990,..
1991,-8.71869942584482
1992,-33.8110783834506
1993,-45.9113921806499
1994,-44.3765971618955
1995,-49.3360618578111
1996,-46.870512434119
1997,-47.9696890647121
1998,-52.8597587383276
1999,-56.5926537517634
2000,-55.9911458029941
2001,-55.0218948893352
2002,-56.9477333914158
2003,-51.8021178145127
2004,-50.8602196833662
2005,-50.9230297765429
2006,-52.5986409719355
2007,-43.6193303127082
2008,-49.003522937081
2009,-57.4223548213078
2010,-45.4008069070841
2011,-45.108030827599
2012,-48.0205956321659
2013,-41.9655000367236
2014,-44.4819560278694
2015,-49.3694930364374
2016,-49.3978588849689
2017,-46.2500094974939
2018,-43.3726487370866
2019,-62.7500690151225
2020,-70.922979123242
2021,-68.8241595984206
2022,-68.1183058496965
2023,-71.0354294513488
2024,..
