Year,Value
1960,..
1961,..
1962,1.73003249839019
1963,1.85932914425273
1964,1.38597692696713
1965,2.96970335866082
1966,4.49669529872392
1967,1.35005724435382
1968,1.30452908796784
1969,-1.36262412612159
1970,0.669468375168321
1971,3.65482353629109
1972,1.47906696670439
1973,2.34969399999395
1974,0.63658536181066
1975,-1.19852341461873
1976,-2.34815489377294
1977,0.765606087529463
1978,1.01221130170914
1979,-2.55675410685249
1980,5.83727167777019
1981,1.79300842573353
1982,-2.92602346701005
1983,5.25379811066873
1984,-5.34331479454821
1985,-13.6118695750355
1986,6.4669208610524
1987,10.0451187324464
1988,-3.34518199788337
1989,-4.11569691071389
1990,-1.00646889295157
1991,-11.073793013185
1992,-12.4354815219746
1993,9.23479853421736
1994,-0.340437449778435
1995,2.57532695955935
1996,8.77685691388601
1997,-0.119280616504724
1998,-6.44288564669758
1999,1.92717241533667
2000,2.86806618742254
2001,5.06530432248078
2002,-1.52885894052494
2003,-5.07288652330745
2004,10.2218151050029
2005,8.55089862654785
2006,7.62653694769971
2007,8.23770707847243
2008,7.62786742706325
2009,5.75638559712183
2010,9.40434487750386
2011,8.06141676115676
2012,5.64374376775028
2013,7.61661454527255
2014,7.33861859185406
2015,7.46807676647016
2016,6.50991456114522
2017,6.61862070026751
2018,3.97407545942133
2019,5.48664148021712
2020,3.22311599492807
2021,2.85565763078523
2022,2.59539967644373
2023,3.85475025230436
2024,4.57966778910016
