Year,Value
1960,1250.05771800679
1961,1337.88481020595
1962,1438.42765544863
1963,1537.61951365772
1964,1664.90412714142
1965,1754.54545226091
1966,1869.47550725267
1967,1973.22313615292
1968,2127.02639712774
1969,2311.33484425875
1970,2671.91796954397
1971,2762.46157638266
1972,2965.55233328542
1973,3183.21884882847
1974,3296.74075474389
1975,3307.87685457792
1976,3581.66997287426
1977,3683.22797854331
1978,3872.94047348931
1979,4037.6619383374
1980,4131.55137656408
1981,4162.13964070013
1982,4186.19652143328
1983,4312.43392019992
1984,4516.21227740617
1985,4698.46024076054
1986,4808.43835798622
1987,4966.80360392492
1988,5088.15530309584
1989,5191.38513096207
1990,5129.39027672146
1991,5147.03948493768
1992,5108.61565787273
1993,5064.36342239696
1994,5132.32408116032
1995,5256.07268059493
1996,5388.28844349293
1997,5449.29903029686
1998,5541.74161010261
1999,5623.87608684567
2000,5780.0434240378
2001,5916.73164219262
2002,5995.79120325483
2003,6126.92223045658
2004,6238.68752560611
2005,6292.1462574587
2006,6375.37107090476
2007,6402.03187994855
2008,6405.10004027772
2009,6078.58509286782
2010,6341.58591526657
2011,6254.53092141751
2012,6249.4921758279
2013,6179.96365631899
2014,6054.03919836968
2015,6130.0125591374
2016,6181.41741338828
2017,6238.62478006318
2018,6204.21814008468
2019,6111.02958471191
2020,5880.54548427256
2021,6139.79835812756
2022,5947.60723764255
2023,5905.36241820318
2024,..
