Year,Value
1960,..
1961,..
1962,..
1963,..
1964,..
1965,..
1966,..
1967,..
1968,..
1969,..
1970,..
1971,..
1972,..
1973,..
1974,..
1975,..
1976,..
1977,..
1978,..
1979,..
1980,..
1981,..
1982,..
1983,..
1984,..
1985,..
1986,..
1987,..
1988,..
1989,..
1990,41.5144674998685
1991,41.898615983177
1992,42.0773039325689
1993,42.1869792112119
1994,42.4396522093042
1995,42.6291489741166
1996,42.7766869987518
1997,42.9041915044412
1998,43.0843711349014
1999,43.3373689717984
2000,43.5700598999393
2001,43.6848711545999
2002,43.8758878972965
2003,44.1182966812914
2004,44.2558664816155
2005,44.4041012118753
2006,44.5815356129811
2007,44.7100628690657
2008,44.8109249355484
2009,45.0905249426073
2010,45.2497596447687
2011,45.4675088365123
2012,45.6038233386402
2013,45.7023245826008
2014,45.8061427564063
2015,45.8086953410576
2016,45.8516787479394
2017,45.8884008574035
2018,45.8893072534826
2019,45.9336493281762
2020,45.8938443295043
2021,46.1154141898296
2022,46.224497053898
2023,46.3606595196224
2024,46.3678303139185
