Year,Value
1960,..
1961,..
1962,..
1963,..
1964,..
1965,..
1966,..
1967,..
1968,..
1969,..
1970,..
1971,..
1972,..
1973,..
1974,..
1975,23.8132516141439
1976,23.9774880775432
1977,23.609378900104
1978,23.9900251461442
1979,23.8044809950752
1980,22.789749446983
1981,20.9983519272963
1982,20.6242251265875
1983,20.8989984579244
1984,21.586175592
1985,21.7081776254953
1986,22.6560253643474
1987,22.3137334094727
1988,23.284531128613
1989,23.6139802744084
1990,23.6316054533102
1991,22.9077936565161
1992,21.9829042849907
1993,21.3910715529332
1994,21.7826340954543
1995,22.9028292142809
1996,22.5699805990626
1997,23.0697860027844
1998,23.3104462005705
1999,22.9562461408299
2000,22.8662438325526
2001,22.8940281085
2002,22.4768358379465
2003,22.0284207086675
2004,22.7775737826583
2005,22.8679509819874
2006,23.8101789757002
2007,24.4553367033891
2008,23.4063250521492
2009,21.2165337023398
2010,21.8027752770365
2011,22.6346565692185
2012,22.2352111209693
2013,22.5458731182848
2014,23.0869911649671
2015,23.4864206946179
2016,23.9913114336973
2017,24.3259416133857
2018,24.867712802169
2019,25.2459746936601
2020,24.2745930093299
2021,26.0858825119374
2022,24.8756307778837
2023,24.8196094705642
2024,24.4518141078614
