Year,Value
1960,..
1961,..
1962,..
1963,..
1964,..
1965,..
1966,..
1967,..
1968,..
1969,..
1970,1.44082981350493
1971,1.54371969942817
1972,0.445186845065934
1973,0.461139665161377
1974,0.0793943839406168
1975,0.3471863130242
1976,0.0600789116844061
1977,0.0656002228951252
1978,-0.0746510350890136
1979,0.0713488725193818
1980,-0.457909605865424
1981,0.0933165545049501
1982,0.162535156684485
1983,0.113144050293316
1984,0.124514735982004
1985,0.424218535831571
1986,0.0424611412789656
1987,0.314165026825028
1988,0.280569695945704
1989,0.859070545851253
1990,0.315557473806956
1991,1.23819141965544
1992,0.902306995533096
1993,1.03600843184769
1994,1.04716795664302
1995,0.673520933226175
1996,0.948209900299315
1997,2.04595759410882
1998,1.70137561763013
1999,1.95544513764648
2000,2.03478438724061
2001,2.08580051315348
2002,1.92978882327046
2003,2.926461210085
2004,2.07579822070599
2005,3.17009223421039
2006,2.46596533098318
2007,3.39004960935695
2008,2.95644997120998
2009,2.37878890225255
2010,2.25486532446
2011,2.63096591595278
2012,2.44641179533243
2013,1.6786774020341
2014,0.84326245309115
2015,1.47325526742636
2016,1.63077382046578
2017,1.98369545957284
2018,1.59487450310047
2019,1.41432358332821
2020,0.90097674772752
2021,1.88612701875819
2022,1.05535742926391
2023,1.20880339411856
2024,..
