Year,Value
1960,..
1961,..
1962,..
1963,..
1964,..
1965,..
1966,..
1967,..
1968,..
1969,..
1970,..
1971,..
1972,..
1973,..
1974,..
1975,..
1976,..
1977,..
1978,..
1979,..
1980,..
1981,..
1982,..
1983,..
1984,..
1985,..
1986,..
1987,..
1988,..
1989,..
1990,79.2580052835478
1991,79.256232644919
1992,79.1757029089916
1993,79.1901074782455
1994,79.1106421973055
1995,79.0471627576421
1996,79.062402412826
1997,79.1297778114473
1998,79.1188300589309
1999,79.0695493184382
2000,79.0033139481012
2001,78.8402614667953
2002,78.5733298311891
2003,78.4449377525946
2004,78.3268214173622
2005,78.1619592651142
2006,78.0046809592237
2007,77.8330609027932
2008,77.6405352924394
2009,77.4000636187289
2010,77.1938012415809
2011,77.0105277768727
2012,76.6125378191793
2013,76.4103201539039
2014,76.1389659675216
2015,75.5908047872207
2016,75.3592904345088
2017,75.1078969839749
2018,74.7494146093733
2019,74.2323513853122
2020,73.1638292681937
2021,72.8277345151536
2022,73.9141718679225
2023,74.1784008697437
2024,74.0990274524496
