Year,Value
1960,..
1961,..
1962,..
1963,..
1964,..
1965,..
1966,..
1967,..
1968,..
1969,..
1970,..
1971,535.081329501553
1972,529.584529751429
1973,543.269890348062
1974,558.55778910191
1975,562.694496831743
1976,571.228936118365
1977,579.399465767357
1978,590.960164181388
1979,603.786259510278
1980,618.595000139729
1981,623.905961281867
1982,624.642548263211
1983,640.296792522495
1984,634.161404278894
1985,638.98605104961
1986,638.336108043472
1987,638.34717294931
1988,635.643018230608
1989,640.815449362795
1990,1018.82598500498
1991,1005.62107324461
1992,941.437547370529
1993,875.58466484878
1994,821.147356950602
1995,798.578276098248
1996,768.869327222345
1997,765.038199411664
1998,727.975611889691
1999,716.231381925399
2000,704.769649916142
2001,700.570475696818
2002,716.119404115912
2003,706.795054971014
2004,695.065662874332
2005,700.192301517304
2006,678.26876596662
2007,667.589930110227
2008,661.995809375131
2009,620.650386956083
2010,677.995370633444
2011,660.645162227848
2012,642.135692952398
2013,638.84737371603
2014,612.954729455916
2015,569.341308263123
2016,560.782818228885
2017,557.905319488635
2018,540.996219877217
2019,542.938345185775
2020,499.198744560237
2021,520.307482284211
2022,499.294728934483
2023,..
2024,..
