Year,Value
1960,..
1961,..
1962,..
1963,..
1964,..
1965,..
1966,..
1967,..
1968,..
1969,..
1970,..
1971,..
1972,..
1973,..
1974,..
1975,..
1976,..
1977,0.0542114962513228
1978,0.0282125138804426
1979,0.0213938756827426
1980,0.0303714785623495
1981,0.012809334491208
1982,0.00302292391642678
1983,0.0334856821808602
1984,0.018078006169852
1985,0.0124754831951628
1986,0.23036294770574
1987,..
1988,..
1989,..
1990,..
1991,..
1992,..
1993,0.451392789446784
1994,0.309188902541596
1995,0.135581522273646
1996,0.347234796845347
1997,0.250239157837202
1998,0.268499687250931
1999,0.340467711980445
2000,0.243728506592335
2001,0.21853465330586
2002,0.274957961742801
2003,0.479826927068062
2004,0.338568592445745
2005,0.407159609548324
2006,0.585946387469012
2007,0.735201205256861
2008,0.782217797625568
2009,0.568441319312541
2010,0.652155328184263
2011,0.208506084644441
2012,0.645502896193392
2013,0.413462858182015
2014,0.570926241635462
2015,0.361464013498397
2016,0.418449417032415
2017,0.231584473755984
2018,0.232560465507152
2019,0.249443333970026
2020,0.249922017122918
2021,0.295042368277087
2022,0.316414912610173
2023,0.126871246191474
2024,..
