Year,Value
1960,..
1961,0.412843178739976
1962,0.446440451487035
1963,3.06944385100991
1964,1.6627075599539
1965,-5.63444351689316
1966,-2.8596858703316
1967,10.5375333832797
1968,5.56132958016482
1969,0.469807913771049
1970,10.498041839287
1971,4.92689627106724
1972,5.65421628597377
1973,9.8718800231927
1974,1.10648886205654
1975,-0.93906121046399
1976,1.04686121670254
1977,3.73014554818101
1978,-0.514056394706415
1979,9.5804214748897
1980,-3.91985081216313
1981,3.82388831918729
1982,-8.20443486404298
1983,-6.24627958622001
1984,5.8038901606819
1985,-6.85988398988817
1986,5.48430709502557
1987,-8.01279609457389
1988,-0.129653527725281
1989,6.36974338132231
1990,4.84299288693254
1991,-3.4912270093665
1992,5.33128466821873
1993,1.48096957497479
1994,4.51788199442069
1995,1.98990209455485
1996,4.14248160105231
1997,-3.20552921674981
1998,0.0533665427538494
1999,7.54827842644328
2000,-2.76154290467851
2001,0.95706444404766
2002,2.18333270830782
2003,0.0396502284114604
2004,4.32692435902955
2005,-0.214469573875604
2006,0.938932759583949
2007,-1.67524974022307
2008,0.410201583535269
2009,-1.80343336104431
2010,2.59506233236995
2011,2.41603525489209
2012,1.1975002198084
2013,4.5703208231707
2014,5.46161024115986
2015,4.38823265794935
2016,2.38011625327262
2017,5.40003492628232
2018,3.99107263181901
2019,-0.334080464484003
2020,-17.0444703649384
2021,-5.06241064085296
2022,19.4395068591977
2023,6.97477019605574
2024,3.31040390085735
