Year,Value
1960,..
1961,..
1962,..
1963,..
1964,..
1965,..
1966,..
1967,..
1968,..
1969,..
1970,..
1971,..
1972,..
1973,..
1974,..
1975,..
1976,..
1977,..
1978,..
1979,..
1980,..
1981,..
1982,..
1983,..
1984,..
1985,..
1986,..
1987,..
1988,..
1989,..
1990,0.161504499236386
1991,0.145773435608373
1992,0.154208197528544
1993,0.163533184739953
1994,0.16274864898189
1995,0.157420289023414
1996,0.157468732068623
1997,0.166300551931239
1998,0.162749648540646
1999,0.160300913250282
2000,0.184267870305048
2001,0.195682540609271
2002,0.156716010058568
2003,0.180499020536903
2004,0.222970145896543
2005,0.193644759059712
2006,0.204395157561683
2007,0.191000387915259
2008,0.141621410990274
2009,0.118219576066244
2010,0.183210841579652
2011,0.130935773273596
2012,0.124923192092838
2013,0.135923978762352
2014,0.146201379114995
2015,0.145055071238389
2016,0.139437325889592
2017,0.145489130173402
2018,0.14777909978318
2019,0.154525123086906
2020,0.187883314013291
2021,0.207049596137542
2022,0.182256965358599
2023,0.175201775343995
2024,..
