Year,Value
1960,..
1961,..
1962,..
1963,..
1964,..
1965,..
1966,..
1967,..
1968,..
1969,..
1970,9.02647479235026
1971,9.17254476433352
1972,9.42375561993503
1973,10.0341939709089
1974,9.61935971692036
1975,8.82352271277223
1976,9.62521783341145
1977,9.23959705443922
1978,9.52691588761142
1979,9.62209046365004
1980,9.1733602073619
1981,8.21374207415153
1982,7.80665234116946
1983,7.42374438875654
1984,7.18242536746615
1985,6.96554289824311
1986,6.71748343572289
1987,6.5618622597877
1988,6.52527320912502
1989,6.73695842998425
1990,6.61286144497456
1991,7.00779458472027
1992,6.74514938709102
1993,6.38347291937035
1994,6.28748523195073
1995,6.41661734795351
1996,6.63953130629283
1997,6.47801281435356
1998,6.81951545857163
1999,6.68018071340666
2000,6.58601475170309
2001,6.60551805162138
2002,6.46977417478915
2003,6.50351073106917
2004,6.47317992840037
2005,6.46027355059177
2006,6.246640527631
2007,6.09641299350843
2008,5.94956753165307
2009,5.72394220568724
2010,5.80934663408268
2011,5.57559339237044
2012,5.57648270706697
2013,5.4697532037822
2014,4.94763494553714
2015,5.00350933229341
2016,5.03218147372949
2017,5.07106755400115
2018,4.89336336861651
2019,4.78988465490837
2020,4.25028967719613
2021,4.70830726633659
2022,4.56119637966729
2023,4.13586020525254
2024,..
