Year,Value
1960,..
1961,..
1962,..
1963,..
1964,..
1965,..
1966,..
1967,..
1968,..
1969,..
1970,..
1971,..
1972,..
1973,..
1974,..
1975,..
1976,..
1977,..
1978,..
1979,..
1980,..
1981,..
1982,..
1983,..
1984,..
1985,..
1986,..
1987,..
1988,..
1989,..
1990,..
1991,..
1992,..
1993,..
1994,..
1995,..
1996,..
1997,..
1998,..
1999,..
2000,3.74431827031574
2001,2.45802592220574
2002,1.03822728985506
2003,-0.209439401959274
2004,0.0787611803667394
2005,0.302843397513067
2006,1.61698120388641
2007,4.23816661487641
2008,5.22821009992641
2009,5.27269645750906
2010,4.21116343646908
2011,3.21807758556906
2012,0.417427028022409
2013,2.05869159159
2014,0.487741850486067
2015,0.856579105426399
2016,-1.374481669195
2017,-1.81279144182833
2018,-2.551147469065
2019,-3.933592747601
2020,-4.116847859311
2021,-1.52343420929934
2022,-1.52343420929934
2023,..
2024,..
