Year,Value
1960,1670.89203703865
1961,1720.95916956676
1962,1842.40311475734
1963,1971.49694460037
1964,2077.94740288411
1965,2107.32768986557
1966,2123.70243488599
1967,2250.42705161867
1968,2362.7697308981
1969,2537.93585976595
1970,2948.67188406275
1971,3020.42546914638
1972,3160.61815679046
1973,3373.815718004
1974,3243.98914676808
1975,3054.68927724985
1976,3247.0066270184
1977,3171.7217414739
1978,3366.74334047758
1979,3491.90793550896
1980,3469.43609334875
1981,3368.64794826312
1982,3275.09796343954
1983,3342.48782667386
1984,3445.72449343628
1985,3596.95176011401
1986,3634.20824375981
1987,3704.59940159781
1988,3667.40933473148
1989,3795.71267738664
1990,3840.38016522288
1991,4038.74080575956
1992,3949.35437781199
1993,3997.24943203967
1994,3831.11796465812
1995,3975.88904728611
1996,4186.80246709718
1997,4043.67394488538
1998,4146.55454542881
1999,4117.93049493822
2000,4130.17270058081
2001,4240.43326978854
2002,4220.32024855816
2003,4296.52922711295
2004,4327.18683304848
2005,4313.6963002429
2006,4214.29234630039
2007,4142.17819118209
2008,4137.71989985562
2009,3938.38637955439
2010,4040.43955470086
2011,3945.32586336777
2012,3925.35400616786
2013,3922.03005304637
2014,3752.44922714937
2015,3795.9498874457
2016,3715.23346860046
2017,3700.96956491664
2018,3665.53572999823
2019,3601.76570846162
2020,3224.46770851692
2021,3470.00297348378
2022,3102.40310926754
2023,3138.35191037802
2024,..
