Year,Value
1960,..
1961,..
1962,..
1963,..
1964,..
1965,..
1966,..
1967,..
1968,..
1969,..
1970,..
1971,..
1972,..
1973,..
1974,..
1975,..
1976,..
1977,..
1978,..
1979,..
1980,..
1981,..
1982,..
1983,..
1984,..
1985,..
1986,..
1987,..
1988,..
1989,..
1990,..
1991,..
1992,..
1993,..
1994,..
1995,..
1996,..
1997,..
1998,..
1999,..
2000,..
2001,..
2002,..
2003,..
2004,..
2005,..
2006,..
2007,..
2008,..
2009,-5.0306197804414
2010,-0.105466831279102
2011,3.80958187983906
2012,7.64027356784398
2013,5.95487801988345
2014,5.03591158487879
2015,-0.0185248219198115
2016,0.232465867333502
2017,2.03503874879401
2018,1.11936120181572
2019,2.92985288714129
2020,-3.08561979729791
2021,4.04368731884917
2022,2.3615971383913
2023,1.52514625646762
2024,..
