Year,Value
1960,..
1961,..
1962,..
1963,..
1964,..
1965,..
1966,..
1967,..
1968,..
1969,..
1970,1710.08913488703
1971,1699.9963980594
1972,1672.83420355956
1973,2180.62250273881
1974,2447.41906565554
1975,2388.24964549637
1976,2340.49300880011
1977,2339.5428497168
1978,2403.52276427795
1979,2379.24287451924
1980,2140.90381086329
1981,2278.80780128358
1982,2153.62839220586
1983,2131.39586930733
1984,1988.53895563138
1985,2252.26508855756
1986,2364.53007951078
1987,2327.85624405209
1988,2331.79962300129
1989,2367.54459100732
1990,2410.22248315814
1991,2542.21768899049
1992,2592.34106438055
1993,2744.19964633008
1994,2679.25739314358
1995,2837.15025158891
1996,2734.95215490209
1997,2560.83810825059
1998,2626.59893890544
1999,2655.47572825017
2000,2774.79494666123
2001,2826.84271814889
2002,2840.20752247657
2003,2889.04669625569
2004,2809.06585903908
2005,2879.62178695366
2006,2895.03542297907
2007,2863.83528755232
2008,2819.07927372108
2009,2875.73866449213
2010,2952.11580223798
2011,3041.77717927473
2012,2979.68061790385
2013,2863.90347357213
2014,2790.77010690782
2015,2911.16211045292
2016,2915.62716763945
2017,2928.72277934078
2018,2917.31795034991
2019,3026.12235068898
2020,2958.48866022271
2021,3030.84654184752
2022,2929.91266261092
2023,2930.55143045833
2024,2937.80021414635
