Year,Value
1960,..
1961,..
1962,..
1963,..
1964,..
1965,..
1966,..
1967,..
1968,..
1969,..
1970,..
1971,..
1972,..
1973,..
1974,..
1975,..
1976,..
1977,..
1978,..
1979,..
1980,..
1981,..
1982,..
1983,..
1984,..
1985,..
1986,..
1987,..
1988,..
1989,..
1990,..
1991,107269.370635064
1992,101520.840647876
1993,102895.38097549
1994,103974.519166389
1995,105853.705916841
1996,106682.713254384
1997,109643.635650006
1998,110286.186961055
1999,97482.3150768273
2000,92888.2698933842
2001,91943.1275679714
2002,88282.1574318607
2003,87074.4976767552
2004,84608.9967676707
2005,83607.5620538865
2006,78859.2349841542
2007,80925.5540399974
2008,75741.0860356525
2009,73109.9899830415
2010,75688.5964424093
2011,77225.5236324886
2012,77573.9991503264
2013,78555.7308781212
2014,78745.988206196
2015,78831.0241814409
2016,77901.6649328941
2017,75985.9166250732
2018,74547.3455281284
2019,75405.9482048962
2020,78327.1720160637
2021,76580.9622361493
2022,72193.6276681443
2023,72205.5898277144
2024,72900.3309663427
