Year,Value
1960,..
1961,3.3634395197921
1962,3.37351333953981
1963,1.60352406377172
1964,3.28496288742031
1965,5.60679436920388
1966,4.98153648760007
1967,2.77946162574165
1968,3.93129961943288
1969,6.02203764764026
1970,9.24855090649271
1971,7.98562446849887
1972,7.18825180962806
1973,8.41487858226047
1974,15.0592126387877
1975,25.7707279665602
1976,15.113567304341
1977,13.7104941809564
1978,11.4575469573944
1979,14.0665412595031
1980,19.7037946401113
1981,11.5692628819325
1982,7.41877495385754
1983,5.12280952247775
1984,5.03004748517593
1985,5.51169787438546
1986,4.33535599910695
1987,5.44054905982827
1988,6.13317335521918
1989,7.93586214091997
1990,7.88621810106144
1991,6.41908648915779
1992,3.32097923876431
1993,2.73304431522527
1994,1.39362356745556
1995,11.4890031777657
1996,4.13730561816845
1997,-0.146831230756689
1998,1.28365737243435
1999,1.38086311660261
2000,1.12168276323006
2001,1.5112471906517
2002,2.1190512693597
2003,2.38704466621699
2004,2.58863877267048
2005,2.94152197182235
2006,2.79243711845791
2007,2.24798315277741
2008,3.42719500745115
2009,1.89709030625647
2010,1.5890807297128
2011,2.19599388276086
2012,1.54274318673173
2013,2.10944101947345
2014,1.31890253241845
2015,0.658400607028796
2016,1.96415131491665
2017,1.85511702317338
2018,1.92064709316311
2019,2.13295139419517
2020,4.96982050842443
2021,0.066556651367506
2022,5.44390476600624
2023,6.88853758661627
2024,4.01174057473806
