Year,Value
1960,564.929780103552
1961,594.274361818275
1962,620.755728273812
1963,654.349321633812
1964,709.270181313337
1965,760.016319996162
1966,802.185406376404
1967,839.54575367568
1968,903.611812224661
1969,969.732680222928
1970,1061.72151284735
1971,1176.90465418388
1972,1310.85331088926
1973,1513.84114328429
1974,1712.95803907005
1975,2146.27473508603
1976,2543.49381612115
1977,2923.16656526702
1978,3381.28722384581
1979,3956.60033198955
1980,4594.10792472011
1981,5052.07008030645
1982,5523.88292563075
1983,6075.0854102033
1984,6521.70202115229
1985,7065.45592321508
1986,7619.07233195174
1987,8377.46123599412
1988,9352.67421436783
1989,10204.9471631258
1990,10994.256491444
1991,11565.0203778337
1992,12103.8443253661
1993,12704.2132196729
1994,13563.3364609753
1995,14265.1100854323
1996,15158.6953415986
1997,16111.2897631793
1998,17164.1125012419
1999,17717.3024732805
2000,18742.4500166524
2001,19491.3628835532
2002,20300.1225575424
2003,21337.5473743049
2004,22229.8811735466
2005,23398.0261917287
2006,24097.5781478802
2007,24958.7822328663
2008,25443.220463962
2009,24660.9181956466
2010,25638.8911481492
2011,26392.1341549106
2012,26647.7060476213
2013,27281.2329471928
2014,28307.675642216
2015,28802.267699115
2016,29644.885454296
2017,31229.3454203681
2018,32027.1990828041
2019,33492.9237141871
2020,30842.068200887
2021,34322.3904215932
2022,37575.2618188273
2023,39400.3825264264
2024,40821.865843827
