Year,Value
1960,..
1961,..
1962,..
1963,..
1964,..
1965,..
1966,..
1967,..
1968,..
1969,..
1970,16.2605186314301
1971,15.6887824515281
1972,14.4783657095836
1973,15.251003893427
1974,11.3150811380878
1975,9.31287588996468
1976,10.7885546543067
1977,13.6008115849777
1978,14.6698115469591
1979,14.9494483653572
1980,14.0299197439705
1981,13.2006525818979
1982,13.3080789921781
1983,13.4225544193362
1984,13.6344333123887
1985,14.703449958164
1986,12.770503349898
1987,14.1600140361651
1988,14.54690279496
1989,15.5942052419013
1990,14.9253431610611
1991,13.3616700567622
1992,11.7993495693054
1993,11.6293548140968
1994,12.044137783885
1995,19.251859199737
1996,19.3555335041039
1997,18.3011416973899
1998,17.7810537996457
1999,17.049253868687
2000,17.2165937468204
2001,16.5700375610203
2002,15.993684947362
2003,15.8121770531512
2004,15.4671311932148
2005,15.8573839909805
2006,16.4938676854809
2007,16.7037303910239
2008,15.9075677710843
2009,13.7246077936366
2010,14.6169258955098
2011,15.1393308031445
2012,15.0713508372162
2013,15.1399407531657
2014,15.7753445074775
2015,16.3577362531053
2016,16.03900293476
2017,17.1422370037292
2018,16.7990209561475
2019,16.9830983280071
2020,18.1396025454888
2021,17.802922901899
2022,16.1919912223899
2023,16.2670566560379
2024,16.8918575273353
