Year,Value
1960,..
1961,..
1962,..
1963,..
1964,..
1965,..
1966,..
1967,..
1968,..
1969,..
1970,..
1971,..
1972,..
1973,..
1974,..
1975,..
1976,..
1977,..
1978,..
1979,..
1980,..
1981,..
1982,..
1983,..
1984,..
1985,..
1986,..
1987,..
1988,..
1989,..
1990,97.1438735579611
1991,97.2444749624882
1992,96.9883204977814
1993,96.7268449854242
1994,96.458792758603
1995,96.1853456588539
1996,95.906447828161
1997,95.6219291440393
1998,95.3292357166939
1999,95.0334226337556
2000,94.7305264256274
2001,94.3571167024115
2002,93.9777361112932
2003,93.5922381152714
2004,93.1993145267598
2005,92.8014381262062
2006,92.3973120203587
2007,91.9855394143994
2008,91.5685934771888
2009,91.1438423908685
2010,90.7138836018551
2011,90.2773110373288
2012,89.8352611286365
2013,89.3864416862713
2014,88.9321309919316
2015,88.4709018455805
2016,89.3574352732905
2017,90.351642782736
2018,91.411368360691
2019,92.5109167116966
2020,93.1968918898687
2021,94.4232110898778
2022,94.9921632502535
2023,95.0371292837046
2024,95.2780660048629
