Year,Value
1960,..
1961,..
1962,..
1963,..
1964,..
1965,..
1966,..
1967,..
1968,..
1969,..
1970,..
1971,..
1972,..
1973,..
1974,..
1975,..
1976,..
1977,..
1978,..
1979,..
1980,..
1981,..
1982,..
1983,..
1984,..
1985,..
1986,..
1987,..
1988,..
1989,..
1990,..
1991,..
1992,..
1993,..
1994,..
1995,..
1996,..
1997,..
1998,..
1999,..
2000,-0.891002664241463
2001,-0.893467889004186
2002,-0.89593311376691
2003,-0.898398338529633
2004,-0.900863563292357
2005,-0.90332878805508
2006,-0.905794012817803
2007,-0.908259237580527
2008,-0.91072446234325
2009,-0.913189687105974
2010,-0.915654911868697
2011,-0.915067953591858
2012,-0.914480995315019
2013,-0.912133162207663
2014,-0.909785329100308
2015,-0.907437495992952
2016,-0.905089662885597
2017,-0.96417679608738
2018,-1.02326392928916
2019,-1.08235106249095
2020,-1.03555053124547
2021,-0.98875
2022,-0.98875
2023,..
2024,..
