Year,Value
1960,..
1961,..
1962,..
1963,..
1964,..
1965,..
1966,..
1967,..
1968,..
1969,..
1970,..
1971,..
1972,..
1973,..
1974,..
1975,..
1976,..
1977,..
1978,..
1979,..
1980,..
1981,..
1982,..
1983,..
1984,..
1985,..
1986,..
1987,..
1988,..
1989,..
1990,..
1991,-7.28521239220696
1992,9.46023634621527
1993,12.9287767486426
1994,20.2044075375279
1995,29.1664005110189
1996,40.1756627275631
1997,47.4576812519962
1998,100.249121686362
1999,118.54040242734
2000,94.3755988502076
2001,109.939316512296
2002,147.572660491856
2003,132.484829128074
2004,117.202171830086
2005,129.565633982753
2006,178.549984030661
2007,194.196742254871
2008,179.34845097413
2009,220.894282976685
2010,259.24944107314
2011,287.470456723092
2012,367.588629830725
2013,397.06483551581
2014,379.006707122325
2015,404.263813478122
2016,417.198977962312
2017,441.810923027787
2018,511.0635579687
2019,545.206004471415
2020,607.409773235388
2021,698.770360907058
2022,691.718300862344
2023,671.759821143405
2024,..
