Year,Value
1960,..
1961,..
1962,..
1963,..
1964,..
1965,..
1966,..
1967,..
1968,..
1969,..
1970,..
1971,..
1972,..
1973,..
1974,..
1975,..
1976,..
1977,..
1978,..
1979,..
1980,..
1981,..
1982,..
1983,..
1984,..
1985,..
1986,..
1987,..
1988,..
1989,..
1990,..
1991,116.645212958395
1992,124.990000108216
1993,93.8437367443434
1994,167.943358554624
1995,181.907387016165
1996,197.71749825414
1997,334.091686531294
1998,122.569105239835
1999,141.64916987209
2000,177.85491036375
2001,96.7954239259192
2002,103.810418063189
2003,22.3783018133901
2004,58.2026291689571
2005,161.115792877096
2006,308.6604268399
2007,284.014122042552
2008,224.034954831176
2009,3.78841055383992
2010,35.7967528560642
2011,4.58837617739914
2012,12.445315530712
2013,11.5739022144558
2014,6.38559876947124
2015,15.445435964989
2016,8.39493438794315
2017,10.3239597317579
2018,10.8300120784299
2019,13.5116992198606
2020,9.52754916911212
2021,9.92108166976481
2022,11.6940334067563
2023,15.7690901828463
2024,..
