Year,Value
1960,..
1961,..
1962,..
1963,..
1964,..
1965,..
1966,..
1967,..
1968,..
1969,..
1970,..
1971,..
1972,..
1973,..
1974,..
1975,..
1976,..
1977,..
1978,..
1979,..
1980,..
1981,..
1982,..
1983,..
1984,..
1985,..
1986,..
1987,..
1988,..
1989,..
1990,..
1991,3273.70481398634
1992,4260.28489214891
1993,4566.60234694844
1994,5138.03002955993
1995,5811.62357855094
1996,9314.89534125897
1997,22383.0255602888
1998,26616.8275762342
1999,32122.5280011666
2000,35979.6149539685
2001,55132.9145220661
2002,61858.1644982762
2003,66277.2755009524
2004,86021.5467585335
2005,95230.3235569134
2006,97764.994978945
2007,107315.237326541
2008,120201.30153794
2009,115863.231308346
2010,100296.499514384
2011,101604.863872593
2012,104883.842467568
2013,95918.1070574852
2014,92110.673040948
2015,80340.0239602089
2016,70393.780331982
2017,63977.5566393572
2018,57872.2794290707
2019,52954.2941630445
2020,52279.1338167019
2021,50957.6142423705
2022,48848.1976463783
2023,45250.2704002788
2024,44380.0700650895
