Year,Value
1960,..
1961,..
1962,..
1963,..
1964,..
1965,..
1966,..
1967,..
1968,..
1969,..
1970,..
1971,..
1972,..
1973,..
1974,..
1975,..
1976,..
1977,..
1978,..
1979,..
1980,..
1981,..
1982,..
1983,..
1984,..
1985,..
1986,..
1987,..
1988,..
1989,..
1990,..
1991,75022.8011720382
1992,73981.2723049966
1993,73287.6482758229
1994,72894.4217271268
1995,73565.4909697813
1996,73206.6454238843
1997,75606.8612351838
1998,77607.0751364718
1999,79474.5872601028
2000,81757.5624905691
2001,85677.8489497405
2002,88312.2014362977
2003,91760.9967476496
2004,95881.9417245416
2005,95676.6386879378
2006,99525.4703988672
2007,102267.807871358
2008,101121.598619461
2009,97953.3507641896
2010,95319.8058500397
2011,92857.2278966765
2012,93763.3974035961
2013,96669.2958230259
2014,97329.1412009683
2015,95437.6735019442
2016,94014.6281645207
2017,93242.6073349121
2018,93072.9758937248
2019,92661.4517378883
2020,84377.6707609109
2021,90794.826027279
2022,91830.8083599215
2023,92532.5187819209
2024,93759.6629146562
