Year,Value
1960,..
1961,..
1962,..
1963,..
1964,..
1965,..
1966,..
1967,..
1968,..
1969,..
1970,..
1971,..
1972,..
1973,..
1974,..
1975,..
1976,..
1977,..
1978,..
1979,..
1980,..
1981,..
1982,..
1983,..
1984,..
1985,..
1986,..
1987,..
1988,..
1989,..
1990,64.3657679390679
1991,63.8624877450555
1992,64.2628977435731
1993,61.6432755650826
1994,62.4511802401064
1995,63.0171613658766
1996,62.9093818887993
1997,63.0712942275682
1998,65.3096283506329
1999,69.3052325133195
2000,70.2315749275722
2001,70.4122910248485
2002,77.7136143265444
2003,77.317801235208
2004,77.2783894597615
2005,76.54396777241
2006,73.1688986288349
2007,73.7160447071965
2008,69.4404550518123
2009,74.0528521216757
2010,72.6792129999334
2011,71.2018574368094
2012,72.4890822638863
2013,71.7609445838577
2014,71.6618130601904
2015,72.9896691922033
2016,76.6654264109171
2017,74.2973750480736
2018,74.4999441565234
2019,74.2673153587589
2020,74.2309313036355
2021,78.156400422303
2022,73.0856106210281
2023,..
2024,..
