Year,Value
1960,..
1961,4.68952431164918
1962,1.10492580955443
1963,-12.2786572607531
1964,11.3602823799386
1965,10.5410187618772
1966,5.23327389402719
1967,4.31362182924127
1968,1.02482755310702
1969,6.99438665753721
1970,4.25545689303152
1971,3.11285084398625
1972,-3.3176709348416
1973,1.24471935231686
1974,7.70283994935743
1975,8.48302151373474
1976,1.53691327860348
1977,-2.63867966107593
1978,-1.80618877216861
1979,-1.83569626054445
1980,1.73388972721931
1981,1.49616592020392
1982,-13.1901344884724
1983,-6.792386689346
1984,-5.02873786366854
1985,2.39966745807851
1986,-0.900602237275649
1987,0.899396594038478
1988,-3.69353310075873
1989,-4.91666666511816
1990,-3.06748466406728
1991,6.05786618530573
1992,7.75788577607526
1993,8.17510549304023
1994,8.53242316667276
1995,5.03144655812085
1996,7.95551754125103
1997,6.18066561019938
1998,-1.67910449189729
1999,2.96015180311224
2000,-1.36380390261873
2001,2.2795216592191
2002,1.13262696199476
2003,-0.632225388266377
2004,1.56335211034042
2005,-1.95095759501714
2006,5.12960934773
2007,7.19123624057457
2008,1.75522349592019
2009,3.61150847218585
2010,4.13844160137342
2011,5.19625156051602
2012,5.27633062046809
2013,3.65338433338232
2014,1.68649445019584
2015,0.687404590619494
2016,3.80745626378814
2017,3.73449154571284
2018,4.44091288475967
2019,5.35284003535665
2020,43.479651716849
2021,20.0599975568418
2022,63.3346343654855
2023,33.795011115873
2024,43.3720094777132
