Year,Value
1960,..
1961,..
1962,..
1963,..
1964,..
1965,..
1966,..
1967,..
1968,..
1969,..
1970,..
1971,..
1972,..
1973,..
1974,..
1975,..
1976,..
1977,..
1978,..
1979,..
1980,..
1981,..
1982,..
1983,..
1984,..
1985,..
1986,..
1987,..
1988,..
1989,..
1990,..
1991,..
1992,..
1993,..
1994,1.89574284299525
1995,-1.61880845256945
1996,-0.753139961976999
1997,5.78417867985861
1998,-2.78091766293115
1999,0.177276606331731
2000,4.16354365732174
2001,1.86629288319334
2002,0.966825248500982
2003,2.7431286935357
2004,3.30745276699538
2005,3.8540473486544
2006,5.99601961023548
2007,7.3178430888172
2008,2.68341967176369
2009,-4.77900740758581
2010,2.89981739049543
2011,4.05803340600642
2012,-1.28887813514889
2013,3.60245631065665
2014,1.93631291500829
2015,2.87552993477082
2016,2.57208270754705
2017,4.90340966688103
2018,2.71423877109693
2019,-2.44626955064429
2020,-5.44579686167963
2021,9.86376991330596
2022,-3.58424828566866
2023,1.55858983668939
2024,5.13530089356271
