Year,Value
1960,..
1961,..
1962,1.95514461784867
1963,3.68515326998202
1964,4.9559884138576
1965,2.37997293470247
1966,0.553412047909461
1967,6.64309691016402
1968,3.32620357200506
1969,5.58773905145753
1970,8.85446140701163
1971,7.62338122251276
1972,9.1508326883297
1973,14.2618630703953
1974,11.6121394150855
1975,4.45850148602038
1976,9.63712133251914
1977,3.85849018928235
1978,8.12247690811864
1979,17.7599537421598
1980,15.7451574310602
1981,10.6161400150355
1982,9.68497508862013
1983,4.60272534720596
1984,9.64205882691537
1985,5.36129553092435
1986,3.77069211598847
1987,8.61130548549444
1988,8.8019797084069
1989,12.5595180503133
1990,7.56487064640903
1991,9.1403690716902
1992,9.8993318780213
1993,8.61297884671883
1994,6.32131205869857
1995,4.13963098722819
1996,5.8836785061745
1997,5.76023261906195
1998,1.21989540552501
1999,-4.09567587073241
2000,-3.39418705231196
2001,-1.77403333338671
2002,-3.40189417417275
2003,-6.00770820205884
2004,-3.59083504092162
2005,-0.150080811829284
2006,-0.534819940036471
2007,3.13740248990118
2008,1.28147803017615
2009,-0.375412596026251
2010,0.270660047329969
2011,3.89789826061701
2012,3.54482094310946
2013,1.81247345825628
2014,2.85025714638422
2015,3.64356544942336
2016,1.63826566455523
2017,2.88057737271848
2018,3.65954652458296
2019,2.04492054639704
2020,0.63830994595979
2021,0.683621362358423
2022,1.68861422335567
2023,2.90860125487062
2024,3.8433247327
