Year,Value
1960,..
1961,..
1962,..
1963,..
1964,..
1965,..
1966,..
1967,..
1968,..
1969,..
1970,1.16182572614108
1971,1.01231190150479
1972,0.373600708194316
1973,0.723288061550025
1974,-0.111164813896731
1975,0.622775800711744
1976,0.389465889816984
1977,0.533093756606582
1978,0.424571267119222
1979,0.795647755651983
1980,0.146163459456393
1981,-0.0890230856182727
1982,0.323449867497361
1983,0.469095834097611
1984,0.416046847863003
1985,0.521018777287012
1986,0.528370970957951
1987,0.624341610216895
1988,0.818267236121439
1989,0.938821097014908
1990,0.883605842004661
1991,1.12075103312281
1992,0.962841512418707
1993,0.541941729763666
1994,0.749631536366711
1995,0.935025978785195
1996,1.74303920909253
1997,2.11779483377065
1998,1.55505354513647
1999,3.69941913669702
2000,4.8698431531529
2001,4.04940697578742
2002,3.65621737783932
2003,4.74055553954206
2004,6.67606399673032
2005,6.16028277171203
2006,6.57287305327357
2007,7.82223281251053
2008,8.65020371949481
2009,3.38987200238321
2010,3.83460574737835
2011,5.88681418228479
2012,5.83610988955547
2013,5.77862113948421
2014,8.62899693066623
2015,6.27594328427603
2016,5.28156973350556
2017,4.10592046689605
2018,5.9938612069111
2019,3.83846408231678
2020,1.0106822391556
2021,2.84361329738545
2022,2.41292398026651
2023,3.16136364280263
2024,3.52903749551748
