Year,Value
1960,12.2597944287204
1961,12.5772038180797
1962,15.3062540296583
1963,13.3227693807899
1964,12.3413566739606
1965,15.0693010911236
1966,14.5831439221747
1967,17.6308309647216
1968,17.2928262213976
1969,16.4820421794879
1970,14.6887966804979
1971,16.2790697674419
1972,16.9987495017901
1973,18.1917763392754
1974,14.258095698405
1975,9.9644128113879
1976,14.7626081143401
1977,18.6283293988718
1978,16.3606710675038
1979,16.453960276487
1980,11.8566483595909
1981,8.93217271597284
1982,7.05544014439138
1983,5.41092014915904
1984,6.55108113291505
1985,7.67562277498783
1986,6.6287992772908
1987,9.97837176228353
1988,13.11237915534
1989,9.97426039149501
1990,13.6653463276016
1991,15.6406091726198
1992,15.0853757729966
1993,21.3871766186614
1994,24.4132531701537
1995,22.3261059159677
1996,21.0482783587959
1997,22.7291664301742
1998,20.164653657745
1999,18.379192997678
2000,15.8407263848962
2001,12.8211884066049
2002,11.7221479856248
2003,11.2206601698108
2004,11.0497654907667
2005,9.14505456947962
2006,7.31918482897696
2007,5.61264595371268
2008,2.96756801867564
2009,2.75512077326234
2010,3.95581483931758
2011,6.29837285144695
2012,5.18164597334706
2013,1.33723057932317
2014,4.33404440306922
2015,8.18709258713846
2016,8.98964131247279
2017,9.19529336422508
2018,5.93053980731982
2019,3.94565999865536
2020,3.41577912967314
2021,-0.41091369007595
2022,-1.49390359198336
2023,-1.86819976209446
2024,-1.5196210693017
