Year,Value
1960,..
1961,..
1962,..
1963,..
1964,..
1965,..
1966,..
1967,..
1968,..
1969,..
1970,..
1971,..
1972,..
1973,..
1974,..
1975,..
1976,..
1977,..
1978,..
1979,..
1980,..
1981,..
1982,..
1983,..
1984,..
1985,..
1986,..
1987,..
1988,..
1989,..
1990,50.7280332815214
1991,50.0925566195123
1992,50.5845745532752
1993,51.1380167466581
1994,50.9678972160778
1995,51.5098995695839
1996,51.5578686151513
1997,51.9391171293473
1998,52.2375849752276
1999,52.0217280989067
2000,50.8219370550768
2001,50.7262622567818
2002,50.6464466250372
2003,50.5810258193723
2004,50.531535344984
2005,50.4995791091754
2006,47.3178473879771
2007,47.2194135490394
2008,49.468812322049
2009,50.6994436665965
2010,52.545546371688
2011,49.728015642234
2012,48.7778159909307
2013,52.9928094441664
2014,55.8999720524442
2015,57.0282256088597
2016,56.874403854968
2017,55.1632269264153
2018,60.6001179060842
2019,57.408152074575
2020,65.1218844152287
2021,65.6863523310578
2022,61.2110818274675
2023,52.852784845538
2024,52.7028830752803
