Year,Value
1960,..
1961,4.18905506794871
1962,2.92397480604242
1963,2.1330054077134
1964,5.68451324107467
1965,2.07710192543846
1966,2.60566547152332
1967,2.6211199671049
1968,1.44868120969063
1969,2.60516830495155
1970,4.44557528281055
1971,-2.77754008864453
1972,3.86452383578926
1973,5.34580501259809
1974,14.7789434340134
1975,6.38480092295136
1976,8.53218912666507
1977,12.1994797188068
1978,75.0738706508897
1979,8.35485422380901
1980,11.2924547533385
1981,3.16932827722172
1982,7.74004861288542
1983,3.98481813114276
1984,3.26391570947062
1985,1.66148350126687
1986,2.12867790570674
1987,2.24250267912511
1988,9.17751045764341
1989,11.5036925338541
1990,25.0086874853778
1991,26.2836710300963
1992,3.67417388031402
1993,10.9086143487444
1994,21.3388006751817
1995,23.7139686839353
1996,18.1935778444514
1997,16.8116051387563
1998,10.2989949131436
1999,7.57572728281066
2000,7.99344674107078
2001,8.08434938014908
2002,5.13193992154596
2003,5.75974076655675
2004,6.45198385160759
2005,7.27916415839877
2006,5.34866346521486
2007,6.62550716828601
2008,7.79051363926141
2009,7.65373242322937
2010,4.67604329499009
2011,7.8072052366428
2012,3.57978742613756
2013,1.37403051856492
2014,6.84935672480186
2015,6.9327703694637
2016,3.67806814426042
2017,4.5128429763521
2018,1.94721691531043
2019,3.35874088466439
2020,3.40198228348704
2021,4.60572808888793
2022,9.31239503002736
2023,6.04752279899292
2024,5.10094474718596
