Year,Value
1960,..
1961,..
1962,..
1963,..
1964,..
1965,..
1966,..
1967,..
1968,..
1969,..
1970,1.59018486460849
1971,1.66231964530839
1972,1.75244033564972
1973,2.34365997165558
1974,1.81254864639806
1975,1.94176037170442
1976,2.19236135605899
1977,2.35805772610585
1978,2.65936137366553
1979,2.97708282696449
1980,4.50643875229474
1981,4.84063283906191
1982,4.62278623382049
1983,4.16405227243004
1984,4.36823006855807
1985,4.4219490908459
1986,5.51821229050822
1987,5.30277431793556
1988,5.14519457491737
1989,4.5214289051475
1990,4.30530174480981
1991,3.89418647967987
1992,3.86812850357139
1993,3.70916695657288
1994,5.14216037023722
1995,6.17801445612851
1996,4.74129652268634
1997,4.10881270491412
1998,4.02530944858947
1999,3.83116902381075
2000,3.37930305497359
2001,2.93209985591831
2002,3.01744685510868
2003,2.6546598831178
2004,2.40430331438455
2005,2.07680656386561
2006,1.67932878193586
2007,1.86374466238928
2008,1.76353571965118
2009,1.54667203912447
2010,1.28490367301668
2011,1.4752595859302
2012,1.73763362127217
2013,1.8268655742816
2014,2.30502317646424
2015,2.31859984814554
2016,2.98461316091907
2017,3.34653935171612
2018,3.24108850974512
2019,4.28277697394796
2020,3.24540580956606
2021,4.08366039376603
2022,3.70145459143145
2023,3.70455802685557
2024,..
