Year,Value
1960,..
1961,..
1962,..
1963,..
1964,..
1965,..
1966,..
1967,..
1968,..
1969,..
1970,3.17859671181034
1971,2.74493841674297
1972,2.94400138340296
1973,3.93638876898595
1974,3.61002781853169
1975,4.03024447728443
1976,3.67994046143904
1977,5.09988874587931
1978,4.5422978052256
1979,4.27835101970491
1980,4.73040658502413
1981,4.82550114746108
1982,6.81842648306108
1983,4.77232166024365
1984,4.30317798828267
1985,3.37096559798726
1986,4.61039514124564
1987,4.13906123096612
1988,4.4444581931425
1989,4.5877782418611
1990,5.18737120598578
1991,4.77322479426834
1992,6.529339252378
1993,5.58892518584895
1994,7.83313167074342
1995,9.95834156348644
1996,9.03487224207745
1997,8.09886723757252
1998,7.91549814216841
1999,5.24422250076592
2000,4.9401576973769
2001,4.95356509872952
2002,5.43412662452984
2003,7.5636657652849
2004,5.76525174819579
2005,5.3293001955594
2006,4.65962981285022
2007,5.61354007927635
2008,5.72686175063327
2009,5.7881444215419
2010,4.94001073191452
2011,5.18347640135593
2012,5.73218124420242
2013,5.49943844369571
2014,5.75399652210069
2015,6.22371588600808
2016,6.50399476308559
2017,5.9916573456062
2018,4.12759438247003
2019,3.78272125704853
2020,4.12193908685118
2021,3.94460661561467
2022,..
2023,..
2024,..
