Year,Value
1960,742.617995313586
1961,724.031360389632
1962,757.546239097205
1963,763.882564193807
1964,770.263205655864
1965,780.40919072998
1966,789.891682695249
1967,787.877350685299
1968,801.713528897656
1969,815.939559319015
1970,794.859759577134
1971,808.659423484858
1972,804.230983352175
1973,807.619120303935
1974,826.323412868382
1975,820.573993530454
1976,829.348050588323
1977,836.564230773017
1978,833.878267978368
1979,815.055862578026
1980,800.705026281339
1981,805.686927584765
1982,790.334630163454
1983,771.704688129087
1984,760.171463165879
1985,751.255829375418
1986,753.896566873195
1987,757.627851623805
1988,746.461552652198
1989,736.900071295776
1990,709.760435299572
1991,694.646386245768
1992,666.381260612242
1993,648.109991024092
1994,628.22883626701
1995,640.316890308681
1996,653.952734979206
1997,671.143999900341
1998,675.378557930833
1999,676.768828703081
2000,677.558211848878
2001,683.461240624205
2002,690.001909431372
2003,696.757837850112
2004,716.611764579366
2005,735.980077554583
2006,756.97102782666
2007,776.419476427812
2008,797.720514308209
2009,803.363974668223
2010,829.717281093898
2011,843.927481954543
2012,853.478503714767
2013,877.096553027641
2014,900.190152354274
2015,917.999801798178
2016,931.66620711483
2017,950.257423394052
2018,962.546669755313
2019,977.960356939643
2020,953.597086826481
2021,967.583078913846
2022,989.774610294658
2023,998.105333517896
2024,1023.54282155208
