Year,Value
1960,..
1961,..
1962,..
1963,..
1964,..
1965,..
1966,..
1967,..
1968,..
1969,..
1970,..
1971,..
1972,..
1973,..
1974,..
1975,..
1976,..
1977,..
1978,..
1979,..
1980,..
1981,..
1982,..
1983,..
1984,..
1985,..
1986,..
1987,..
1988,..
1989,..
1990,82.2709568154641
1991,82.3905024392566
1992,82.3943316103724
1993,82.3307453933438
1994,82.4982423429106
1995,82.6624989775452
1996,82.4808214584909
1997,82.2380793877404
1998,82.1153351258944
1999,82.1484854578424
2000,82.2277842145777
2001,82.3129184218163
2002,82.3690483856098
2003,82.3759002208766
2004,82.4180192715975
2005,82.4515192984621
2006,82.3018661477738
2007,82.2187952901327
2008,82.0791195004169
2009,81.9366177707
2010,81.8411329919246
2011,81.9244187445064
2012,81.7935965859478
2013,81.6646038293147
2014,81.3598448806821
2015,80.9876910687836
2016,80.6275838408345
2017,80.3556260532429
2018,80.1891787618697
2019,79.8659403246449
2020,79.1986625625163
2021,79.6562905623172
2022,79.3193328714793
2023,81.2845628177934
2024,81.2541208962463
