Year,Value
1960,..
1961,..
1962,..
1963,..
1964,..
1965,..
1966,..
1967,..
1968,..
1969,..
1970,..
1971,..
1972,..
1973,..
1974,..
1975,..
1976,..
1977,..
1978,..
1979,..
1980,..
1981,..
1982,..
1983,..
1984,..
1985,..
1986,..
1987,..
1988,..
1989,..
1990,53.707188967924
1991,53.8297349215294
1992,53.7968173677377
1993,53.6418844872986
1994,53.5346661337429
1995,53.5520795229737
1996,53.5867655309263
1997,53.5291753221457
1998,53.3455904507569
1999,53.1624251480963
2000,53.0021103357848
2001,52.8732038585866
2002,52.6993262653485
2003,52.458879047993
2004,52.3082061905201
2005,52.120045413492
2006,51.7133157168658
2007,51.2639172762692
2008,50.6891416852178
2009,50.101267033735
2010,49.5574297667798
2011,49.8309670468481
2012,49.352861078399
2013,49.2173980049647
2014,47.4988251560768
2015,46.6807658994334
2016,45.7954384955381
2017,44.8002499155555
2018,44.1930767612115
2019,43.513168511586
2020,42.979824135369
2021,42.7330899740976
2022,41.9031458862345
2023,43.6359272603255
2024,43.4651932030274
