Year,Value
1960,..
1961,..
1962,..
1963,..
1964,..
1965,..
1966,..
1967,..
1968,..
1969,..
1970,..
1971,..
1972,..
1973,..
1974,..
1975,..
1976,..
1977,..
1978,..
1979,..
1980,..
1981,..
1982,..
1983,..
1984,..
1985,..
1986,..
1987,..
1988,..
1989,..
1990,..
1991,..
1992,0.122397069887752
1993,1.28055940790311
1994,0.759752677889022
1995,0.474491777505383
1996,2.03937155501268
1997,2.46740820769145
1998,3.87820919583411
1999,6.11826637175643
2000,4.58593627511279
2001,4.4945739209067
2002,3.66542521482355
2003,5.23880665324196
2004,3.14124376125564
2005,4.03155518239355
2006,6.74853509660753
2007,7.8346433188692
2008,7.66605422421404
2009,4.92541459314338
2010,2.61954028140033
2011,1.9855409036994
2012,2.54569948440014
2013,1.59377624608893
2014,5.34746591045471
2015,0.95805116174867
2016,2.99014228580785
2017,3.23999605818927
2018,2.66911435553493
2019,6.47277176941678
2020,2.53910439982718
2021,7.42706757670832
2022,5.51610421858619
2023,3.95990588027565
2024,5.04216663315136
