Year,Value
1960,..
1961,..
1962,..
1963,..
1964,..
1965,..
1966,..
1967,..
1968,..
1969,..
1970,..
1971,20.7583753071027
1972,33.3017968042093
1973,33.1957412235225
1974,16.598623405467
1975,8.52043120176933
1976,15.5128585479714
1977,14.7926856829012
1978,14.4894237137155
1979,19.1631447495096
1980,6.98363190031534
1981,6.22392966634317
1982,2.02692610721519
1983,2.44564090578156
1984,2.52452736199038
1985,1.55995465831456
1986,2.95089196608769
1987,2.83007756816091
1988,2.32098715224226
1989,2.30750408674477
1990,1.08282127332403
1991,5.15562012966365
1992,4.00459326742306
1993,4.64726655910623
1994,7.67272218772232
1995,23.7375063822217
1996,24.1380469170784
1997,19.8522332462328
1998,24.7006057824447
1999,21.643034773973
2000,15.1661066565877
2001,11.0296845219655
2002,6.41613441182703
2003,4.58505550558423
2004,14.7196693078566
2005,16.4218330200449
2006,25.9578345145655
2007,36.3395029310323
2008,35.9056037348084
2009,75.4289884953524
2010,201.670976183155
2011,247.880380489652
2012,190.011390864317
2013,155.737604401076
2014,100.460689880632
2015,90.7620999868101
2016,96.0310403871939
2017,106.758283285803
2018,102.441645199877
2019,106.380940751904
2020,111.729201570384
2021,94.3280505570266
2022,84.8434815152118
2023,98.0591871898413
2024,..
