Year,Value
1960,..
1961,..
1962,..
1963,..
1964,..
1965,..
1966,..
1967,..
1968,..
1969,..
1970,6.41064780018398
1971,6.55152713706254
1972,6.73661336757677
1973,7.17692726888422
1974,7.34029537958835
1975,7.43896532667965
1976,7.77289467355218
1977,8.10285958032992
1978,8.76894346017182
1979,8.62613871701373
1980,8.5522132975425
1981,8.43553792025428
1982,8.45867114534678
1983,8.1239815320938
1984,8.28706531016081
1985,8.29660823800961
1986,8.17983881193886
1987,8.2978563219436
1988,7.86644668181068
1989,7.738024650346
1990,6.97138843808186
1991,6.59642932886035
1992,5.95149682125412
1993,6.05407296705979
1994,6.03775080716073
1995,6.03727478987488
1996,6.16679587843865
1997,6.05577812359883
1998,6.06029082741363
1999,6.11713958347375
2000,5.82488188439669
2001,5.98784244652506
2002,5.90370255452322
2003,6.18698635438171
2004,6.01639671574943
2005,6.06764207428028
2006,6.02370879036318
2007,5.88047868986792
2008,5.7605117576997
2009,5.1572388539957
2010,5.23348796297769
2011,5.15732129449593
2012,4.80261708191697
2013,4.53653466202979
2014,4.55833690462703
2015,4.8516216214837
2016,4.9454520118589
2017,5.2600168031356
2018,5.24446160509094
2019,5.23738233927712
2020,5.06738125824744
2021,5.21792698775155
2022,4.95583896594654
2023,4.5688438485242
2024,..
