Year,Value
1960,..
1961,..
1962,..
1963,..
1964,..
1965,..
1966,..
1967,..
1968,..
1969,..
1970,0.936895818086503
1971,0.88815127016667
1972,0.882852904303306
1973,0.877476976149767
1974,0.857534050659988
1975,0.893449105751788
1976,0.897802742705185
1977,0.924374199690245
1978,0.952178961336827
1979,0.94051004681852
1980,0.910649090745628
1981,0.895393595417307
1982,0.908142798023029
1983,0.925156218841002
1984,0.934316472302891
1985,0.918789279856244
1986,0.927680303131898
1987,1.04945310678165
1988,1.05294608680534
1989,1.19951617748101
1990,1.29384316339286
1991,1.29035377528057
1992,1.2540292776114
1993,1.20937843594855
1994,1.16514390432567
1995,1.16995390316865
1996,1.11403561851843
1997,1.07186263615543
1998,1.05206491015387
1999,1.01631703033163
2000,0.995064658609549
2001,0.98416067136403
2002,0.977012970154377
2003,0.999106087848336
2004,1.00392575387485
2005,1.00294497083245
2006,0.990630092711113
2007,0.964943975904965
2008,0.936000102031138
2009,0.933266050948072
2010,0.929531890494445
2011,0.932054234390458
2012,0.912916358446306
2013,0.891884249244572
2014,0.862886558431514
2015,0.821230962409764
2016,0.789939008225833
2017,0.770337886922687
2018,0.763339403900029
2019,0.747888044849419
2020,0.741888882862839
2021,0.729057576061281
2022,0.707084329701477
2023,0.704618686715384
2024,..
