Year,Value
1960,..
1961,..
1962,..
1963,..
1964,..
1965,..
1966,..
1967,..
1968,..
1969,..
1970,..
1971,..
1972,..
1973,..
1974,..
1975,..
1976,..
1977,..
1978,..
1979,..
1980,..
1981,..
1982,..
1983,..
1984,..
1985,..
1986,..
1987,..
1988,..
1989,..
1990,6223.68070239405
1991,6112.33656315237
1992,6001.74067657322
1993,6029.43862507226
1994,6045.81119048736
1995,6162.84032715921
1996,6369.6077592845
1997,6579.11258410042
1998,6618.61368241223
1999,6790.22698447878
2000,7102.0335391796
2001,7276.84421776549
2002,7515.07938252275
2003,7869.64666238298
2004,8371.55364049287
2005,8850.14485674497
2006,9454.55278498471
2007,10151.3269792604
2008,10597.0711062978
2009,10696.7159719675
2010,11363.9038457374
2011,11913.0432009872
2012,12383.6387924843
2013,12846.3346171141
2014,13283.8919973228
2015,13687.0209946096
2016,14165.4414188775
2017,14738.7703070363
2018,15317.0778691509
2019,15779.4374584361
2020,15370.6572698761
2021,16411.8743551053
2022,16953.04900839
2023,17711.8914299463
2024,18388.5795061161
