Year,Value
1960,..
1961,..
1962,..
1963,..
1964,..
1965,..
1966,..
1967,..
1968,..
1969,..
1970,..
1971,..
1972,..
1973,..
1974,..
1975,..
1976,..
1977,..
1978,..
1979,..
1980,..
1981,..
1982,..
1983,..
1984,..
1985,..
1986,..
1987,..
1988,..
1989,..
1990,..
1991,4.62075725160695
1992,4.64045009348711
1993,4.86511297909185
1994,5.26517938218754
1995,5.57190656591409
1996,5.70761125683459
1997,5.87694090555143
1998,6.08274146502645
1999,6.3042197287016
2000,6.23531945396395
2001,6.36005874824265
2002,6.5036824579312
2003,6.6131610467245
2004,6.54287625319697
2005,6.44449069508113
2006,6.19755066046141
2007,6.01727968916167
2008,5.94984341329148
2009,6.20126610358706
2010,5.98505095647564
2011,5.86388977500999
2012,5.77610490270611
2013,5.74142437115171
2014,5.66936806644235
2015,5.8989604725495
2016,5.96020545159022
2017,5.99348353312582
2018,5.90582355037
2019,5.82288119873914
2020,6.51850988103058
2021,6.26137086296372
2022,5.64553902202966
2023,5.24583848331405
2024,5.21470245466809
