Year,Value
1960,..
1961,..
1962,..
1963,..
1964,..
1965,..
1966,..
1967,..
1968,..
1969,..
1970,..
1971,..
1972,..
1973,..
1974,..
1975,..
1976,..
1977,..
1978,..
1979,..
1980,..
1981,..
1982,..
1983,..
1984,..
1985,..
1986,..
1987,..
1988,..
1989,..
1990,..
1991,0.978021143834073
1992,-0.246055088845028
1993,-0.167679899851931
1994,-0.22115004887435
1995,4.12773623547927
1996,5.04295039893876
1997,6.48440061987437
1998,7.48478668649531
1999,7.91962336241881
2000,11.9893920963484
2001,14.8588443429836
2002,19.0474088796804
2003,28.5430648114311
2004,38.7595457623262
2005,48.3516228268693
2006,58.4407070563364
2007,67.8645593532203
2008,72.5204986287071
2009,76.6130504397873
2010,89.5947988693106
2011,101.923284913072
2012,108.418960105267
2013,114.196364041563
2014,117.435679183862
2015,116.103687934342
2016,117.783916968306
2017,123.62867007457
2018,132.265431094925
2019,136.538893638802
2020,131.475979049472
2021,144.893411185553
2022,146.33893475634
2023,156.739012765034
2024,..
