Year,Value
1960,..
1961,..
1962,..
1963,..
1964,..
1965,..
1966,..
1967,..
1968,..
1969,..
1970,..
1971,..
1972,..
1973,..
1974,..
1975,..
1976,..
1977,..
1978,..
1979,..
1980,..
1981,..
1982,..
1983,..
1984,..
1985,..
1986,..
1987,..
1988,..
1989,..
1990,..
1991,..
1992,..
1993,..
1994,..
1995,24.6667269929641
1996,24.4674123056171
1997,23.806785042061
1998,..
1999,..
2000,..
2001,..
2002,..
2003,..
2004,..
2005,..
2006,..
2007,..
2008,..
2009,..
2010,29.8722863612396
2011,30.5242247192623
2012,30.8088252905223
2013,30.5564005351782
2014,29.8727527657693
2015,29.0774517506879
2016,28.695344718521
2017,28.5790490936346
2018,29.3370431235509
2019,29.3481595208199
2020,28.1195855920855
2021,28.2655621974567
2022,..
2023,..
2024,..
