Year,Value
1960,..
1961,..
1962,..
1963,..
1964,..
1965,..
1966,..
1967,..
1968,..
1969,..
1970,..
1971,..
1972,..
1973,..
1974,..
1975,..
1976,..
1977,..
1978,..
1979,..
1980,..
1981,..
1982,..
1983,..
1984,..
1985,..
1986,..
1987,..
1988,..
1989,..
1990,70.1936559019401
1991,70.0463892499924
1992,69.9056617055918
1993,69.6335768739418
1994,69.539522372974
1995,69.4061280445323
1996,69.2203592354098
1997,69.1005710968695
1998,68.9815300911173
1999,69.0011852648205
2000,68.8228537950084
2001,68.6319590368947
2002,68.4245488300108
2003,68.2789308827298
2004,68.2091557895894
2005,68.0932480416645
2006,67.7770822637729
2007,67.5716558392139
2008,67.2323474031243
2009,66.9552547161547
2010,66.634815636812
2011,66.4977416696126
2012,66.2650422858448
2013,66.0542432164092
2014,65.8650557326431
2015,65.7825113752896
2016,65.6528206461608
2017,65.514586029586
2018,65.428315556121
2019,65.3440924045744
2020,64.0164565558163
2021,64.9580451843731
2022,65.2518929858943
2023,65.8051887091468
2024,65.9250292574343
