Year,Value
1960,..
1961,..
1962,..
1963,..
1964,..
1965,..
1966,..
1967,..
1968,..
1969,..
1970,..
1971,..
1972,..
1973,..
1974,..
1975,..
1976,..
1977,..
1978,..
1979,..
1980,..
1981,..
1982,..
1983,..
1984,..
1985,..
1986,..
1987,..
1988,..
1989,..
1990,..
1991,..
1992,..
1993,..
1994,..
1995,..
1996,..
1997,..
1998,..
1999,..
2000,4257.85510331931
2001,3586.68968809664
2002,3815.69318448764
2003,4820.16653017668
2004,5145.93728776417
2005,4232.9830481008
2006,3888.09051921386
2007,3741.690430235
2008,3810.85686831449
2009,3337.18955778384
2010,3104.89626575223
2011,3640.7221473907
2012,3633.37163274195
2013,3941.31251757571
2014,3635.71188869071
2015,3814.87813720194
2016,3616.58939028312
2017,3588.41865019259
2018,3706.26096121346
2019,3594.89203089349
2020,3643.64142704317
2021,3657.99686443869
2022,3657.99686443869
2023,..
2024,..
