Year,Value
1960,153.558049961212
1961,154.263842189755
1962,154.659182880648
1963,166.677079253328
1964,180.834647788425
1965,194.243724703407
1966,197.228381786024
1967,197.701507178517
1968,204.606541733021
1969,223.232833140212
1970,238.064188779345
1971,250.708296391806
1972,274.284657545807
1973,342.734335869487
1974,426.254642810498
1975,455.887692382648
1976,482.230841822992
1977,532.812638910171
1978,579.494779099875
1979,661.818270292628
1980,770.096432498835
1981,844.601359375703
1982,810.846899182625
1983,768.734985366504
1984,769.816138282562
1985,782.745508393051
1986,782.986974792902
1987,790.788381684241
1988,827.014892388696
1989,841.939032183142
1990,927.944175947905
1991,893.387197740168
1992,902.933381687459
1993,943.599198131938
1994,1017.98737351606
1995,1142.90762772374
1996,1233.55746665186
1997,1285.79062862505
1998,1239.71365194239
1999,1162.57288855847
2000,1251.56950234537
2001,1248.71606750651
2002,1256.0080855801
2003,1391.63241196511
2004,1632.39782025839
2005,1918.53697731598
2006,2246.05679380174
2007,2740.42868474932
2008,3242.34945163635
2009,3106.56477327797
2010,3712.16834474718
2011,4320.70980905537
2012,4529.03358074522
2013,4729.04246964317
2014,4841.00103049456
2015,4494.4411970331
2016,4467.69831583104
2017,4853.16565473343
2018,5111.82139451166
2019,5169.58132257986
2020,4932.64621363093
2021,5764.25548879942
2022,6043.77728725502
2023,6162.30588823383
2024,6351.48106277471
