Year,Value
1960,..
1961,..
1962,..
1963,..
1964,..
1965,..
1966,..
1967,..
1968,..
1969,..
1970,..
1971,..
1972,..
1973,..
1974,..
1975,..
1976,..
1977,..
1978,..
1979,..
1980,..
1981,..
1982,..
1983,..
1984,..
1985,..
1986,..
1987,..
1988,..
1989,..
1990,..
1991,..
1992,..
1993,..
1994,..
1995,..
1996,..
1997,..
1998,..
1999,..
2000,-4789.3261976242
2001,-4765.8176521968
2002,-4765.00226278122
2003,-4774.31383674519
2004,-4746.51601455079
2005,-4746.15107744733
2006,-4755.5178726182
2007,-4808.73677076459
2008,-4841.87979168633
2009,-5031.48788301328
2010,-5083.69561925528
2011,-5207.22313851173
2012,-5164.24243464004
2013,-5215.42858530351
2014,-5061.63485313388
2015,-5243.76297783739
2016,-5339.27513747949
2017,-5207.42849931029
2018,-5329.48391335694
2019,-5305.61971802149
2020,-5303.52979878414
2021,-5282.24261949659
2022,-5282.24261949659
2023,..
2024,..
