Year,Value
1960,..
1961,..
1962,..
1963,..
1964,..
1965,..
1966,..
1967,..
1968,..
1969,..
1970,..
1971,..
1972,..
1973,..
1974,..
1975,..
1976,..
1977,..
1978,..
1979,..
1980,..
1981,..
1982,..
1983,..
1984,..
1985,..
1986,..
1987,..
1988,..
1989,..
1990,1353.1045996846
1991,1391.80074180549
1992,1417.01227705513
1993,1428.01203591478
1994,1434.43586017203
1995,1480.38985462323
1996,1538.33341689666
1997,1584.88978345489
1998,1617.17989963585
1999,1654.49292335351
2000,1721.79711468066
2001,1790.45330866657
2002,1867.83713176546
2003,1955.5697461757
2004,2094.73774150113
2005,2245.79086003134
2006,2402.30889940296
2007,2554.15488216159
2008,2672.35925804504
2009,2756.5727732103
2010,2887.76408086342
2011,3008.86975724325
2012,3114.10851581582
2013,3272.6408028597
2014,3454.65426461892
2015,3547.45667174887
2016,3652.92200098947
2017,3829.77627299951
2018,3988.08200311511
2019,4192.32716571366
2020,4215.33625721442
2021,4483.67397775858
2022,4910.84462973367
2023,5131.09385547711
2024,5365.00455819544
