Year,Value
1960,..
1961,..
1962,..
1963,..
1964,..
1965,..
1966,..
1967,..
1968,..
1969,..
1970,..
1971,..
1972,..
1973,..
1974,..
1975,..
1976,..
1977,..
1978,..
1979,..
1980,..
1981,..
1982,..
1983,..
1984,16.5705189012085
1985,16.4719460395264
1986,19.8406722142701
1987,21.2044974694892
1988,21.2411953008696
1989,21.0452351696217
1990,21.1755889197102
1991,21.0488679729279
1992,22.0397361164178
1993,20.1595893430312
1994,19.9185884411588
1995,18.1471961748232
1996,17.8157908995695
1997,16.8419930119592
1998,17.2876954911138
1999,23.0300304148201
2000,23.4958276702151
2001,22.8983832896232
2002,21.4246514252141
2003,22.346619077094
2004,22.6966750469445
2005,22.4646542646416
2006,22.2293258826323
2007,22.5273769029565
2008,22.9191707060704
2009,22.9924728954836
2010,22.4643725991628
2011,22.3922445024673
2012,23.2728836400805
2013,24.1598959818704
2014,24.4003379477912
2015,25.4241210386097
2016,27.3572611603559
2017,28.5430529980522
2018,29.0805938122126
2019,28.5285642832412
2020,27.9690235133227
2021,28.7613912538514
2022,28.9926665676656
2023,28.8898206836182
2024,30.0564262405372
