Year,Value
1960,..
1961,..
1962,..
1963,..
1964,..
1965,..
1966,..
1967,..
1968,..
1969,..
1970,..
1971,..
1972,..
1973,..
1974,..
1975,..
1976,..
1977,..
1978,..
1979,..
1980,..
1981,..
1982,..
1983,..
1984,..
1985,..
1986,..
1987,..
1988,..
1989,..
1990,44.0283716710504
1991,44.4227713188638
1992,44.3243071087941
1993,44.3696167353951
1994,44.4616551951582
1995,44.1762269488342
1996,44.3082950272628
1997,44.4591479682623
1998,44.4943076166868
1999,44.0413103162608
2000,43.515726998394
2001,43.5445669585364
2002,43.4649807499418
2003,43.2176256757258
2004,42.9260784165679
2005,42.6655029415114
2006,42.3163808819979
2007,42.1956236316235
2008,42.1208442874193
2009,42.2444612476606
2010,42.3375005418348
2011,42.4772114320343
2012,42.3157706797762
2013,42.327684772988
2014,41.1135005002047
2015,40.436712741278
2016,39.4693084558487
2017,39.0738234861305
2018,39.0316959162717
2019,39.2573903162214
2020,39.5935808901763
2021,40.1509768238829
2022,40.0431007268092
2023,41.3615049303263
2024,41.1624862991025
