Year,Value
1960,..
1961,..
1962,..
1963,..
1964,..
1965,..
1966,..
1967,..
1968,..
1969,..
1970,..
1971,..
1972,..
1973,..
1974,..
1975,..
1976,..
1977,..
1978,..
1979,..
1980,..
1981,..
1982,..
1983,..
1984,17.4732480207635
1985,16.5256648748614
1986,20.0750994961389
1987,20.6925675438111
1988,19.8069379913769
1989,20.3510310305293
1990,20.4013713497493
1991,20.4992414857844
1992,23.0082268951792
1993,21.9556910454539
1994,21.8386086480568
1995,18.5622372039055
1996,17.8103681512941
1997,16.9121969887194
1998,16.822726002366
1999,22.2631841801958
2000,22.7759405067207
2001,22.7720645257881
2002,21.3225274588471
2003,22.0486164170008
2004,22.1066756660589
2005,21.9134465233281
2006,21.8994857813609
2007,22.2843132602151
2008,22.1189055016663
2009,22.7192771991077
2010,21.8730784549993
2011,21.6586087816751
2012,20.9642597605325
2013,21.9088803093731
2014,22.2468779284289
2015,23.9511108621766
2016,26.1124050590185
2017,26.9561474045733
2018,27.3601784842188
2019,27.3965408108359
2020,26.7703194864544
2021,27.3231689551707
2022,27.4063848681953
2023,27.5973319351893
2024,29.0385931003706
