Year,Value
1960,..
1961,..
1962,..
1963,..
1964,..
1965,..
1966,..
1967,..
1968,..
1969,..
1970,..
1971,..
1972,..
1973,..
1974,..
1975,..
1976,..
1977,..
1978,..
1979,..
1980,..
1981,..
1982,..
1983,..
1984,..
1985,..
1986,..
1987,..
1988,..
1989,..
1990,69.2612173076269
1991,68.1739720035908
1992,68.0953937480167
1993,67.4844273321413
1994,67.1709514238091
1995,67.6751944423662
1996,67.6359894436438
1997,67.6101239150489
1998,66.7426524424528
1999,67.4809515422578
2000,67.9887527783137
2001,67.925013634818
2002,67.3464242415209
2003,66.8349288252331
2004,66.1982334827774
2005,65.2068191558069
2006,64.2274980464182
2007,63.0608345617264
2008,61.9742024210845
2009,61.2827912378385
2010,60.8840466364433
2011,59.6669596843152
2012,59.8052962018633
2013,59.8352029216096
2014,58.3592281319136
2015,58.2547588582864
2016,58.7504323410071
2017,58.7803020221076
2018,58.7153244937074
2019,57.6539681036778
2020,58.6767226387263
2021,59.4494351551286
2022,58.9846499101466
2023,57.8087628191176
2024,57.6368182608866
