Year,Value
1960,..
1961,..
1962,..
1963,..
1964,..
1965,..
1966,..
1967,..
1968,..
1969,..
1970,..
1971,..
1972,..
1973,..
1974,..
1975,..
1976,..
1977,..
1978,..
1979,..
1980,..
1981,..
1982,..
1983,..
1984,..
1985,..
1986,..
1987,..
1988,..
1989,..
1990,..
1991,5.30441953347567
1992,5.51674023900459
1993,6.22507983696674
1994,6.65988770978558
1995,6.71663426367647
1996,7.26656359377748
1997,7.28193299156945
1998,7.65963873877311
1999,7.65872407204257
2000,7.39436680350437
2001,7.14119412609309
2002,6.78743477246416
2003,6.53461678058138
2004,6.22048486126207
2005,6.00723867603557
2006,5.77987387483611
2007,5.53373147180756
2008,5.88801389912866
2009,5.7310466580588
2010,5.98793207729335
2011,5.88362321471559
2012,7.19743938362735
2013,7.57194030815325
2014,7.04120165480611
2015,9.35417969037594
2016,7.56634144436217
2017,8.63794119611912
2018,9.41176876855788
2019,10.457231043777
2020,13.7622804667409
2021,13.0924064228977
2022,10.5131448755364
2023,9.81041059692051
2024,9.69862223834645
