Year,Value
1960,..
1961,..
1962,..
1963,..
1964,..
1965,..
1966,..
1967,..
1968,..
1969,..
1970,..
1971,..
1972,..
1973,..
1974,..
1975,..
1976,..
1977,..
1978,..
1979,..
1980,..
1981,..
1982,..
1983,..
1984,..
1985,..
1986,..
1987,..
1988,..
1989,..
1990,83.7258855553742
1991,83.0727425221864
1992,83.1371452041516
1993,82.7836911495542
1994,82.7603697390481
1995,82.9274911690207
1996,83.11947801265
1997,83.2947374921714
1998,83.0102859569162
1999,83.0003158849959
2000,82.9296254953416
2001,82.7965503751523
2002,82.5342793186164
2003,82.233691732796
2004,81.8581287388747
2005,81.2274354841224
2006,80.5925648674857
2007,80.3206248834426
2008,79.9643301692653
2009,79.681420497442
2010,79.4454497974365
2011,79.1096094336013
2012,79.2081462481136
2013,79.3100074628506
2014,78.8127006491657
2015,79.2849912640356
2016,79.4799550997976
2017,79.4146539301146
2018,79.2982068277336
2019,78.9633158944599
2020,78.8040889861061
2021,79.4539596699884
2022,79.4743011134219
2023,79.0853613646935
2024,79.0487142565688
