Year,Value
1960,..
1961,..
1962,..
1963,..
1964,..
1965,..
1966,..
1967,..
1968,..
1969,..
1970,..
1971,..
1972,..
1973,..
1974,..
1975,..
1976,..
1977,..
1978,..
1979,..
1980,..
1981,..
1982,..
1983,..
1984,..
1985,..
1986,..
1987,..
1988,..
1989,..
1990,0.180917311557989
1991,0.182699618841266
1992,0.179304572849399
1993,0.184319237964664
1994,0.182452153242236
1995,0.189481534407213
1996,0.185235253341487
1997,0.193430102505829
1998,0.224856740844815
1999,0.236733219952219
2000,0.228550325763928
2001,0.235623953501761
2002,0.229275100807501
2003,0.238122499971199
2004,0.230900660707693
2005,0.21994595929419
2006,0.220451640221599
2007,0.217272010874721
2008,0.202598693176867
2009,0.200506924850112
2010,0.203593951434603
2011,0.216078389011552
2012,0.205544016109353
2013,0.183411564422443
2014,0.185763142995449
2015,0.1796689773602
2016,0.169279897578353
2017,0.170211692280132
2018,0.18049500079499
2019,0.183326791197097
2020,0.174549440570805
2021,0.175415889876094
2022,0.17661892190242
2023,0.172704491429058
2024,..
