Year,Value
1960,..
1961,..
1962,..
1963,..
1964,..
1965,..
1966,..
1967,..
1968,..
1969,..
1970,..
1971,..
1972,..
1973,..
1974,..
1975,..
1976,..
1977,..
1978,..
1979,..
1980,..
1981,..
1982,..
1983,..
1984,..
1985,..
1986,..
1987,..
1988,..
1989,..
1990,1.00191522403065
1991,0.969406987622198
1992,0.903158606846763
1993,0.89591435083829
1994,0.811970124171882
1995,1.41184221600392
1996,1.41946428976096
1997,1.38398074226412
1998,1.33503325674034
1999,1.36766059282743
2000,1.33563069098766
2001,1.09368028106721
2002,1.14041099953865
2003,1.10795409350432
2004,1.04023655459847
2005,1.00954037315176
2006,..
2007,0.969070288082856
2008,0.962726969329852
2009,0.996809488686738
2010,1.00507155575841
2011,0.97667465476923
2012,0.961557412094111
2013,0.932759306211983
2014,0.912303587397214
2015,0.907745223230066
2016,0.879023980834426
2017,0.831588979679263
2018,0.805548334126838
2019,0.798010721126259
2020,0.722772140043153
2021,..
2022,..
2023,..
2024,..
