Year,Value
1960,..
1961,..
1962,..
1963,..
1964,..
1965,..
1966,..
1967,..
1968,..
1969,..
1970,..
1971,..
1972,..
1973,..
1974,..
1975,..
1976,..
1977,..
1978,..
1979,..
1980,..
1981,..
1982,..
1983,..
1984,..
1985,..
1986,..
1987,..
1988,..
1989,..
1990,..
1991,..
1992,..
1993,..
1994,..
1995,..
1996,..
1997,..
1998,..
1999,..
2000,-1182.80747108521
2001,-1170.48541691409
2002,-1156.19633614298
2003,-1144.47759027187
2004,-1136.70749910075
2005,-1128.37869052964
2006,-1109.20949765853
2007,-1098.07920144456
2008,-1097.83881973059
2009,-1047.66255588136
2010,-1089.84632051392
2011,-1305.80585445746
2012,-1263.41942310547
2013,-1271.22277575121
2014,-1151.3326629113
2015,-1320.36367509595
2016,-1314.04444323573
2017,-1306.96153196334
2018,-1302.25077646744
2019,-1296.76120107355
2020,-1305.51212499392
2021,-1305.46829177143
2022,-1305.46829177143
2023,..
2024,..
