Year,Value
1960,..
1961,..
1962,..
1963,..
1964,..
1965,..
1966,..
1967,..
1968,..
1969,..
1970,..
1971,..
1972,..
1973,..
1974,..
1975,..
1976,..
1977,..
1978,..
1979,..
1980,..
1981,..
1982,..
1983,..
1984,..
1985,..
1986,..
1987,..
1988,..
1989,..
1990,29593.9226495635
1991,29992.0492848495
1992,30784.0219104669
1993,31455.2954058311
1994,33134.9358514905
1995,36141.5241533728
1996,38502.7625006074
1997,42319.9197869723
1998,45552.1072021135
1999,49784.2981405364
2000,53744.5427002707
2001,55702.171672264
2002,58002.5358062034
2003,58785.2141241344
2004,61638.3289592243
2005,63771.5955065241
2006,65171.5036127249
2007,66676.4632636923
2008,62401.4051985652
2009,58623.1183119794
2010,59285.8083302601
2011,60001.0778444531
2012,59508.9965462958
2013,60494.162753994
2014,65660.1827647106
2015,81053.3527776744
2016,80997.582776769
2017,87942.4452615644
2018,93214.3353844572
2019,96369.6445790006
2020,101970.812553816
2021,116903.61243517
2022,124489.378466488
2023,115505.338321018
2024,115337.166701374
