Year,Value
1960,..
1961,..
1962,..
1963,..
1964,..
1965,..
1966,..
1967,..
1968,..
1969,..
1970,..
1971,..
1972,..
1973,..
1974,..
1975,..
1976,..
1977,..
1978,..
1979,..
1980,..
1981,..
1982,..
1983,..
1984,..
1985,..
1986,..
1987,..
1988,..
1989,..
1990,13733.7469940774
1991,14389.2004353847
1992,15105.7425428238
1993,15801.0034916839
1994,17000.1716116833
1995,18931.5409243667
1996,20473.9399851301
1997,22632.0933592072
1998,25092.3392282376
1999,27041.3474221597
2000,30209.4656208159
2001,32576.9245748656
2002,35222.028724352
2003,36285.1087003511
2004,38734.4439399148
2005,40466.2343515711
2006,44232.1017485574
2007,46784.0861335365
2008,44169.0943411644
2009,41469.837900256
2010,43216.9847302406
2011,45525.7181239042
2012,46726.2157665366
2013,48838.7719825525
2014,52640.7843918553
2015,71607.4568294649
2016,73012.8198720374
2017,80450.3529336506
2018,86299.3420216976
2019,92022.59879983
2020,97799.9225748607
2021,116903.61243517
2022,136104.445332458
2023,124900.938635241
2024,131175.106854149
