Year,Value
1960,..
1961,..
1962,..
1963,..
1964,..
1965,..
1966,..
1967,..
1968,..
1969,..
1970,..
1971,..
1972,..
1973,..
1974,..
1975,..
1976,..
1977,..
1978,..
1979,..
1980,..
1981,..
1982,..
1983,..
1984,..
1985,..
1986,..
1987,..
1988,..
1989,..
1990,10.4922766368732
1991,10.6053917582626
1992,11.0918539391872
1993,11.1785609534682
1994,11.2635180003825
1995,12.2424683225607
1996,12.3303331243552
1997,12.9975729423212
1998,13.3276175908927
1999,14.0444346496548
2000,14.8167154637571
2001,14.9983186955538
2002,15.8345809862662
2003,16.7210897220195
2004,17.3215858408333
2005,18.1542068441303
2006,18.9830120303911
2007,19.5689946260946
2008,18.8468701595148
2009,18.4767380987886
2010,18.8267577617125
2011,20.8769078790902
2012,20.8242610173057
2013,21.5961654684211
2014,24.0951604265716
2015,28.7016626005534
2016,27.6397574966141
2017,30.8282632275018
2018,33.0803263363014
2019,35.1094530217231
2020,38.7674814106799
2021,43.5035049099308
2022,47.9095439089797
2023,46.9709823252969
2024,..
