Year,Value
1960,..
1961,5.1723325164352
1962,2.79244923072292
1963,4.13510941702209
1964,3.28269983739983
1965,1.55261220552593
1966,0.491448024725628
1967,5.28820219951574
1968,7.757572724075
1969,5.24657311889936
1970,1.80654366227282
1971,2.26644691357446
1972,4.91885681978761
1973,3.05522593128198
1974,2.54720371828515
1975,3.93244352870232
1976,-0.123898816957492
1977,6.75571330005313
1978,5.67669437757448
1979,1.70891166516304
1980,1.89987399140112
1981,2.12229760377771
1982,1.32102258159226
1983,-0.949007615290526
1984,3.7096794462929
1985,2.92073529838328
1986,-0.473563550621577
1987,4.65223958338599
1988,5.66837853011739
1989,6.23404066287827
1990,8.37500602476058
1991,1.34529862769614
1992,2.64060857627855
1993,2.18059062365697
1994,5.33977005775652
1995,9.07377130699068
1996,6.53331148186842
1997,9.91398288968142
1998,7.63750836818981
1999,9.29087850896728
2000,7.95480645032877
2001,3.64247023723117
2002,4.12975664122055
2003,1.34938637949553
2004,4.8534565665868
2005,3.46094156561428
2006,2.1951906567204
2007,2.30922959812385
2008,-6.41164491316839
2009,-6.05481058409336
2010,1.1304243741418
2011,1.20647678481257
2012,-0.820120764218643
2013,1.65549121120168
2014,8.53969999010454
2015,23.4436904754352
2016,-0.0688065317401794
2017,8.57416017455186
2018,5.99470495414671
2019,3.38500422872676
2020,5.81217041868747
2021,14.6441903397342
2022,6.48890643608225
2023,-7.21671218552092
2024,-0.145596404536903
