Year,Value
1960,117.508881241648
1961,115.482888833944
1962,112.643077734586
1963,106.285963715828
1964,109.46388797293
1965,110.34268568
1966,112.594181594208
1967,112.693211632835
1968,113.883758393484
1969,114.822723615521
1970,115.754542694282
1971,109.3432658023
1972,110.165616787792
1973,96.817068983654
1974,88.8544988243533
1975,110.774628046706
1976,107.392927244563
1977,110.906499103504
1978,112.675820553559
1979,97.1861081060996
1980,126.569319819015
1981,125.614532614031
1982,107.134568317131
1983,115.061745396855
1984,113.775885777407
1985,107.194724635554
1986,109.176729389049
1987,103.366465072808
1988,107.243047791195
1989,106.569941318075
1990,111.743752528819
1991,114.857057027359
1992,113.173412784028
1993,97.0543505189599
1994,89.0213242901735
1995,94.4643788132687
1996,97.5392204197979
1997,99.5357877705819
1998,104.832514772148
1999,96.4305450837601
2000,97.7598144640132
2001,98.3441647617651
2002,97.3657841420782
2003,97.9670861046006
2004,99.9132181137935
2005,91.9972701689304
2006,92.5516379782568
2007,90.6312828151896
2008,93.4705629720732
2009,96.576074499404
2010,93.9889978690983
2011,91.4905830628753
2012,97.4844576620751
2013,94.7658019444616
2014,97.108712529982
2015,100.972822723203
2016,95.9282160823998
2017,96.7749821791783
2018,96.9794865326015
2019,101.676173412106
2020,102.949988428468
2021,96.8303035481913
2022,96.014304300778
2023,102.006373943428
2024,103.415361268562
