Year,Value
1960,14440.8091919334
1961,14768.262089479
1962,15162.3579820367
1963,15411.7903538011
1964,16287.6466203756
1965,18133.1256304974
1966,19309.2789070307
1967,20794.3561581095
1968,22898.3025408648
1969,25049.6316237243
1970,27350.2255040127
1971,33305.3030335171
1972,40719.9400998908
1973,57207.7810722843
1974,94944.2403592424
1975,104455.630069846
1976,136841.061824418
1977,156602.937112665
1978,145871.207423316
1979,167283.317566122
1980,171093.912008848
1981,193241.083341018
1982,241083.301691621
1983,297524.39701483
1984,312845.076361911
1985,318974.983314344
1986,311351.982807969
1987,364000.515606545
1988,397396.382770471
1989,479961.407869078
1990,650402.080082608
1991,898207.22408686
1992,1175129.77744882
1993,1728956.15176473
1994,2260993.19499463
1995,3156718.00162194
1996,4280954.74886811
1997,4964697.89457319
1998,5475817.01255733
1999,7275001.30238354
2000,9473300.66600712
2001,10971381.41735
2002,15092950.4305879
2003,18329192.8234297
2004,23263051.5283494
2005,28209350.7162308
2006,33289892.5148557
2007,43646699.5072346
2008,51652632.5722774
2009,53706196.2971089
2010,65055222.5187631
2011,88042891.6052208
2012,100128768.007253
2013,133095472.77473
2014,151134697.784478
2015,146611065.474411
2016,172117059.384941
2017,197078125.674401
2018,252442143.014438
2019,314400537.226629
2020,464217696.53854
2021,754643930.451739
2022,1163874513.2908
2023,1574859753.76012
2024,2157762986.989
