Year,Value
1960,195.577527212584
1961,200.081529294826
1962,205.786809657214
1963,209.559376274185
1964,221.731727810658
1965,247.526675505443
1966,262.877683796297
1967,283.733705768519
1968,314.285456656371
1969,344.601687457468
1970,376.606879152384
1971,457.28363801324
1972,554.748034125811
1973,850.560177143918
1974,1408.96571902077
1975,1531.70617122586
1976,1953.5196967855
1977,2243.05559538314
1978,2100.77015324707
1979,2352.4265515265
1980,2368.39285730473
1981,2393.44985576144
1982,2844.87611384054
1983,3397.06140021275
1984,3395.33697556582
1985,3634.03209560743
1986,4064.34667297518
1987,2513.1511156474
1988,2234.46235141339
1989,2124.97214820342
1990,2137.94222739878
1991,2194.43906802841
1992,1957.48507794252
1993,1038.10985680796
1994,1167.7627251321
1995,1550.0095955237
1996,1914.78121290985
1997,1790.06617576107
1998,1709.19334095949
1999,1739.59462001971
2000,1650.01385832603
2001,1881.02266634748
2002,1891.25756092031
2003,2208.99636553529
2004,2672.42266512669
2005,3132.05081925856
2006,3618.9160136791
2007,4687.99166265915
2008,5377.41150725587
2009,5415.52280554144
2010,6291.19443652344
2011,8025.68743364356
2012,8114.08099831877
2013,6222.74194840326
2014,5672.06372896319
2015,4952.73355532178
2016,5477.03712389913
2017,5753.11544659399
2018,4631.78709016514
2019,3831.27894763337
2020,2988.78122414716
2021,4334.79268631354
2022,4405.09291519791
2023,4465.63766853306
2024,4771.40029026226
