Year,Value
1960,..
1961,..
1962,..
1963,..
1964,..
1965,..
1966,..
1967,..
1968,..
1969,..
1970,..
1971,..
1972,..
1973,..
1974,..
1975,..
1976,..
1977,..
1978,..
1979,..
1980,..
1981,..
1982,..
1983,..
1984,..
1985,..
1986,..
1987,..
1988,..
1989,..
1990,..
1991,..
1992,..
1993,..
1994,..
1995,..
1996,..
1997,..
1998,..
1999,..
2000,0.0228820902935095
2001,0.46694297107523
2002,0.485137116298076
2003,0.281982091536917
2004,1.67197775353863
2005,2.72807583334067
2006,0.667700183206262
2007,0.474899690102079
2008,0.474061343112316
2009,0.0666781242757921
2010,0.0522842135746575
2011,0.0659529797271855
2012,0.053199566601975
2013,0.0492453783602942
2014,0.057272008280936
2015,0.412182201750719
2016,0.366301531045713
2017,0.251838509891682
2018,0.235701166085712
2019,0.114293683680011
2020,0.0781098392750723
2021,2.30117638035284
2022,4.12854871468915
2023,..
2024,..
