Year,Value
1960,..
1961,..
1962,..
1963,..
1964,..
1965,..
1966,..
1967,..
1968,..
1969,..
1970,..
1971,..
1972,..
1973,..
1974,..
1975,..
1976,..
1977,..
1978,..
1979,..
1980,..
1981,..
1982,..
1983,..
1984,..
1985,..
1986,..
1987,..
1988,..
1989,..
1990,6.37961142590602
1991,7.08121648961763
1992,6.79055674075718
1993,6.90414826778671
1994,7.10194175491131
1995,7.37036189268588
1996,7.72988834388845
1997,7.73332123368964
1998,7.94022895714851
1999,8.55326713574991
2000,8.89316926691917
2001,8.6825040150789
2002,9.11822657162919
2003,8.36736933336585
2004,9.23733618061301
2005,9.654837865306
2006,9.14514544901281
2007,9.74903050231547
2008,8.97040329659949
2009,9.77340758421379
2010,9.67806506922814
2011,10.5031941913302
2012,10.9424879694527
2013,13.0801627946865
2014,13.7721466301057
2015,13.7542635369508
2016,14.864123313107
2017,15.9059493329588
2018,16.1401338029534
2019,17.1617970777638
2020,16.6917323179363
2021,18.9768204890534
2022,21.4576405953658
2023,21.9267066040452
2024,..
