Year,Value
1960,..
1961,..
1962,..
1963,..
1964,..
1965,..
1966,..
1967,..
1968,..
1969,..
1970,19.7793545456751
1971,27.8906448506229
1972,31.8295655811193
1973,29.3297897081421
1974,22.0700326369573
1975,20.6421014682262
1976,25.3378756044849
1977,25.5462063963727
1978,23.6765769942469
1979,25.6924658474677
1980,23.7777152202918
1981,21.0357209130026
1982,20.2816420416744
1983,21.3787899927685
1984,21.7182073474778
1985,27.2201676133102
1986,26.8658542164795
1987,20.2214519524414
1988,21.3313446419259
1989,22.9246492502337
1990,24.6952590184372
1991,27.7266996516769
1992,28.2608355307
1993,26.706697862122
1994,25.4227593005116
1995,25.0226856073737
1996,25.8224325855581
1997,26.3376528869342
1998,26.5895271718329
1999,26.1918803546431
2000,25.2739758656426
2001,25.2512827027464
2002,24.3923701474451
2003,24.3979697101813
2004,25.2238924796266
2005,27.5268493785963
2006,28.7462300110306
2007,28.0998495617897
2008,25.3053079274973
2009,25.4798050201149
2010,25.7629738398312
2011,25.9966436296203
2012,25.0893681216308
2013,26.0108248161795
2014,27.7724086672424
2015,28.1416734135055
2016,27.7653157545406
2017,27.6011980234553
2018,27.8198694225099
2019,27.9280050421721
2020,28.8187424153535
2021,29.1995424253252
2022,30.6284479126771
2023,29.8643567301721
2024,26.6987634254772
