Year,Value
1960,..
1961,..
1962,..
1963,..
1964,..
1965,..
1966,..
1967,..
1968,..
1969,..
1970,..
1971,..
1972,..
1973,..
1974,..
1975,..
1976,..
1977,..
1978,..
1979,..
1980,..
1981,..
1982,..
1983,..
1984,..
1985,..
1986,..
1987,..
1988,..
1989,..
1990,..
1991,0.169791087457316
1992,18.8368814044007
1993,23.4629438398602
1994,29.0253395821749
1995,37.0809833982048
1996,40.2792120104854
1997,45.1693939153229
1998,47.3081658590833
1999,47.5802287711494
2000,63.4889586146636
2001,63.9089681467948
2002,70.8485582651521
2003,75.2392962109779
2004,88.8593216299944
2005,101.728691714989
2006,103.997537532767
2007,111.926086265788
2008,103.483199618715
2009,109.13992374295
2010,104.417547064898
2011,108.650409087298
2012,143.599571054095
2013,139.307133211534
2014,156.587099849075
2015,154.514854237827
2016,150.560012709508
2017,163.621018349353
2018,150.78342203511
2019,135.048455000397
2020,113.655770911113
2021,121.512828659941
2022,121.778933989991
2023,134.123043927238
2024,..
