Year,Value
1960,..
1961,..
1962,..
1963,..
1964,..
1965,..
1966,..
1967,..
1968,..
1969,..
1970,..
1971,..
1972,..
1973,..
1974,..
1975,..
1976,..
1977,..
1978,..
1979,..
1980,..
1981,..
1982,..
1983,..
1984,..
1985,..
1986,..
1987,..
1988,..
1989,..
1990,..
1991,..
1992,..
1993,..
1994,..
1995,..
1996,..
1997,..
1998,..
1999,..
2000,-84.9468287023129
2001,-85.5840607378437
2002,-87.349169853575
2003,-98.8437045670487
2004,-95.4166412356373
2005,-89.6084014438054
2006,-84.7003347444309
2007,-80.6123669822432
2008,-70.8241881305211
2009,-67.6786486460867
2010,-71.4860411126111
2011,-69.7240959522987
2012,-72.465080855376
2013,-65.2017616003934
2014,-62.2847628175311
2015,-56.6482378307633
2016,-52.780940361595
2017,-56.7549699700637
2018,-56.2905678592574
2019,-51.1809015558733
2020,-52.0707581358711
2021,-52.1778334621134
2022,-52.1778334621134
2023,..
2024,..
