Year,Value
1960,..
1961,..
1962,..
1963,..
1964,..
1965,..
1966,..
1967,..
1968,..
1969,..
1970,..
1971,..
1972,..
1973,..
1974,..
1975,..
1976,..
1977,..
1978,..
1979,..
1980,..
1981,..
1982,..
1983,..
1984,..
1985,..
1986,..
1987,..
1988,..
1989,..
1990,100.316107099875
1991,97.9020317844929
1992,99.1824287553101
1993,100.239185826059
1994,104.566742579053
1995,104.577330163363
1996,103.571221380729
1997,103.624024157496
1998,103.050024402509
1999,105.055597097617
2000,104.267161838499
2001,102.147299392842
2002,102.414320962305
2003,100.170118742085
2004,101.246896896273
2005,98.9984362272372
2006,97.6701064928924
2007,95.3200153958885
2008,92.8447220742817
2009,94.4337061111667
2010,95.4090025964111
2011,88.3674678425084
2012,85.0231795582866
2013,83.9532367988581
2014,80.7449783834564
2015,78.378671826923
2016,77.0732802705122
2017,76.1943111946301
2018,74.5413152934621
2019,72.9179243491054
2020,70.8724486687201
2021,72.0593454893904
2022,69.7286215585204
2023,66.304898180727
2024,..
