Year,Value
1960,..
1961,..
1962,..
1963,..
1964,..
1965,..
1966,..
1967,..
1968,..
1969,..
1970,..
1971,..
1972,..
1973,..
1974,..
1975,..
1976,..
1977,..
1978,..
1979,..
1980,..
1981,..
1982,..
1983,..
1984,..
1985,..
1986,..
1987,..
1988,..
1989,..
1990,..
1991,11309.8220141518
1992,10847.104770339
1993,10526.4806275327
1994,10439.099563861
1995,10529.9941249568
1996,10611.4301133337
1997,10330.7775298764
1998,10335.3606939734
1999,10224.804143758
2000,9893.57769810827
2001,9859.97335625892
2002,9528.16114668592
2003,9430.96361029383
2004,9535.74883663136
2005,9719.75207804972
2006,9976.96539206787
2007,10294.7017641562
2008,9983.77230051288
2009,9976.15871430245
2010,10427.3332068541
2011,10600.2392851696
2012,10730.4116262434
2013,10794.938795866
2014,10981.8646109225
2015,11169.0208589185
2016,11274.6646119327
2017,11781.3676926947
2018,12557.9606579795
2019,13354.5434747423
2020,13164.5801447047
2021,13686.6818425967
2022,13996.7185781666
2023,14364.2444311978
2024,14613.2709662306
