Year,Value
1960,..
1961,..
1962,..
1963,..
1964,..
1965,..
1966,..
1967,..
1968,..
1969,..
1970,..
1971,..
1972,..
1973,..
1974,..
1975,..
1976,..
1977,..
1978,..
1979,..
1980,..
1981,..
1982,..
1983,..
1984,..
1985,..
1986,..
1987,..
1988,..
1989,..
1990,74.6409274118073
1991,75.0337549083972
1992,75.7579836045516
1993,76.6275939495636
1994,77.9565176158187
1995,78.382585316384
1996,78.0342781337724
1997,77.5346940722018
1998,77.5006262749168
1999,77.3732135175183
2000,77.1286736932983
2001,76.8850268988675
2002,76.9380684278909
2003,76.6158086901855
2004,76.3144467661208
2005,76.3831052944676
2006,76.2785490916613
2007,75.9083670219282
2008,75.5654490294256
2009,75.4896267098321
2010,75.5662252064331
2011,74.5367499317838
2012,72.627760453128
2013,70.5449799041083
2014,72.1754330208168
2015,71.8252873563218
2016,70.6150700015731
2017,67.0986842105263
2018,67.7658300354093
2019,66.8841403545037
2020,68.8679857281868
2021,67.2837609463819
2022,67.3468089707547
2023,67.5208346586933
2024,67.3394122060712
