Year,Value
1960,..
1961,..
1962,..
1963,..
1964,..
1965,..
1966,..
1967,..
1968,..
1969,..
1970,..
1971,..
1972,..
1973,..
1974,..
1975,..
1976,..
1977,..
1978,..
1979,..
1980,..
1981,..
1982,..
1983,..
1984,..
1985,..
1986,..
1987,..
1988,..
1989,..
1990,53.0385963942988
1991,52.656912642786
1992,52.3371047368642
1993,52.1321340564724
1994,52.8717578238714
1995,53.0188915006147
1996,53.1652168497015
1997,53.2835653996125
1998,53.2208210358847
1999,52.8986447250785
2000,52.2008957022615
2001,51.5008436121007
2002,50.8154811512759
2003,50.1544839256832
2004,49.7254635421985
2005,49.3167447899227
2006,48.9352358571283
2007,48.5642551385291
2008,48.0253120725535
2009,49.5831710419141
2010,50.3182711763833
2011,50.1843089687886
2012,49.4021950538502
2013,48.4777127527595
2014,48.383608862486
2015,48.1314308623749
2016,48.4438137109221
2017,48.9475803220985
2018,48.9209102028363
2019,48.8745979328801
2020,48.8201683558475
2021,48.2283721430601
2022,48.0629233888112
2023,48.025143580142
2024,47.9711771879583
