Year,Value
1960,..
1961,..
1962,..
1963,..
1964,..
1965,..
1966,..
1967,..
1968,..
1969,..
1970,..
1971,..
1972,..
1973,..
1974,..
1975,..
1976,..
1977,..
1978,..
1979,..
1980,..
1981,..
1982,..
1983,..
1984,..
1985,..
1986,..
1987,..
1988,..
1989,..
1990,..
1991,..
1992,..
1993,..
1994,..
1995,..
1996,..
1997,..
1998,..
1999,..
2000,..
2001,..
2002,..
2003,..
2004,..
2005,..
2006,15.7544159059084
2007,15.3649166957601
2008,14.1246580305412
2009,17.5720885152996
2010,15.9163081562957
2011,19.4615071231639
2012,27.7265217537013
2013,31.377071852949
2014,28.6593579496587
2015,37.7690573638693
2016,29.9666166684789
2017,27.020838111836
2018,18.9694466832769
2019,15.9071875951111
2020,14.6977928565612
2021,17.7209528526396
2022,20.3613283973475
2023,..
2024,..
