Year,Value
1960,..
1961,..
1962,..
1963,..
1964,..
1965,..
1966,..
1967,..
1968,..
1969,..
1970,0.329552078195758
1971,0.332534045152242
1972,0.406513296845548
1973,0.4102096627165
1974,0.368100964836069
1975,0.44489290464615
1976,0.404765190193643
1977,0.449743991881544
1978,0.451211328875211
1979,0.446169218971487
1980,0.44340723453909
1981,0.437959623401565
1982,0.409103733659362
1983,0.403930646761468
1984,0.451167098045734
1985,0.456130295648851
1986,0.408477101254265
1987,0.437747895907904
1988,0.504115727436559
1989,0.520143284753913
1990,0.511970716264345
1991,0.686357103919917
1992,0.682795038683532
1993,0.81470345764027
1994,0.955093833780161
1995,0.793838302698105
1996,0.907246309210066
1997,0.918762088974855
1998,0.929587708532206
1999,0.928230308737472
2000,1.09397100424328
2001,1.10355979982955
2002,1.24945675793133
2003,1.29721067221067
2004,1.40775126848753
2005,1.30714731787152
2006,1.4838197083897
2007,1.63576414165204
2008,1.71452973203801
2009,1.92684798363032
2010,2.10476881697477
2011,1.65721110779337
2012,1.69455488699424
2013,1.93120737640485
2014,2.06417634691754
2015,2.16195552912694
2016,2.36643653744025
2017,2.20828905419766
2018,2.31237236215112
2019,2.66016357130687
2020,2.16343076594837
2021,2.39933280585078
2022,2.41281123552206
2023,2.54074169126139
2024,..
