Year,Value
1960,3680000000
1961,2274189709.7323
1962,2613076923.07692
1963,3766153846.15385
1964,3310782911.30983
1965,2952318461.50612
1966,3675496383.65504
1967,4503233996.27454
1968,5597787778.56097
1969,7011016071.58226
1970,8213982801.15844
1971,9069631784.76008
1972,10070395541.5987
1973,12854685044.7766
1974,17910241116.516
1975,19769834710.7438
1976,26874380165.2893
1977,34444008264.4628
1978,46346487603.3058
1979,59779958677.686
1980,58329608639.6431
1981,65154707961.4753
1982,69985919542.5096
1983,77791340309.7371
1984,87214405196.7813
1985,91076756856.1642
1986,105280228967.086
1987,133567761916.195
1988,180790473079.968
1989,224760885228.782
1990,256204538178.111
1991,301288478554.607
1992,323518274752.296
1993,358312399055.752
1994,422154051959.697
1995,516044701664.118
1996,553343369963.179
1997,516369995580.734
1998,351635361054.838
1999,450578461759.496
2000,519895752050.807
2001,492182616410.634
2002,562181182575.203
2003,632071856814.059
2004,720122739582.118
2005,847480565447.278
2006,955414407663.252
2007,1064919479244.34
2008,951399790952.598
2009,860350998096.998
2010,1040274544731.34
2011,1144378895671.16
2012,1168058904868.07
2013,1257699278298.97
2014,1362661563010.52
2015,1344802633178.67
2016,1372439183557.43
2017,1484542451252.02
2018,1578438946290.97
2019,1512525555462.59
2020,1501445098214.32
2021,1656765840725.62
2022,1529992566080.93
2023,1569124410021.73
2024,..
