Year,Value
1960,..
1961,..
1962,..
1963,..
1964,..
1965,..
1966,..
1967,..
1968,..
1969,..
1970,19.7167989701781
1971,17.696335078534
1972,16.6131639993439
1973,20.2051634613645
1974,22.9981024667932
1975,22.0294775977844
1976,21.3144657564535
1977,23.8707874527759
1978,27.3302987537021
1979,28.2097258527944
1980,25.7698533169205
1981,22.0004912441765
1982,23.796140807798
1983,24.4826314884966
1984,24.2846218347323
1985,23.8052552090839
1986,24.1765369594643
1987,25.3608528666911
1988,25.7393590315265
1989,27.7671894997521
1990,32.0718581624502
1991,32.9877256412974
1992,30.9210033263578
1993,30.5496233437707
1994,30.7456454262008
1995,31.5859582671226
1996,31.9631684489119
1997,29.9280371393601
1998,24.9670662767795
1999,24.7377560008995
2000,26.4362501427181
2001,25.3497313305837
2002,25.3208414034026
2003,25.6449457524497
2004,25.4439262418443
2005,25.1576848367086
2006,25.4239577009382
2007,25.1894030818048
2008,25.7337683181621
2009,24.3912441198502
2010,24.989823161939
2011,25.1711884453811
2012,24.7659660217953
2013,24.3167614271434
2014,24.623685696771
2015,24.6771933566077
2016,25.2891520557801
2017,27.0862116659481
2018,25.8715896374267
2019,24.9950935259432
2020,26.0538967320583
2021,26.6756417716867
2022,27.2672040309118
2023,27.1591966729052
2024,..
