Year,Value
1960,..
1961,..
1962,..
1963,..
1964,..
1965,..
1966,..
1967,..
1968,..
1969,..
1970,..
1971,..
1972,..
1973,..
1974,..
1975,..
1976,..
1977,..
1978,..
1979,..
1980,..
1981,..
1982,..
1983,..
1984,..
1985,..
1986,..
1987,..
1988,..
1989,..
1990,..
1991,..
1992,9.14345226285493
1993,..
1994,..
1995,..
1996,11.114831351339
1997,10.2907628187076
1998,11.6424922652526
1999,11.6112408992975
2000,..
2001,12.3265580230431
2002,12.6548172111974
2003,12.8201390488239
2004,13.4284915549523
2005,13.4860277396984
2006,11.5503697395801
2007,11.5224600233441
2008,11.4306328282711
2009,12.8737293974307
2010,..
2011,11.4970436300687
2012,10.8615801579963
2013,11.1569646192395
2014,11.0462503613151
2015,11.6411640668318
2016,14.3335395591514
2017,15.0980270727592
2018,15.1181269602808
2019,15.0137291048994
2020,18.3745705479085
2021,15.6064848200639
2022,12.2470376491245
2023,11.1883303083264
2024,..
