Year,Value
1960,..
1961,..
1962,..
1963,..
1964,..
1965,..
1966,..
1967,..
1968,..
1969,..
1970,..
1971,..
1972,..
1973,..
1974,..
1975,..
1976,..
1977,..
1978,..
1979,..
1980,..
1981,..
1982,..
1983,..
1984,..
1985,..
1986,..
1987,..
1988,..
1989,..
1990,..
1991,..
1992,..
1993,..
1994,..
1995,..
1996,..
1997,..
1998,..
1999,..
2000,..
2001,..
2002,81.3784369875327
2003,80.6404864092494
2004,80.0221925607813
2005,78.9806297359425
2006,79.471939318952
2007,79.4464676908147
2008,78.1756391716762
2009,77.4097796261875
2010,..
2011,76.8156895859791
2012,79.8983122078232
2013,79.5004981202078
2014,79.2715295486423
2015,78.1691065784065
2016,71.5016228412889
2017,70.8822208134125
2018,70.4029449228149
2019,69.9600990756124
2020,62.9031825725979
2021,67.7626043906775
2022,67.4061757009197
2023,66.8326128095541
2024,..
