Year,Value
1960,19.9378719896106
1961,..
1962,..
1963,..
1964,..
1965,..
1966,..
1967,..
1968,..
1969,..
1970,21.3130668852099
1971,..
1972,..
1973,..
1974,..
1975,..
1976,..
1977,..
1978,..
1979,..
1980,29.2579878553115
1981,..
1982,..
1983,..
1984,..
1985,..
1986,..
1987,..
1988,..
1989,42.0227910654801
1990,37.5623378203028
1991,41.0922162580721
1992,45.3588105137691
1993,43.4913185227611
1994,..
1995,46.3312261211841
1996,45.0011727756696
1997,48.1750852961289
1998,48.1339715753924
1999,48.3734478800774
2000,..
2001,49.9065869569327
2002,50.5227998173844
2003,50.7445828824892
2004,51.2796233535533
2005,52.208250789515
2006,52.1314439022297
2007,51.5798569394652
2008,51.9809839119628
2009,52.7129400158017
2010,..
2011,51.2218761600069
2012,51.3067548955036
2013,51.143619861197
2014,50.5323795835077
2015,51.1290782724033
2016,51.4138769568235
2017,51.5070592625982
2018,51.9184904257959
2019,52.5046504979976
2020,48.5235524669234
2021,50.9792358933463
2022,51.934850454652
2023,52.3187040969081
2024,..
