Year,Value
1960,..
1961,..
1962,..
1963,..
1964,..
1965,..
1966,..
1967,..
1968,..
1969,..
1970,..
1971,..
1972,..
1973,..
1974,..
1975,..
1976,..
1977,..
1978,..
1979,..
1980,..
1981,..
1982,..
1983,..
1984,..
1985,..
1986,..
1987,..
1988,..
1989,..
1990,..
1991,22.2826086956522
1992,34.860248447205
1993,42.1195652173913
1994,56.7546583850932
1995,53.9208074534162
1996,80.5900621118012
1997,99.611801242236
1998,114.01397515528
1999,107.569875776398
2000,262.771739130435
2001,299.495341614907
2002,348.136645962733
2003,365.83850931677
2004,388.354037267081
2005,405.667701863354
2006,563.276397515528
2007,601.086956521739
2008,718.905279503106
2009,925.116459627329
2010,1049.61180124224
2011,1113.58695652174
2012,1194.91459627329
2013,1431.13354037267
2014,1603.14440993789
2015,3365.60559006211
2016,6061.06366459627
2017,7370.53571428571
2018,7610.44254658385
2019,7419.37111801242
2020,7445.7298136646
2021,9145.57453416149
2022,9430.62888198758
2023,10001.2422360248
2024,..
