Year,Value
1960,..
1961,..
1962,..
1963,..
1964,..
1965,..
1966,..
1967,..
1968,..
1969,..
1970,1.22872986637449
1971,0.90663049665599
1972,0.622271386426564
1973,0.57114591985702
1974,0.313452090813157
1975,0.376565243984024
1976,0.394765382253819
1977,0.391930032456535
1978,0.407562208087903
1979,0.41784540516164
1980,0.429242777497381
1981,0.474653468963215
1982,0.517976319774353
1983,0.501195809687945
1984,0.537212757602896
1985,0.462449153206003
1986,0.592595557516289
1987,0.680747749266864
1988,0.665571904553163
1989,0.605792338405359
1990,0.662325855748517
1991,0.576538411512148
1992,0.617925187758913
1993,0.683816412972326
1994,0.780890705009829
1995,0.905129451755782
1996,0.931840979960863
1997,0.820132481275014
1998,0.842029912906631
1999,0.859853260084997
2000,0.855925386181301
2001,0.861810614034919
2002,0.890637440961382
2003,0.849527854695016
2004,0.804772292101151
2005,0.780136258854856
2006,0.729370213742507
2007,0.642029205184891
2008,0.683722946869047
2009,0.754280999271036
2010,0.758736518049138
2011,1.06150196538491
2012,0.807324356703491
2013,0.980654802750919
2014,1.2578241265684
2015,1.12260888831921
2016,1.06950339372624
2017,0.873104887595964
2018,0.836312322246446
2019,0.948629437346118
2020,1.06558763224469
2021,1.01494965654935
2022,1.12682600801898
2023,1.09846626438444
2024,..
