Year,Value
1960,..
1961,..
1962,..
1963,..
1964,..
1965,..
1966,..
1967,..
1968,..
1969,..
1970,..
1971,..
1972,..
1973,..
1974,..
1975,..
1976,..
1977,..
1978,..
1979,..
1980,..
1981,..
1982,..
1983,..
1984,..
1985,..
1986,..
1987,..
1988,..
1989,..
1990,0.0298206496601754
1991,0.0298349250848501
1992,0.027831291127452
1993,0.026974307700143
1994,0.0320272332640757
1995,0.030953575532532
1996,0.0298203643382198
1997,0.0308334728296302
1998,0.0296980323185695
1999,0.0293277548899033
2000,0.0323285642568443
2001,0.0358623522571285
2002,0.0335721869088325
2003,0.0374992744537134
2004,0.0338469236880161
2005,0.0356918918374569
2006,0.0373181389083813
2007,0.039683686157193
2008,0.0408766149167782
2009,0.0453328560442152
2010,0.0510772727943249
2011,0.0379027590561993
2012,0.0392097240259258
2013,0.0456686534535979
2014,0.0480476851222377
2015,0.0492426774961632
2016,0.0512709916054006
2017,0.0495694838856185
2018,0.0459909670788469
2019,0.0772334632975661
2020,0.0828650803316462
2021,0.0821119611444025
2022,0.0684981609273442
2023,0.0706873745771028
2024,..
