Year,Value
1960,..
1961,..
1962,..
1963,..
1964,..
1965,..
1966,..
1967,..
1968,..
1969,..
1970,0.285949692240585
1971,0.282123866722773
1972,0.338672855229147
1973,0.336750451171185
1974,0.29612380358649
1975,0.352223978324678
1976,0.314876584389593
1977,0.342576773119551
1978,0.337552014089128
1979,0.329283234633449
1980,0.320228015759913
1981,0.233563871052936
1982,0.28516415218504
1983,0.241514986724673
1984,0.263640441656764
1985,0.33369722589986
1986,0.342885879959463
1987,0.388810076035638
1988,0.523703703703704
1989,0.531088842006563
1990,0.513575661736437
1991,0.509604357798165
1992,0.505589018267581
1993,0.485646299208216
1994,0.577147165672767
1995,0.558674295584584
1996,0.545747028636763
1997,0.552536884950416
1998,0.557936861976894
1999,0.558384704726168
2000,0.608387552327634
2001,0.64529415802842
2002,0.601332582698696
2003,0.69458079717259
2004,0.667320185826752
2005,0.695678452704745
2006,0.766927309933449
2007,0.823805720144494
2008,0.885029145538126
2009,0.947789178720073
2010,1.06491287608393
2011,0.820134923545265
2012,0.843632486803757
2013,0.960379306565765
2014,1.01930652700732
2015,1.04113661702067
2016,1.11645013265318
2017,1.11147656258861
2018,1.05696063089986
2019,1.75615357337851
2020,1.42047685834502
2021,1.56843414257066
2022,1.5728740749856
2023,1.65434922051482
2024,..
