Year,Value
1960,..
1961,..
1962,..
1963,..
1964,..
1965,..
1966,..
1967,..
1968,..
1969,..
1970,..
1971,..
1972,..
1973,..
1974,..
1975,..
1976,..
1977,..
1978,..
1979,..
1980,..
1981,..
1982,..
1983,..
1984,..
1985,..
1986,..
1987,..
1988,..
1989,..
1990,..
1991,0.423728813559321
1992,1.12994350282485
1993,-1.41242937853108
1994,18.9265536723164
1995,16.9491525423729
1996,15.9604519774011
1997,19.0677966101695
1998,21.8926553672316
1999,23.5875706214689
2000,36.2994350282486
2001,46.045197740113
2002,37.2881355932203
2003,59.8870056497175
2004,54.8022598870056
2005,62.5706214689265
2006,80.5084745762712
2007,95.1977401129943
2008,111.016949152542
2009,127.401129943503
2010,157.062146892655
2011,99.0112994350282
2012,105.649717514124
2013,135.169491525424
2014,150.706214689266
2015,157.203389830508
2016,176.977401129944
2017,176.83615819209
2018,164.265536723164
2019,340.677966101695
2020,257.627118644068
2021,295.480225988701
2022,297.175141242938
2023,318.926553672316
2024,..
