Year,Value
1960,..
1961,..
1962,..
1963,..
1964,..
1965,..
1966,..
1967,..
1968,..
1969,..
1970,..
1971,..
1972,..
1973,..
1974,..
1975,..
1976,..
1977,..
1978,..
1979,..
1980,..
1981,..
1982,..
1983,..
1984,..
1985,..
1986,..
1987,..
1988,..
1989,..
1990,..
1991,..
1992,..
1993,..
1994,..
1995,..
1996,13.858906815744
1997,..
1998,..
1999,..
2000,..
2001,15.4304721010266
2002,15.9913305304996
2003,16.2517401457268
2004,17.0216989854595
2005,16.8763185103759
2006,14.6856856993927
2007,14.4981535671886
2008,14.34472211209
2009,15.8233015418509
2010,..
2011,14.1398613899695
2012,13.2545680438802
2013,13.3645579147897
2014,13.2079414161775
2015,14.0203563774799
2016,16.3713262198593
2017,17.2260592167421
2018,17.4680262889112
2019,17.5613195256264
2020,21.1674213935623
2021,18.576170027395
2022,14.6743598405223
2023,13.2012753493713
2024,..
