Year,Value
1960,..
1961,..
1962,..
1963,..
1964,..
1965,..
1966,..
1967,..
1968,..
1969,..
1970,..
1971,..
1972,..
1973,..
1974,..
1975,..
1976,..
1977,..
1978,..
1979,..
1980,..
1981,..
1982,..
1983,..
1984,..
1985,..
1986,..
1987,..
1988,..
1989,..
1990,70.8132781989657
1991,70.9711300421363
1992,70.9712868242676
1993,70.9674796078686
1994,71.1931513112956
1995,71.3816260714777
1996,71.3208581373282
1997,71.2148623544923
1998,71.2086521454684
1999,71.2104615417907
2000,71.1478926219209
2001,71.11343518146
2002,71.0768397029897
2003,71.0061363620695
2004,70.9958906733279
2005,70.9977011880261
2006,70.8877560675372
2007,71.1998548189173
2008,71.5318418874262
2009,72.0949259496746
2010,72.6584218454359
2011,72.6492540652345
2012,72.4165858138654
2013,72.2706414523422
2014,72.1499565729928
2015,72.2004051804828
2016,72.0801099684763
2017,72.2306232529492
2018,72.4445949350063
2019,72.4791691526896
2020,71.9571998074117
2021,72.6828232542748
2022,72.6589335982167
2023,74.1619314894615
2024,74.0916772157922
