Year,Value
1960,..
1961,..
1962,..
1963,..
1964,..
1965,..
1966,..
1967,..
1968,..
1969,..
1970,..
1971,..
1972,..
1973,..
1974,..
1975,..
1976,..
1977,..
1978,..
1979,..
1980,..
1981,..
1982,..
1983,..
1984,..
1985,..
1986,..
1987,..
1988,..
1989,..
1990,..
1991,..
1992,..
1993,..
1994,..
1995,..
1996,..
1997,..
1998,..
1999,..
2000,93.6484470933481
2001,96.3231873656921
2002,98.997927638036
2003,101.67266791038
2004,104.347408182724
2005,105.986238455068
2006,108.649978727412
2007,111.324718999756
2008,113.9844592721
2009,116.732048183286
2010,117.430062963372
2011,88.7572604821743
2012,90.3097921895172
2013,99.6697707405157
2014,97.6388070218389
2015,73.0527638427111
2016,71.6997849109392
2017,73.6770869791674
2018,75.6543890457455
2019,75.93640602963
2020,75.93640602963
2021,75.93640602963
2022,75.93640602963
2023,..
2024,..
