Year,Value
1960,..
1961,..
1962,..
1963,..
1964,..
1965,..
1966,..
1967,..
1968,..
1969,..
1970,..
1971,..
1972,..
1973,..
1974,..
1975,..
1976,..
1977,..
1978,..
1979,..
1980,..
1981,..
1982,..
1983,..
1984,..
1985,..
1986,..
1987,..
1988,..
1989,..
1990,0.883898870063688
1991,0.828804560344419
1992,0.762061110194515
1993,0.760341053256055
1994,0.711165860128987
1995,1.21054467275243
1996,1.21849726915491
1997,1.24640325376122
1998,1.2072235071852
1999,1.25373650989077
2000,1.22624111578065
2001,0.974205764911328
2002,1.00521150542378
2003,0.982795150436362
2004,0.9086153544462
2005,0.893598136628663
2006,..
2007,0.852217503808985
2008,0.849672132391499
2009,0.887000919654784
2010,0.902247100446902
2011,0.942414033847101
2012,0.924931252984728
2013,0.89329805104444
2014,0.842343124965287
2015,0.828717835959699
2016,0.780042842286234
2017,0.747244961969595
2018,0.71751839376083
2019,0.709321909785895
2020,0.629915166949377
2021,..
2022,..
2023,..
2024,..
