Year,Value
1960,..
1961,..
1962,..
1963,..
1964,..
1965,..
1966,..
1967,..
1968,..
1969,..
1970,..
1971,..
1972,..
1973,..
1974,..
1975,..
1976,..
1977,..
1978,..
1979,..
1980,..
1981,..
1982,..
1983,..
1984,..
1985,..
1986,..
1987,..
1988,..
1989,..
1990,..
1991,4.40171397658427
1992,4.46305681503705
1993,4.49486117376954
1994,4.48029052893018
1995,4.39737826242802
1996,4.36952306939044
1997,4.37145188600827
1998,4.43387266280313
1999,4.51132486725577
2000,4.56622826702957
2001,4.61029251867869
2002,4.67197014546844
2003,4.71224639845576
2004,4.58648104080159
2005,4.43957669933572
2006,4.25784200849851
2007,4.35044893523221
2008,4.43794235685415
2009,4.49329241504339
2010,4.36832292361443
2011,4.40631180608034
2012,4.3589109483616
2013,4.30524902692075
2014,4.29593431843825
2015,4.42801847362201
2016,4.50047512750903
2017,4.61707198251553
2018,4.57194273900899
2019,4.5973098838477
2020,5.38189659033961
2021,5.54474989219072
2022,4.91950981097529
2023,4.80459450332423
2024,4.73644843672854
