Year,Value
1960,..
1961,..
1962,..
1963,..
1964,..
1965,..
1966,..
1967,..
1968,..
1969,..
1970,..
1971,..
1972,..
1973,..
1974,..
1975,..
1976,..
1977,..
1978,..
1979,..
1980,..
1981,..
1982,..
1983,..
1984,..
1985,..
1986,..
1987,..
1988,..
1989,..
1990,..
1991,..
1992,..
1993,..
1994,..
1995,..
1996,..
1997,..
1998,..
1999,..
2000,0.0141192821832929
2001,-0.00927046769753174
2002,-0.00881933404446641
2003,-0.00507974743861769
2004,-0.00316258443394403
2005,-0.00336116363478728
2006,0.00117477827108921
2007,0.00998412027421436
2008,0.0118559128784973
2009,0.00877541643912553
2010,0.00721883579306851
2011,0.0108940714493744
2012,0.011125553534629
2013,0.0036279625331319
2014,0.00350683006219268
2015,-0.00180479448244172
2016,-0.00361687376960892
2017,-0.00197535560996595
2018,0.00904252550651887
2019,-0.00059907592813893
2020,-0.00780777240319425
2021,-0.00779150193652758
2022,-0.00779150193652758
2023,..
2024,..
