Year,Value
1960,..
1961,..
1962,2.09156229282105
1963,2.1330054077134
1964,3.85594321142968
1965,3.02548541053081
1966,3.66106680456524
1967,2.16625623022186
1968,2.10840736922133
1969,3.00252386645151
1970,3.61442438423254
1971,3.29285283518094
1972,5.73765888300819
1973,12.8831457507806
1974,16.3583939709524
1975,8.88289695723412
1976,8.67575133556515
1977,8.70317473269525
1978,7.07139632134389
1979,10.9383021757043
1980,12.5171777751875
1981,9.47047691422051
1982,8.64350807450943
1983,10.7301456603332
1984,10.1636889932223
1985,8.59899772599645
1986,7.32626398342269
1987,8.64974663302132
1988,9.68875988419426
1989,9.09994145026529
1990,10.6683038500875
1991,13.622117597302
1992,11.1691666876474
1993,10.5684279644023
1994,11.7169281691158
1995,10.6790055674445
1996,8.69676711743546
1997,8.42636158197807
1998,8.01016752456401
1999,6.17025908404349
2000,6.07984848923864
2001,6.39768180690317
2002,4.58213735216555
2003,5.53933744651502
2004,5.89075853406953
2005,6.21272950618375
2006,7.86791204769719
2007,7.09973099343016
2008,10.6402448170694
2009,4.42409943446155
2010,8.07745609713074
2011,8.83316822422471
2012,7.12250101573797
2013,4.37807084310651
2014,3.80418158040182
2015,3.27278086173754
2016,2.77007618928789
2017,4.35627705316448
2018,3.85196147926602
2019,3.46709767699252
2020,4.30850566192725
2021,4.97327061601276
2022,6.89405459439946
2023,6.08564937837974
2024,4.51762759857236
