Year,Value
1960,..
1961,..
1962,..
1963,..
1964,..
1965,..
1966,..
1967,..
1968,..
1969,..
1970,..
1971,..
1972,..
1973,..
1974,..
1975,..
1976,..
1977,..
1978,..
1979,..
1980,..
1981,..
1982,..
1983,..
1984,..
1985,..
1986,..
1987,..
1988,..
1989,..
1990,2349.18981532213
1991,2460.57037126683
1992,2568.9839854662
1993,2680.12974893637
1994,2804.14110454424
1995,2947.79845588146
1996,3131.60435671567
1997,3296.35356916345
1998,3331.40376109745
1999,3456.22476712775
2000,3674.68766832478
2001,3841.49180994859
2002,4023.63871793823
2003,4277.91121064887
2004,4662.42949777193
2005,5077.10628655162
2006,5585.53352839541
2007,6139.45605200534
2008,6535.58487944242
2009,6759.02538105381
2010,7284.26254309641
2011,7788.37638181464
2012,8247.04662978553
2013,8629.29525339719
2014,8925.66626834594
2015,9061.67576991852
2016,9402.90293014012
2017,9876.46556711666
2018,10503.8661583
2019,11066.2461330671
2020,11064.5113070352
2021,12322.549181381
2022,13694.3561961725
2023,14750.9010325334
2024,15611.8511508392
