Year,Value
1960,127.599362742149
1961,127.456588132559
1962,126.918742599098
1963,137.3011034961
1964,150.13781189305
1965,161.803641611793
1966,163.678121890748
1967,163.904618228975
1968,169.499391628537
1969,184.975807512493
1970,196.848103674138
1971,206.509958237297
1972,226.53725972097
1973,282.101680135999
1974,350.976912910348
1975,379.77330241394
1976,399.969463798852
1977,439.796267245565
1978,478.601649075669
1979,543.341522789923
1980,628.227847036029
1981,688.98602153305
1982,664.984663911766
1983,630.641529220988
1984,634.599584232261
1985,645.310795833262
1986,645.274186293493
1987,652.193925676912
1988,681.483877662503
1989,715.842275598392
1990,804.648456500796
1991,767.97180713875
1992,790.880208249293
1993,840.430637238885
1994,926.100531376678
1995,1040.20739290449
1996,1136.00853329988
1997,1185.71103275997
1998,1160.93907553237
1999,1099.82518759129
2000,1177.75765478613
2001,1162.06593417659
2002,1167.55459231996
2003,1288.22169575973
2004,1490.06634794524
2005,1734.86422930654
2006,2014.03892053455
2007,2439.69426660589
2008,2857.43260761574
2009,2826.1947933346
2010,3390.74990282183
2011,3939.15229373555
2012,4130.06444378513
2013,4326.21492686569
2014,4468.79749861455
2015,4282.04601624269
2016,4269.77006692862
2017,4607.31736311311
2018,4846.86334479652
2019,4904.42291649614
2020,4698.51752976729
2021,5485.92472057214
2022,5702.28344160279
2023,5819.84086254913
2024,5974.80452228262
