Year,Value
1960,..
1961,..
1962,..
1963,..
1964,..
1965,..
1966,..
1967,..
1968,..
1969,..
1970,..
1971,..
1972,..
1973,..
1974,..
1975,..
1976,..
1977,..
1978,..
1979,..
1980,..
1981,..
1982,..
1983,..
1984,..
1985,..
1986,..
1987,..
1988,..
1989,..
1990,82.4521847358633
1991,82.2671421573906
1992,82.0758446185633
1993,81.844854207098
1994,81.6997198572073
1995,81.4867498722784
1996,81.2448573132502
1997,81.1104936401079
1998,80.881779665031
1999,80.6902456768535
2000,80.3967408308737
2001,80.157979986447
2002,79.8518985898048
2003,79.6119365564466
2004,79.4574873359067
2005,79.1767312072787
2006,78.8785996675324
2007,78.5782049981286
2008,78.2661037810816
2009,77.9742033601589
2010,77.665854846391
2011,77.5069914981113
2012,77.2221422611621
2013,76.9091516489073
2014,76.5745839531092
2015,76.2933189492824
2016,75.9769151734474
2017,75.619931297349
2018,75.3631176646088
2019,75.081291186283
2020,73.6153780425867
2021,74.2072138624021
2022,74.3684257717188
2023,74.4692473765413
2024,74.3608965985181
