Year,Value
1960,..
1961,..
1962,..
1963,..
1964,..
1965,..
1966,..
1967,..
1968,..
1969,..
1970,..
1971,..
1972,..
1973,..
1974,..
1975,..
1976,..
1977,..
1978,..
1979,..
1980,..
1981,..
1982,..
1983,..
1984,..
1985,..
1986,..
1987,..
1988,..
1989,..
1990,82.2397759241287
1991,82.2592733661797
1992,82.3663981304963
1993,82.5637423441409
1994,82.8538237184241
1995,83.2091079334764
1996,83.5905990140915
1997,84.0580253861064
1998,84.6485711410747
1999,85.2982127487216
2000,84.79274973625
2001,84.2771068957594
2002,83.7532212777414
2003,83.2210789300846
2004,82.677257027541
2005,82.1275876856701
2006,81.5662005666314
2007,80.998793157729
2008,80.4220321334898
2009,79.8357724653996
2010,79.2421439314283
2011,78.6411793033335
2012,78.0326458170866
2013,77.4159976211716
2014,76.6720149202562
2015,75.9213109276456
2016,75.1668929622086
2017,74.4080054059494
2018,73.6478778483049
2019,72.8856202825624
2020,72.885101010101
2021,73.108812976754
2022,72.2022191197002
2023,72.3042031162558
2024,71.9412338526117
