Year,Value
1960,..
1961,..
1962,..
1963,..
1964,..
1965,..
1966,..
1967,..
1968,..
1969,..
1970,1.34836543548151
1971,1.26422973111333
1972,1.24127985102182
1973,1.19186092418608
1974,1.1458520156706
1975,1.22228956884403
1976,1.20758934212367
1977,1.24453384357901
1978,1.29523268756737
1979,1.22762100125049
1980,1.12115668630375
1981,1.10013169911055
1982,1.10980161628829
1983,1.13672617655281
1984,1.12906643895286
1985,1.06992802676046
1986,1.07678813970811
1987,1.07435418488866
1988,1.08940473005779
1989,1.31249365158125
1990,1.43103021369652
1991,1.44232283458378
1992,1.40252400469091
1993,1.34481891686493
1994,1.28039334023484
1995,1.26828579852911
1996,1.20650249477705
1997,1.14173720496114
1998,1.11943296546073
1999,1.06475623932646
2000,1.0333936506139
2001,1.01368370310944
2002,0.997947023185949
2003,1.027265020254
2004,1.04136550381269
2005,1.05039292149583
2006,1.03633759227385
2007,0.999562959200376
2008,0.960916188549361
2009,0.952783976162943
2010,0.955805301757078
2011,0.959759747647125
2012,0.930473600281638
2013,0.912581973837545
2014,0.872794130235751
2015,0.82688216662172
2016,0.793159970022694
2017,0.767394685665206
2018,0.758121308296391
2019,0.741418075441462
2020,0.739411819231922
2021,0.723076831288917
2022,0.697903831237684
2023,0.700079167560707
2024,..
