Year,Value
1960,..
1961,..
1962,..
1963,..
1964,..
1965,..
1966,..
1967,..
1968,..
1969,..
1970,1.01260468890869
1971,0.965527384457421
1972,1.1672373058983
1973,1.73750132499896
1974,1.37128987070913
1975,1.46173376157409
1976,1.4485100139145
1977,1.5874072631246
1978,1.57301709553834
1979,1.92579415478468
1980,1.91143795731175
1981,1.37737505424496
1982,1.88354716055246
1983,1.70529272812174
1984,1.12693776977204
1985,1.00983241567891
1986,1.19729553006272
1987,1.38564852461703
1988,0.854379089449108
1989,0.891315841376361
1990,0.804330694536999
1991,0.837468998493776
1992,1.1433150885915
1993,1.03291253483695
1994,0.829862705355216
1995,0.807143839368338
1996,0.693043090914427
1997,0.579778373161122
1998,0.497276992290436
1999,0.484300762855789
2000,0.432089673701508
2001,0.408328211464076
2002,0.408187773139809
2003,0.473307326454064
2004,0.342637514447642
2005,0.308724231693298
2006,0.320567171686094
2007,0.358389967731422
2008,0.346199491511404
2009,0.319700211900342
2010,0.329321277435772
2011,0.283723419062908
2012,0.266767156279976
2013,0.254123816862595
2014,0.277909448377758
2015,0.241013130809638
2016,0.252890635812092
2017,0.27684499793973
2018,0.248182100554192
2019,0.215947491286031
2020,0.232336566892969
2021,0.188736811652121
2022,..
2023,..
2024,..
