Year,Value
1960,..
1961,..
1962,..
1963,..
1964,..
1965,..
1966,..
1967,..
1968,..
1969,..
1970,..
1971,..
1972,..
1973,..
1974,..
1975,..
1976,..
1977,..
1978,..
1979,..
1980,..
1981,..
1982,..
1983,..
1984,..
1985,..
1986,..
1987,..
1988,..
1989,..
1990,73.4147591089856
1991,72.709820394214
1992,71.9406739860677
1993,70.8446388254413
1994,69.8287707789492
1995,68.6576984371397
1996,67.1478610159811
1997,65.9421100517242
1998,64.703186603871
1999,63.9876287518077
2000,62.8018306575181
2001,62.4276760377189
2002,61.8209592316922
2003,61.1700040201617
2004,60.7860725337019
2005,60.3956196191265
2006,59.726339428958
2007,59.1474103133312
2008,58.9428801076163
2009,58.5523538741186
2010,57.7749566290219
2011,57.0965084561926
2012,56.5265475795422
2013,55.9194941277739
2014,55.2525360401463
2015,54.7697625337382
2016,54.1039024550541
2017,53.5744805459668
2018,53.0898746869313
2019,52.6732620023246
2020,49.8868718267945
2021,50.3083779784496
2022,49.8239897254889
2023,49.2087980256403
2024,48.7804704048794
