Year,Value
1960,..
1961,..
1962,..
1963,..
1964,..
1965,..
1966,..
1967,..
1968,..
1969,..
1970,..
1971,..
1972,..
1973,..
1974,..
1975,..
1976,..
1977,..
1978,..
1979,..
1980,..
1981,..
1982,..
1983,..
1984,..
1985,..
1986,..
1987,..
1988,..
1989,..
1990,..
1991,5.27905745149737
1992,-40.5283897750115
1993,-53.8255442488711
1994,-55.2024668439545
1995,-56.9606341360636
1996,-55.5933921382161
1997,-57.1044194773616
1998,-54.66092284564
1999,-62.043801855258
2000,-66.8129196111817
2001,-64.72134116133
2002,-64.4955554669749
2003,-64.433770478734
2004,-62.8017356741397
2005,-60.2617177935072
2006,-59.5897704559561
2007,-55.6816564071318
2008,-54.9331184620378
2009,-62.3954353136798
2010,-60.0276751191568
2011,-59.2332966989163
2012,-58.7484126667768
2013,-61.956961203583
2014,-62.3917339088543
2015,-61.1136103502668
2016,-61.5153551355568
2017,-60.2500441321345
2018,-60.0934462356713
2019,-59.301915049912
2020,-59.4234919622571
2021,-59.2019771196237
2022,-62.5585818494496
2023,-62.6596586735304
2024,..
