Year,Value
1960,..
1961,..
1962,..
1963,..
1964,..
1965,..
1966,..
1967,..
1968,..
1969,..
1970,..
1971,..
1972,..
1973,..
1974,..
1975,..
1976,..
1977,..
1978,..
1979,..
1980,..
1981,..
1982,..
1983,..
1984,..
1985,..
1986,..
1987,..
1988,..
1989,..
1990,..
1991,..
1992,..
1993,..
1994,..
1995,10125.5707210792
1996,10429.4673416851
1997,11139.4320847447
1998,12224.5265673552
1999,12668.5984830388
2000,13359.6168347541
2001,14565.3926725688
2002,15676.3193088488
2003,17098.7377069152
2004,18626.774910913
2005,21137.4078112884
2006,23685.0001360013
2007,27191.2778404704
2008,26917.2481708567
2009,24977.1333946787
2010,23130.2520475755
2011,24391.5436185873
2012,25838.8224932512
2013,26902.6932540796
2014,27684.8038620242
2015,28893.913296455
2016,30592.9446783045
2017,31955.7536863103
2018,33514.8884739769
2019,34715.3414154656
2020,34635.7362989489
2021,36222.6807279013
2022,36159.0500971051
2023,37768.6122626232
2024,..
