Year,Value
1960,..
1961,..
1962,..
1963,..
1964,..
1965,..
1966,..
1967,..
1968,..
1969,..
1970,..
1971,..
1972,..
1973,..
1974,..
1975,..
1976,..
1977,..
1978,..
1979,..
1980,..
1981,..
1982,5862862689.21294
1983,6450463501.33809
1984,6996218021.47372
1985,7047485206.42424
1986,7519187126.07579
1987,8593935740.49784
1988,9265229136.60204
1989,9730796521.30224
1990,10507253373.7152
1991,10891757260.8441
1992,12340274326.2301
1993,12980237775.9757
1994,13532345921.5966
1995,13978304703.506
1996,13919807530.9342
1997,13880918961.1534
1998,13246432774.7572
1999,12934009673.3066
2000,13677274309.8221
2001,14072294542.5819
2002,15326259213.7968
2003,17110313431.968
2004,21666958357.6126
2005,23416615361.9495
2006,26552239084.2221
2007,30396072957.574
2008,31426893919.9337
2009,31827391416.0429
2010,39823319544.0517
2011,48431715259.792
2012,52907844414.2002
2013,58596968309.9697
2014,57396680819.5791
2015,45048190598.3249
2016,44742230667.6266
2017,49153837659.7787
2018,52302278178.289
2019,50961553655.6194
2020,23271029702.122
2021,28748073961.0022
2022,23110764976.5182
2023,40458134366.2488
2024,44021751446.6446
