Year,Value
1960,..
1961,-2.66032156179796
1962,-0.20942074120974
1963,0.84699128776262
1964,0.563264253201453
1965,-4.50518397979852
1966,0.0909136915616386
1967,-0.15277776918245
1968,6.30752828095792
1969,0.973769005765845
1970,3.99938380911189
1971,0.993567228541778
1972,-5.97761087947919
1973,-5.85280275313725
1974,-6.82776445206811
1975,-3.53717837593867
1976,-7.05277308161232
1977,-0.129384218481121
1978,-6.72248550896619
1979,7.05428239603496
1980,1.50916931357791
1981,-15.0564318899856
1982,-5.6309659949396
1983,-3.8248214487391
1984,-2.44506506008133
1985,0.132411095996872
1986,-3.00116585343775
1987,-5.65860537701485
1988,-0.846849758055143
1989,-5.1162223165538
1990,6.15136014257533
1991,-11.9655554630117
1992,-1.10285096773617
1993,-0.11108917002683
1994,-4.26863674117784
1995,-1.434563078309
1996,1.4757555286985
1997,1.40289328054406
1998,3.19573364807708
1999,0.629249079545929
2000,1.88505797341476
2001,6.48241338222024
2002,-15.9508600331735
2003,14.1653573148351
2004,-0.719727032223801
2005,-2.52557048062235
2006,2.58350347614842
2007,2.1776795080897
2008,5.17351040996247
2009,-10.0683783049399
2010,0.493499886193206
2011,0.749178284225721
2012,0.0723091286278077
2013,-0.193438682760743
2014,-0.818542139253395
2015,2.86590667014957
2016,4.74107785575768
2017,-2.47721976765258
2018,3.15025774614564
2019,-1.92867449510362
2020,-4.32640848552953
2021,-0.499521958189561
2022,1.17040749741619
2023,0.0790017297606767
2024,0.361983064428699
