Year,Value
1960,99.6310013702313
1961,99.0610942687608
1962,99.5820287121977
1963,100.385679554223
1964,99.5529026988798
1965,100.287420552864
1966,97.3705382886328
1967,94.7248976898816
1968,94.7204365778252
1969,94.2189693740402
1970,92.5124122875573
1971,95.3615370707416
1972,95.2403514967627
1973,95.5335740492327
1974,96.0208735099699
1975,96.8933972357575
1976,94.2262136642398
1977,95.5257745015531
1978,97.3197549522273
1979,99.7178713700586
1980,62.3460083007698
1981,70.0658242563733
1982,78.1047720728038
1983,76.9921466923802
1984,74.9434856287144
1985,83.8858067938936
1986,81.3468444395956
1987,76.8490801677227
1988,85.7268339960469
1989,60.3018429762023
1990,70.6781365931442
1991,73.1371922820531
1992,68.0714428997983
1993,67.3713788971857
1994,70.6464425214781
1995,94.5297771626879
1996,92.306620851367
1997,94.435949394007
1998,92.2609049003017
1999,91.9378265816752
2000,92.6072393576537
2001,86.3854099143173
2002,95.5802999876898
2003,92.9177115965921
2004,88.7097438579442
2005,91.164200023537
2006,86.8177433712606
2007,84.592389729753
2008,80.1968547242905
2009,84.4381458472297
2010,87.098740655696
2011,87.6926610187855
2012,88.9214384247516
2013,93.3103576120012
2014,88.914934021505
2015,88.4472247699717
2016,86.2835770536701
2017,87.7317601229978
2018,85.6233509129675
2019,86.0028361843823
2020,95.7025319956036
2021,92.6433757386421
2022,87.2985639487606
2023,87.2185906184263
2024,85.1153139189015
