Year,Value
1960,0.368998629768735
1961,0.938905731239174
1962,0.417971287802318
1963,-0.385679554222542
1964,0.447097301120235
1965,-0.287420552863987
1966,2.6294617113672
1967,5.27510231011841
1968,5.27956342217478
1969,5.78103062595984
1970,7.48758771244268
1971,4.63846292925836
1972,4.75964850323726
1973,4.46642595076732
1974,3.97912649003011
1975,3.10660276424251
1976,5.77378633576024
1977,4.47422549844691
1978,2.68024504777265
1979,0.2821286299414
1980,37.6539916992303
1981,29.9341757436267
1982,21.8952279271962
1983,23.0078533076198
1984,25.0565143712856
1985,16.1141932061064
1986,18.6531555604044
1987,23.1509198322773
1988,14.2731660039531
1989,39.6981570237977
1990,29.3218634068558
1991,26.8628077179469
1992,31.9285571002017
1993,32.6286211028143
1994,29.3535574785219
1995,5.47022283731211
1996,7.693379148633
1997,5.56405060599304
1998,7.73909509969831
1999,8.06217341832484
2000,7.39276064234627
2001,13.6145900856827
2002,4.41970001231018
2003,7.08228840340791
2004,11.2902561420558
2005,8.835799976463
2006,13.1822566287394
2007,15.407610270247
2008,19.8031452757095
2009,15.5618541527703
2010,12.901259344304
2011,12.3073389812145
2012,11.0785615752484
2013,6.68964238799881
2014,11.085065978495
2015,11.5527752300283
2016,13.7164229463299
2017,12.2682398770022
2018,14.3766490870325
2019,13.9971638156177
2020,4.29746800439638
2021,7.35662426135793
2022,12.7014360512394
2023,12.7814093815737
2024,14.8846860810985
