Year,Value
1960,..
1961,..
1962,..
1963,..
1964,..
1965,..
1966,..
1967,..
1968,..
1969,..
1970,..
1971,..
1972,..
1973,..
1974,..
1975,..
1976,..
1977,..
1978,..
1979,..
1980,..
1981,..
1982,..
1983,..
1984,..
1985,..
1986,..
1987,..
1988,..
1989,..
1990,..
1991,..
1992,..
1993,..
1994,..
1995,..
1996,..
1997,..
1998,..
1999,..
2000,..
2001,..
2002,..
2003,..
2004,..
2005,37.1656870273291
2006,37.9153514875254
2007,36.9813095243458
2008,37.7856618518573
2009,35.1252547592434
2010,36.0933102909426
2011,35.2674031943882
2012,35.1256242434536
2013,35.4685777590926
2014,34.9267191944965
2015,34.6897890521002
2016,33.4923170958784
2017,..
2018,33.9221333100311
2019,33.4798597460824
2020,..
2021,34.7746963728385
2022,..
2023,..
2024,..
