Year,Value
1960,..
1961,..
1962,..
1963,..
1964,..
1965,..
1966,..
1967,..
1968,..
1969,..
1970,..
1971,..
1972,..
1973,..
1974,..
1975,..
1976,..
1977,..
1978,..
1979,..
1980,..
1981,..
1982,..
1983,..
1984,..
1985,..
1986,..
1987,..
1988,..
1989,..
1990,49.7523322156987
1991,49.8564059369652
1992,49.8978192430669
1993,49.8541639266758
1994,49.8587430017352
1995,49.343736296242
1996,49.3672328363053
1997,49.5042388761578
1998,49.3147479498725
1999,49.6768163951021
2000,49.6046763898601
2001,49.3602018843514
2002,49.0618258554403
2003,49.2754311863467
2004,49.5217557045605
2005,49.6842797850486
2006,49.6539127185361
2007,49.7278399462122
2008,49.4389155966998
2009,49.7930791167032
2010,50.1609575506666
2011,49.9028477392172
2012,50.1049726432449
2013,50.2541786438447
2014,50.2322132335503
2015,50.4609637128605
2016,50.5928792435747
2017,50.2767974720382
2018,49.9325735009138
2019,50.0252976396394
2020,49.0328731243716
2021,49.5767332792397
2022,49.658402558198
2023,49.7199828535989
2024,49.6547687031912
