Year,Value
1960,..
1961,..
1962,..
1963,..
1964,..
1965,..
1966,..
1967,..
1968,..
1969,..
1970,..
1971,..
1972,..
1973,..
1974,..
1975,..
1976,..
1977,..
1978,..
1979,..
1980,..
1981,..
1982,..
1983,..
1984,..
1985,..
1986,..
1987,..
1988,..
1989,..
1990,86.983368966024
1991,87.829981111188
1992,85.5109908948501
1993,84.5248674808832
1994,82.7896219334693
1995,85.1776868807138
1996,81.9587869646742
1997,80.4532613387184
1998,77.8803384430558
1999,77.9797435420611
2000,74.7050078924009
2001,77.2619363825732
2002,78.2639101141776
2003,82.8841854084897
2004,81.487992101382
2005,84.1704552716967
2006,81.6319877924748
2007,79.6307826913382
2008,79.3428626996395
2009,82.8604844147077
2010,78.3371575232018
2011,79.2897526750526
2012,78.5320121963056
2013,77.9469519226238
2014,74.5613773956543
2015,71.3296538338632
2016,70.1016656730016
2017,67.2373483624382
2018,67.4149641829344
2019,67.2058541167874
2020,68.4265437361014
2021,67.3067628674507
2022,66.370259157334
2023,63.954996177069
2024,..
