Year,Value
1960,..
1961,..
1962,..
1963,..
1964,..
1965,..
1966,..
1967,..
1968,..
1969,..
1970,..
1971,..
1972,..
1973,..
1974,..
1975,..
1976,..
1977,..
1978,..
1979,..
1980,..
1981,..
1982,..
1983,..
1984,..
1985,..
1986,..
1987,..
1988,..
1989,..
1990,6.91557953789289
1991,6.77680110341662
1992,6.79436416862406
1993,6.62825789440731
1994,6.22246004315864
1995,6.68100835218925
1996,6.54048168757335
1997,6.38871461838296
1998,6.28037198706448
1999,6.00414319501492
2000,5.92814557119185
2001,5.55989653831576
2002,5.42240302851899
2003,5.08281670983876
2004,5.02431149966854
2005,4.91975883874822
2006,4.72671313050035
2007,4.754432837034
2008,4.6439186834825
2009,4.43527616191077
2010,4.54672239496664
2011,4.26767806151138
2012,4.36222280468688
2013,4.66604772951285
2014,4.6442321397679
2015,4.66565240189429
2016,4.68704451835979
2017,5.35321647970808
2018,4.65543408712656
2019,4.75277953115138
2020,5.1227246183889
2021,4.80772845016991
2022,4.67509327950681
2023,4.6976435039918
2024,..
