Year,Value
1960,..
1961,..
1962,..
1963,..
1964,..
1965,..
1966,..
1967,..
1968,..
1969,..
1970,..
1971,..
1972,..
1973,..
1974,..
1975,..
1976,..
1977,..
1978,..
1979,..
1980,..
1981,..
1982,..
1983,..
1984,..
1985,..
1986,..
1987,..
1988,..
1989,..
1990,..
1991,..
1992,..
1993,..
1994,..
1995,..
1996,..
1997,..
1998,..
1999,..
2000,10.118038
2001,10.118038
2002,10.118038
2003,10.118038
2004,10.118038
2005,10.118038
2006,10.118038
2007,10.118038
2008,12.714234
2009,19.317764
2010,13.46252
2011,19.526805
2012,19.077499
2013,20.549734
2014,25.823904
2015,21.674073
2016,31.323663
2017,15.03703
2018,13.597363
2019,13.976996
2020,13.976996
2021,13.976996
2022,13.976996
2023,..
2024,..
