Year,Value
1960,..
1961,..
1962,..
1963,..
1964,..
1965,..
1966,..
1967,..
1968,..
1969,..
1970,..
1971,819.892763104598
1972,879.804649136016
1973,944.106757570569
1974,975.837309843699
1975,1002.74831136068
1976,1043.60540315003
1977,1098.42451172748
1978,1196.2192746669
1979,1278.99623245581
1980,1413.28271862663
1981,1474.16370246647
1982,1509.03788920178
1983,1390.44832352479
1984,1422.45674640972
1985,1447.35864495717
1986,1379.74030300225
1987,1422.30747770339
1988,1411.51746639344
1989,1446.36874913397
1990,1493.46900672684
1991,1538.05503011024
1992,1521.78830836513
1993,1518.96150035351
1994,1525.21829674272
1995,1450.41600131761
1996,1456.88897084623
1997,1507.5044605273
1998,1524.35696191234
1999,1543.4753103012
2000,1529.24839823885
2001,1551.28203198295
2002,1545.30473315997
2003,1632.93974423253
2004,1640.12709379747
2005,1706.74580881494
2006,1711.48201994753
2007,1680.39018360358
2008,1665.60982672192
2009,1606.29554352255
2010,1571.31690338956
2011,1622.07805751538
2012,1641.23547473104
2013,1621.71346326768
2014,1570.99078636977
2015,1527.09144608898
2016,1512.67220353692
2017,1464.26286767209
2018,1482.97907989785
2019,1458.64835451066
2020,1349.95182163974
2021,1398.80870495866
2022,1419.79998134873
2023,1400.94553221573
2024,..
