Year,Value
1960,..
1961,..
1962,..
1963,..
1964,..
1965,..
1966,..
1967,..
1968,..
1969,..
1970,..
1971,..
1972,..
1973,..
1974,..
1975,..
1976,..
1977,..
1978,..
1979,..
1980,..
1981,..
1982,..
1983,..
1984,..
1985,..
1986,..
1987,..
1988,..
1989,..
1990,..
1991,..
1992,..
1993,..
1994,..
1995,..
1996,..
1997,4453.19665919389
1998,4570.00469327316
1999,4617.36923588281
2000,4673.44367218743
2001,4908.34800331545
2002,4962.15942452271
2003,4866.97398253253
2004,4841.74971892773
2005,5016.11926369103
2006,4968.55411994946
2007,5144.47010555143
2008,4835.66648162022
2009,4905.94950098542
2010,4963.58976643633
2011,4951.24004697421
2012,4806.70957505836
2013,5170.53770037242
2014,5344.43052827622
2015,5960.46929543147
2016,6152.15156447001
2017,6321.07880386017
2018,6744.0087703301
2019,7613.9247150361
2020,7629.34117294383
2021,7350.82042396781
2022,7557.46276236386
2023,7964.70208585939
2024,..
