Year,Value
1960,..
1961,..
1962,..
1963,..
1964,..
1965,..
1966,..
1967,..
1968,..
1969,..
1970,..
1971,16.9023921579315
1972,22.7745886460919
1973,29.1338012459086
1974,33.150913249182
1975,22.6376740760388
1976,23.4802603981297
1977,21.5533300668923
1978,22.1922021529992
1979,28.0975590954617
1980,29.0209077747291
1981,19.5470337717963
1982,17.1449133246594
1983,14.6853592814754
1984,15.2034168539959
1985,13.9405755253645
1986,12.7393515075515
1987,13.4364641170697
1988,12.4525373552298
1989,12.7427411688151
1990,14.9622100799186
1991,18.5565089952829
1992,18.8248598208486
1993,21.0840433220024
1994,23.0431758110627
1995,24.5199369559885
1996,28.450425143307
1997,30.0254814467651
1998,28.4847104912206
1999,29.1462013618179
2000,31.1135047748854
2001,34.6420576532532
2002,41.5940716284099
2003,50.5311590781463
2004,62.8890016736812
2005,79.0476762961189
2006,94.7100796544982
2007,115.159175693551
2008,124.82493021797
2009,136.730821674407
2010,130.189246100796
2011,123.139391703657
2012,115.942711204321
2013,110.388491599114
2014,100.892388963699
2015,98.5566893060083
2016,90.6188425501199
2017,85.3492325300366
2018,78.3128937350919
2019,77.4052497011789
2020,78.2874191543005
2021,75.0272070106461
2022,73.2656568859566
2023,75.4543308691448
2024,..
