Year,Value
1960,23.9628365911963
1961,19.659718948499
1962,17.3529978757749
1963,18.692255438018
1964,19.9888785244627
1965,21.2121279679011
1966,21.4954638224235
1967,19.7830732684535
1968,19.9494369196292
1969,20.5512609772584
1970,22.9650515083197
1971,23.3331930532283
1972,22.8794200714439
1973,23.4715567555055
1974,24.56692450307
1975,26.2816138592486
1976,25.5951904003698
1977,26.2554712546254
1978,25.6603563208212
1979,24.6011963823499
1980,25.7490472838708
1981,25.5724556320089
1982,23.9144229151321
1983,23.6585680753121
1984,23.6815125433854
1985,24.3067986109125
1986,23.9230380069289
1987,23.7729971249649
1988,25.258739335164
1989,25.8680941514122
1990,26.8595831014394
1991,25.5644645371194
1992,26.4097851584781
1993,26.4396350180157
1994,26.9165992709711
1995,25.932475449156
1996,25.2746562017891
1997,24.7416115460575
1998,24.0454754532234
1999,24.6420919229906
2000,24.4892172298901
2001,25.3293793258048
2002,25.8420129063219
2003,27.3169223589453
2004,29.0826408735213
2005,28.7908560445933
2006,29.2204468186093
2007,30.5026928762077
2008,31.6608044901219
2009,32.4381235198194
2010,33.5171929614093
2011,33.9503410951316
2012,33.9754713123964
2013,34.0651749558105
2014,34.0822069333536
2015,33.3757785190469
2016,32.8744723941141
2017,33.3202504150058
2018,34.41453889892
2019,33.6780846237251
2020,33.9458599513294
2021,35.1492525214207
2022,34.770872663227
2023,33.6144569585504
2024,..
