Year,Value
1960,..
1961,..
1962,..
1963,..
1964,..
1965,..
1966,..
1967,..
1968,..
1969,..
1970,..
1971,..
1972,..
1973,..
1974,..
1975,..
1976,..
1977,..
1978,..
1979,..
1980,..
1981,..
1982,..
1983,..
1984,..
1985,..
1986,..
1987,..
1988,..
1989,..
1990,6.30762275878733
1991,6.38156738512471
1992,6.55918185464958
1993,6.66165976361312
1994,6.79001860768988
1995,6.77672124127272
1996,7.0123888172379
1997,7.20647853471881
1998,7.35739540421
1999,7.46043521002756
2000,7.71487370934846
2001,7.82488198325671
2002,7.87277398740824
2003,7.75010297934179
2004,7.67102750103214
2005,7.73884035723734
2006,7.88355526606486
2007,8.08951904480919
2008,8.24758338493055
2009,8.28637118988979
2010,8.30662210781415
2011,8.38007999540142
2012,8.55444608945105
2013,8.78876867130571
2014,8.98055694057991
2015,9.39033555735127
2016,9.73213633091815
2017,9.90878283670029
2018,10.0361334102883
2019,10.0971571748101
2020,9.97274736726363
2021,10.0530896233385
2022,10.2203915781961
2023,..
2024,..
