Year,Value
1960,..
1961,1.12365200306445
1962,3.29171599415905
1963,4.92856549163851
1964,8.14276726417582
1965,6.17622206977239
1966,4.99767181894133
1967,3.23650892456735
1968,6.18487452830377
1969,8.25583875492195
1970,8.11950143851972
1971,6.22312917882921
1972,6.28500431626153
1973,7.02931622170628
1974,6.028480289699
1975,4.30537540496915
1976,6.31846161234837
1977,4.61598679048896
1978,3.77338231523674
1979,4.68464146108983
1980,4.7742312935375
1981,1.90403889115115
1982,2.91849089988889
1983,1.61727534062106
1984,4.79792506639394
1985,4.55235419672395
1986,3.7157195857036
1987,4.65675477225045
1988,4.12166925899587
1989,3.1176046513733
1990,3.26060692284935
1991,2.8928816940842
1992,4.35749448432381
1993,5.12940231664847
1994,5.21985283881072
1995,4.60645742597386
1996,6.26999557274672
1997,5.65796485459262
1998,3.31786632662858
1999,3.69192678049299
2000,5.62418932547801
2001,3.63764170525161
2002,4.78972549272001
2003,5.94065428575678
2004,7.71547879704843
2005,7.389233947634
2006,8.26956843302669
2007,8.90028747815121
2008,5.95662575916391
2009,4.02984496722667
2010,8.18993508545655
2011,6.47992196306416
2012,5.65810825894555
2013,5.66884653292539
2014,5.22533692072705
2015,4.80570713456562
2016,4.79328224035405
2017,5.36586237781218
2018,5.03808759324613
2019,4.14501518615189
2020,-1.05760642757629
2021,7.4897638989351
2022,3.96278401748727
2023,4.8756831003947
2024,4.35549949546106
