Year,Value
1960,..
1961,..
1962,..
1963,..
1964,..
1965,..
1966,..
1967,..
1968,..
1969,..
1970,..
1971,..
1972,..
1973,..
1974,..
1975,..
1976,..
1977,..
1978,..
1979,..
1980,..
1981,..
1982,..
1983,..
1984,..
1985,..
1986,..
1987,..
1988,..
1989,..
1990,..
1991,11.1431512852945
1992,11.3675775973778
1993,11.8921301046697
1994,12.5084372981643
1995,13.0976762919758
1996,13.2523943094147
1997,13.4565106787471
1998,13.9016155667776
1999,14.3040265884875
2000,14.4423214454277
2001,14.7679939134347
2002,15.2001416568738
2003,15.2537745796361
2004,15.1229547741426
2005,15.3039296817065
2006,14.9783962134743
2007,14.7680143267559
2008,14.9321734782452
2009,15.4970857310886
2010,15.3167149701355
2011,15.4577249864761
2012,15.8596561359144
2013,15.9363860137601
2014,16.0569860418677
2015,16.662256600889
2016,16.970509954594
2017,17.1785205586899
2018,17.145106767248
2019,16.4484405253607
2020,18.112647882874
2021,16.6745966800401
2022,15.2369791800573
2023,14.4667066335095
2024,14.4609645348187
