Year,Value
1960,..
1961,..
1962,..
1963,..
1964,..
1965,..
1966,..
1967,..
1968,..
1969,..
1970,..
1971,..
1972,..
1973,..
1974,..
1975,..
1976,..
1977,..
1978,..
1979,..
1980,..
1981,..
1982,..
1983,..
1984,..
1985,..
1986,..
1987,..
1988,..
1989,..
1990,..
1991,..
1992,..
1993,..
1994,..
1995,..
1996,..
1997,..
1998,..
1999,..
2000,-372.596703438307
2001,-344.40734444507
2002,-317.261332310215
2003,-271.273188562834
2004,-253.59338085993
2005,-267.982315879852
2006,-258.727257000513
2007,-299.624205290803
2008,-311.013919106729
2009,-370.480119031205
2010,-395.224917669588
2011,-380.840091779103
2012,-554.700686111263
2013,-565.063179345671
2014,-548.055571659969
2015,-569.835380531508
2016,-608.047979628526
2017,-642.458604714063
2018,-644.65678838904
2019,-696.590675565418
2020,-724.074946513042
2021,-739.681514661629
2022,-739.681514661629
2023,..
2024,..
