Year,Value
1960,..
1961,..
1962,..
1963,..
1964,..
1965,..
1966,..
1967,..
1968,..
1969,..
1970,..
1971,..
1972,..
1973,..
1974,..
1975,..
1976,..
1977,..
1978,..
1979,..
1980,..
1981,..
1982,..
1983,..
1984,..
1985,..
1986,..
1987,..
1988,..
1989,..
1990,49.6672848047358
1991,49.0143038301157
1992,48.2624264292495
1993,47.3369483058215
1994,46.7699879814076
1995,45.9513675443889
1996,45.1769067078046
1997,44.4733579570824
1998,43.8442770895635
1999,43.2536798203888
2000,42.4943449694915
2001,41.975732300068
2002,41.652751108286
2003,41.1313902157636
2004,40.7774214679056
2005,40.3780454214916
2006,39.6151076941962
2007,38.8780626331126
2008,38.0254118411428
2009,37.4320398616704
2010,36.5394083373356
2011,35.6504943344717
2012,34.9794508399123
2013,34.2902020126022
2014,33.4480221670968
2015,32.8881784251032
2016,32.2086970025272
2017,31.748856476078
2018,31.2799237494616
2019,31.2880492507282
2020,29.8257270920204
2021,30.9428232026597
2022,31.297321811744
2023,31.6903160027141
2024,31.9448378708838
