Year,Value
1960,..
1961,..
1962,..
1963,..
1964,..
1965,..
1966,..
1967,..
1968,..
1969,..
1970,..
1971,..
1972,..
1973,..
1974,..
1975,..
1976,..
1977,..
1978,..
1979,..
1980,..
1981,..
1982,..
1983,..
1984,..
1985,..
1986,..
1987,..
1988,..
1989,..
1990,0.401627146324266
1991,0.405235734766501
1992,0.396744644642564
1993,0.392317571246659
1994,0.386600367209549
1995,0.394113765638587
1996,0.376297914352738
1997,0.370291709337968
1998,0.365615942133779
1999,0.353132135638197
2000,0.350641354344081
2001,0.348635134219485
2002,0.349288560940077
2003,0.360122443673387
2004,0.367183161973858
2005,0.37125709103251
2006,0.370406789760475
2007,0.365845115854058
2008,0.358562495551198
2009,0.359030135741773
2010,0.358906500702848
2011,0.361769571672903
2012,0.356450103135457
2013,0.350246191808499
2014,0.339724954081483
2015,0.322322010644152
2016,0.310318339071802
2017,0.303153858778129
2018,0.300366101114693
2019,0.294238651175236
2020,0.294483295911707
2021,0.290195282438813
2022,0.279571856961456
2023,0.278724834786521
2024,..
