Year,Value
1960,..
1961,..
1962,127.285165164494
1963,134.565614193356
1964,148.114633001553
1965,161.750178982496
1966,169.091629616817
1967,169.88548856883
1968,174.925726610093
1969,189.929239441044
1970,203.137494234719
1971,214.390040807913
1972,231.976756196424
1973,277.323997943997
1974,343.605063827683
1975,408.089633844699
1976,429.132771005406
1977,444.953055378824
1978,483.980504320181
1979,556.523684868228
1980,637.275067188331
1981,678.52240175853
1982,665.620946589777
1983,623.216576731729
1984,623.290394896396
1985,634.616109327676
1986,662.677929898392
1987,709.348567468476
1988,750.41527131629
1989,753.901205445268
1990,783.901166608017
1991,779.057207583711
1992,830.703865151227
1993,861.875769962297
1994,920.636861463779
1995,1000.24229636218
1996,1112.81164461799
1997,1190.27965353415
1998,1168.72888309498
1999,1159.59759580257
2000,1201.46653988518
2001,1207.77563539636
2002,1216.68665718254
2003,1314.03962067156
2004,1513.1382503444
2005,1744.88174266181
2006,1998.0911548603
2007,2340.00109347296
2008,2729.1748086589
2009,2969.98705050891
2010,3334.3765580066
2011,3729.15095650745
2012,4218.77786244817
2013,4563.03441768345
2014,4744.72126270395
2015,4695.4980854419
2016,4657.78210104816
2017,4771.43508489595
2018,5117.44666090722
2019,5367.87350564119
2020,5189.0217781532
2021,5726.38390503256
2022,6154.83177171568
2023,6447.84925060964
2024,6489.19783986674
