Year,Value
1960,..
1961,..
1962,..
1963,..
1964,..
1965,..
1966,..
1967,..
1968,..
1969,..
1970,..
1971,..
1972,..
1973,..
1974,..
1975,..
1976,..
1977,..
1978,..
1979,..
1980,..
1981,..
1982,..
1983,..
1984,..
1985,..
1986,..
1987,..
1988,..
1989,..
1990,..
1991,4.38317708966673
1992,4.40406566509591
1993,4.63012647983473
1994,4.96377233970111
1995,5.27375793178969
1996,5.41425484419244
1997,5.53883406501555
1998,5.72302924841892
1999,5.90566705743528
2000,5.90247941250041
2001,6.08828370226789
2002,6.26370726402324
2003,6.39411519552975
2004,6.37717298757024
2005,6.35422398763107
2006,6.1397200864924
2007,6.03823583217901
2008,5.97987332219042
2009,6.1666840693115
2010,5.92527326580564
2011,5.81400227969505
2012,5.75904930784922
2013,5.73421192678553
2014,5.68541250693398
2015,5.96130294297139
2016,6.05201161032951
2017,6.10738463369553
2018,6.02988063548992
2019,5.94453422342158
2020,6.59647748515596
2021,6.3397733103213
2022,5.74995184892823
2023,5.33433407250323
2024,5.3398803411958
