Year,Value
1960,..
1961,..
1962,..
1963,..
1964,..
1965,..
1966,..
1967,..
1968,..
1969,..
1970,..
1971,..
1972,..
1973,..
1974,..
1975,..
1976,..
1977,..
1978,..
1979,..
1980,..
1981,..
1982,..
1983,..
1984,..
1985,..
1986,..
1987,..
1988,..
1989,..
1990,..
1991,..
1992,..
1993,..
1994,..
1995,..
1996,..
1997,..
1998,..
1999,..
2000,21.1554863358139
2001,11.8063883438839
2002,22.1696971070207
2003,5.23483418311255
2004,7.88750868258202
2005,8.68059281656884
2006,16.7020468261472
2007,5.9826053312224
2008,20.4050601465256
2009,13.2127692783587
2010,5.30808931822343
2011,8.33347920760912
2012,10.1490584369876
2013,2.33982739379342
2014,7.03548229135659
2015,3.35067219293034
2016,7.42276332193459
2017,1.43791282034737
2018,0.0180597336421441
2019,..
2020,..
2021,..
2022,..
2023,..
2024,..
