Year,Value
1960,..
1961,..
1962,..
1963,..
1964,..
1965,..
1966,..
1967,..
1968,3.70841019648758
1969,0.230999419524409
1970,6.13695486255874
1971,2.56899602355887
1972,5.84401643095451
1973,-1.45511580192952
1974,-1.52882610238399
1975,11.6250491374522
1976,13.6234385336645
1977,6.34864719393626
1978,-1.46347633199152
1979,10.3956772105955
1980,-4.3258398689976
1981,1.50880429685267
1982,-7.37843304605855
1983,1.82087377231512
1984,-0.287011156196613
1985,20.2866349407132
1986,2.69262088094568
1987,-0.139164289077982
1988,7.38972104432405
1989,4.17738810944255
1990,-2.5023951034776
1991,11.7452037933746
1992,-3.21866249030751
1993,3.17216817730315
1994,3.77993405101067
1995,0.921022397691758
1996,7.05578540412253
1997,4.82902433934814
1998,7.57166763990298
1999,5.70094365419122
2000,-0.0608349718130512
2001,15.3762394579174
2002,3.10630825205685
2003,9.11904199532418
2004,1.55999866053497
2005,7.50468463500187
2006,6.65426112172752
2007,3.87502816312752
2008,6.53735395175701
2009,4.63350984780976
2010,6.92172188561173
2011,4.01913525456487
2012,-0.570588588901344
2013,2.38212595410261
2014,7.60253468971403
2015,5.97471610121079
2016,6.00506308559498
2017,5.37554769647939
2018,4.86784999935264
2019,4.99999911699705
2020,-1.16907500952713
2021,3.1009412441845
2022,3.5082827896139
2023,4.71716103989503
2024,5.00454593743036
