Year,Value
1960,..
1961,..
1962,..
1963,..
1964,..
1965,..
1966,..
1967,14.1445354404178
1968,14.1426317986473
1969,14.2839512253174
1970,13.1646327824225
1971,14.0753129793851
1972,15.536239633222
1973,15.7720923313843
1974,12.0671813850112
1975,13.4988647349978
1976,12.29355375634
1977,14.4249471739459
1978,15.9178359263865
1979,15.4745263372056
1980,..
1981,..
1982,..
1983,..
1984,..
1985,14.5140156158099
1986,19.0523400477456
1987,19.3443882587521
1988,18.0872742140571
1989,19.0712356342489
1990,17.5617134985802
1991,18.4595268582536
1992,19.1543578685718
1993,18.1268354598894
1994,21.6065767986326
1995,22.2191295324684
1996,22.2937493185402
1997,22.1121012303425
1998,17.728403861236
1999,16.3207812555279
2000,17.6676668022153
2001,17.1830919796782
2002,17.1933892979277
2003,18.9674822103156
2004,23.8636409197849
2005,24.3660973266846
2006,23.7612570254296
2007,23.9879496576243
2008,25.4318891764534
2009,22.7542881294564
2010,23.9790111423268
2011,22.4497903019024
2012,18.5268608788518
2013,24.9167407640943
2014,25.4405038527224
2015,23.7547024794097
2016,25.5592761800794
2017,24.1702422585387
2018,22.8491810819473
2019,24.0416131193112
2020,22.1879463835306
2021,23.5116048276484
2022,22.046553792306
2023,21.6867621830725
2024,21.6101657349813
