Year,Value
1960,..
1961,..
1962,..
1963,..
1964,..
1965,..
1966,..
1967,..
1968,..
1969,..
1970,..
1971,..
1972,..
1973,..
1974,..
1975,..
1976,..
1977,..
1978,..
1979,..
1980,..
1981,..
1982,..
1983,..
1984,..
1985,..
1986,..
1987,..
1988,..
1989,..
1990,75.3460876505949
1991,75.2214263469324
1992,75.1219694329666
1993,75.0678012490359
1994,75.0606501698205
1995,75.098022131219
1996,75.1550783488204
1997,75.2284542405845
1998,75.3370113335663
1999,75.4577610018873
2000,75.5637310108366
2001,75.665856530781
2002,75.748608115564
2003,75.7894340664166
2004,75.7837688650249
2005,75.7190140668489
2006,75.6202953369823
2007,75.5139064396262
2008,75.3860955617753
2009,75.2357902090923
2010,75.0591517023237
2011,74.8673270280011
2012,74.5950501307489
2013,74.3761901229072
2014,74.3040711682214
2015,76.7512130292506
2016,74.4331958505187
2017,72.1149293528371
2018,72.2192423316327
2019,72.385439186234
2020,62.539372753437
2021,72.696720068732
2022,72.2073690886255
2023,72.2566024579447
2024,72.2331548138
