Year,Value
1960,..
1961,..
1962,..
1963,..
1964,..
1965,..
1966,..
1967,..
1968,..
1969,..
1970,828.44472588263
1971,874.061727024101
1972,975.720378043786
1973,1143.66679643467
1974,1245.31823028606
1975,1560.10519115107
1976,1726.55944845303
1977,2037.8641908695
1978,2558.73455468428
1979,3195.51431611516
1980,3948.26572689504
1981,3898.36853997864
1982,3787.91647703123
1983,3526.91395139354
1984,3332.82018387922
1985,3322.30879632858
1986,4194.53480236296
1987,5083.80179308013
1988,5814.44775940093
1989,6040.84054229986
1990,7192.38994693962
1991,7558.75921583164
1992,8220.33403924666
1993,7296.35111127489
1994,8000.3453286604
1995,9828.22830085662
1996,10061.6989656793
1997,9893.31176523189
1998,10408.0648734109
1999,10609.1982640169
2000,10348.4860163
2001,10357.7026407269
2002,11251.2024877398
2003,13593.9787182902
2004,15212.1312964883
2005,15831.3439802756
2006,16653.6038312389
2007,19444.1743635565
2008,22315.3104812611
2009,21176.3216665018
2010,21946.6070188242
2011,23516.9691282762
2012,22878.3131257656
2013,25415.5566806942
2014,27424.5765369278
2015,25529.6813131565
2016,26459.0772054811
2017,30317.2443357939
2018,33382.2677502638
2019,32421.9179753188
2020,31833.596382464
2021,38065.354346575
2022,36224.2819955817
2023,40182.4313854634
2024,42347.3073860173
