Year,Value
1960,..
1961,..
1962,..
1963,..
1964,..
1965,..
1966,..
1967,..
1968,..
1969,..
1970,..
1971,284.283300678144
1972,282.8141398698
1973,272.766146445779
1974,278.436161266338
1975,277.757889275999
1976,282.58049376486
1977,283.071553273147
1978,281.193655542105
1979,281.226203386555
1980,283.570564649376
1981,282.262389643479
1982,282.902760826976
1983,280.915338875283
1984,284.8870116261
1985,300.118447983276
1986,300.424377643684
1987,283.72482861794
1988,276.019744292669
1989,278.936416006908
1990,268.258896243736
1991,260.02138434569
1992,264.448318123966
1993,258.836824497865
1994,271.528610628702
1995,277.216010328342
1996,274.207933639514
1997,276.421864771514
1998,280.397802593636
1999,278.009100440927
2000,283.525751035703
2001,274.124811979368
2002,280.52424238022
2003,301.406139026565
2004,314.736266036282
2005,312.774547278866
2006,314.353500872765
2007,323.443459380433
2008,309.294197701747
2009,290.572484432835
2010,278.483453812986
2011,279.998295569373
2012,303.854962936024
2013,317.028588736041
2014,345.059457398655
2015,353.406826920047
2016,376.137198590416
2017,429.211582722245
2018,429.032316766838
2019,426.034236342975
2020,420.352655494399
2021,404.314368791505
2022,399.521185214539
2023,..
2024,..
