Year,Value
1960,16.3812063183328
1961,15.5796245509949
1962,14.0686383404371
1963,14.983414646924
1964,15.6355487613059
1965,15.5793535824214
1966,16.7710135696197
1967,15.9610324175067
1968,16.313008685167
1969,16.7852095798098
1970,16.9152522315601
1971,17.9778213140195
1972,18.7611382124504
1973,18.0655720924679
1974,18.2625931256854
1975,20.5290791064431
1976,19.7548583339897
1977,18.5704717587554
1978,19.933954293954
1979,17.3716651032997
1980,17.207781289443
1981,19.757611683528
1982,19.9097046811729
1983,19.8940605398686
1984,18.7549272680645
1985,18.5672233957456
1986,19.4285574244475
1987,19.3438502531989
1988,20.0507801371325
1989,18.2301058677534
1990,13.3540753964888
1991,14.2011382155551
1992,14.3738330320137
1993,15.5326942845862
1994,15.1873476265427
1995,14.3720491641002
1996,13.8406666528433
1997,14.0604215536214
1998,14.7013051652947
1999,13.589367995879
2000,13.2690965033152
2001,13.576461404027
2002,13.7286276366085
2003,13.0571892192925
2004,13.5447658638299
2005,13.070794833176
2006,13.0325525127359
2007,12.372992527851
2008,12.3977109227538
2009,13.9294280622839
2010,13.4671109756467
2011,15.3493664582596
2012,14.8023161035797
2013,15.0330351311111
2014,15.3578422060234
2015,15.8457782493661
2016,15.8239547008042
2017,15.4684592132105
2018,14.9735230514988
2019,15.3196194069912
2020,15.2105107600368
2021,13.6423061882222
2022,12.4256867594345
2023,13.4025978786256
2024,13.3824907249319
