Year,Value
1960,..
1961,..
1962,..
1963,..
1964,..
1965,..
1966,..
1967,..
1968,..
1969,..
1970,..
1971,..
1972,..
1973,..
1974,..
1975,..
1976,..
1977,..
1978,..
1979,..
1980,..
1981,..
1982,..
1983,..
1984,..
1985,..
1986,..
1987,..
1988,..
1989,..
1990,3640.71971605466
1991,3923.34670511499
1992,4096.27295029239
1993,4138.26933187037
1994,4185.54462723492
1995,4290.90633068807
1996,4516.51982488392
1997,4632.64102978023
1998,4841.74018280296
1999,4973.72320155129
2000,5294.16100057244
2001,5463.08626204882
2002,5601.79462932365
2003,5737.26644976049
2004,6217.14376669791
2005,6567.94263216569
2006,7008.50636590266
2007,7493.0141143282
2008,7717.21947541131
2009,7768.2935638932
2010,8033.55783228724
2011,8041.20326540159
2012,8243.25883119122
2013,8210.05459034105
2014,8102.53850574328
2015,7810.93457709316
2016,7932.10777457294
2017,8249.97443431488
2018,8587.76117827065
2019,8558.12980666724
2020,8625.20578670413
2021,9154.58518667917
2022,10070.6509652446
2023,10520.3928648732
2024,10809.2689314136
