Year,Value
1960,..
1961,..
1962,..
1963,..
1964,..
1965,..
1966,..
1967,..
1968,..
1969,..
1970,..
1971,..
1972,..
1973,..
1974,..
1975,..
1976,..
1977,..
1978,..
1979,..
1980,..
1981,..
1982,..
1983,..
1984,..
1985,..
1986,..
1987,..
1988,..
1989,..
1990,..
1991,..
1992,..
1993,..
1994,..
1995,..
1996,..
1997,55423.1290808052
1998,58190.9889729447
1999,52866.8480803432
2000,54412.6411414056
2001,54741.2245063559
2002,55257.7565559881
2003,56457.5835679143
2004,58802.998477445
2005,61074.3990955513
2006,61236.1554370698
2007,60684.5868774542
2008,62858.7533231852
2009,60434.0869941635
2010,62212.989220858
2011,64011.6179650005
2012,60596.26324295
2013,62386.481875678
2014,59481.3608269212
2015,60147.78039599
2016,61505.6625665347
2017,63158.356750137
2018,64440.4347289755
2019,65743.5727508099
2020,62357.6401002355
2021,72861.002711484
2022,75754.1405134313
2023,80342.5749972267
2024,82463.0602762575
