Year,Value
1960,..
1961,..
1962,..
1963,..
1964,..
1965,..
1966,..
1967,..
1968,..
1969,..
1970,..
1971,..
1972,..
1973,..
1974,..
1975,..
1976,..
1977,..
1978,..
1979,..
1980,..
1981,..
1982,..
1983,..
1984,..
1985,..
1986,..
1987,..
1988,..
1989,..
1990,..
1991,..
1992,..
1993,..
1994,..
1995,..
1996,..
1997,3533545306.20957
1998,3748347438.74581
1999,3444059622.31627
2000,3631258599.91848
2001,4113413348.12626
2002,4329965621.89005
2003,4494822527.20132
2004,4810225521.14074
2005,5106753520.03374
2006,6432338873.40274
2007,7675162436.73665
2008,8524397177.40852
2009,8051275761.36077
2010,8445094799.15719
2011,8974061691.25466
2012,8603961075.27901
2013,9237464633.33886
2014,9557935799.12194
2015,10164312427.4335
2016,11325280166.464
2017,12249532194.1161
2018,13385900703.3676
2019,15015922356.5618
2020,13050163141.9018
2021,14902552328.5907
2022,17207930165.977
2023,19077865681.6285
2024,20823256231.7796
