Year,Value
1960,..
1961,..
1962,..
1963,..
1964,..
1965,..
1966,..
1967,..
1968,..
1969,..
1970,..
1971,..
1972,..
1973,..
1974,..
1975,..
1976,..
1977,..
1978,..
1979,..
1980,..
1981,..
1982,..
1983,..
1984,..
1985,..
1986,..
1987,..
1988,..
1989,..
1990,..
1991,..
1992,..
1993,..
1994,..
1995,..
1996,..
1997,..
1998,..
1999,..
2000,22.3884042304628
2001,23.4356927210816
2002,18.7610862768708
2003,15.4139251772035
2004,16.6311430886528
2005,17.7265048810079
2006,23.9280079681826
2007,34.7571406046867
2008,41.1766127504244
2009,26.9431434597042
2010,21.7699330259289
2011,19.3288615683563
2012,20.5856587993564
2013,19.60638587995
2014,20.2213930794275
2015,20.0951590800632
2016,26.1045756030723
2017,30.2228075655993
2018,31.914851183647
2019,31.9777923076597
2020,31.1863689218605
2021,26.6549158485896
2022,30.3051239884821
2023,27.5972752657923
2024,28.5344315618073
