Year,Value
1960,..
1961,..
1962,..
1963,..
1964,..
1965,..
1966,..
1967,..
1968,..
1969,..
1970,..
1971,..
1972,..
1973,..
1974,..
1975,..
1976,..
1977,..
1978,..
1979,..
1980,..
1981,..
1982,..
1983,..
1984,..
1985,..
1986,..
1987,..
1988,..
1989,..
1990,..
1991,..
1992,..
1993,..
1994,..
1995,..
1996,..
1997,1219.37655860349
1998,1259.61142872189
1999,1283.47973023147
2000,1761.63153979668
2001,2132.25791049887
2002,2230.71587398414
2003,2466.45336103367
2004,2722.38498874221
2005,2954.76027291331
2006,3527.7086297305
2007,4366.35356200528
2008,5029.96422834859
2009,4842.17217052082
2010,5045.12227409804
2011,5262.84728659053
2012,5119.70525475606
2013,5400.82109006452
2014,5543.81605273959
2015,5850.48611144463
2016,6323.16627568749
2017,6867.75498337013
2018,7443.88111832296
2019,7898.99210693846
2020,6679.89115689685
2021,7927.51334686819
2022,9499.84525113416
2023,11168.0691675928
2024,11957.105209584
