Year,Value
1960,..
1961,..
1962,..
1963,..
1964,..
1965,..
1966,..
1967,..
1968,..
1969,..
1970,..
1971,..
1972,..
1973,..
1974,..
1975,..
1976,..
1977,..
1978,..
1979,..
1980,..
1981,..
1982,..
1983,..
1984,..
1985,..
1986,..
1987,..
1988,..
1989,..
1990,..
1991,..
1992,..
1993,..
1994,..
1995,..
1996,..
1997,..
1998,..
1999,..
2000,-27.13937
2001,-27.648342
2002,-28.157314
2003,-28.666286
2004,-29.175258
2005,-29.68423
2006,-29.800434
2007,-29.916638
2008,-30.032842
2009,-30.149046
2010,-30.26525
2011,-30.35045
2012,-30.43565
2013,-30.52085
2014,-30.60605
2015,-30.69125
2016,-30.587504
2017,-30.483758
2018,-30.380012
2019,-30.276266
2020,-30.17252
2021,-30.17252
2022,-30.17252
2023,..
2024,..
