Year,Value
1960,..
1961,..
1962,..
1963,..
1964,..
1965,..
1966,..
1967,..
1968,..
1969,..
1970,..
1971,..
1972,..
1973,..
1974,..
1975,..
1976,..
1977,..
1978,..
1979,..
1980,..
1981,..
1982,..
1983,..
1984,..
1985,..
1986,..
1987,..
1988,..
1989,..
1990,..
1991,..
1992,..
1993,..
1994,..
1995,..
1996,..
1997,..
1998,..
1999,..
2000,-29.43274
2001,-29.580528
2002,-29.728316
2003,-29.876104
2004,-30.023892
2005,-30.17168
2006,-30.257012
2007,-30.342344
2008,-30.427676
2009,-30.513008
2010,-30.59834
2011,-30.658212
2012,-30.718084
2013,-30.777956
2014,-30.837828
2015,-30.8977
2016,-30.785542
2017,-30.673384
2018,-30.561226
2019,-30.449068
2020,-30.33691
2021,-30.33691
2022,-30.33691
2023,..
2024,..
