Year,Value
1960,..
1961,..
1962,..
1963,..
1964,..
1965,..
1966,..
1967,..
1968,..
1969,..
1970,..
1971,..
1972,..
1973,..
1974,..
1975,..
1976,..
1977,..
1978,..
1979,..
1980,0.873019805929824
1981,0.732262817896746
1982,0.725266728297471
1983,0.784514136795338
1984,0.707030451932313
1985,0.710213413317571
1986,0.710698836476284
1987,0.619293704651444
1988,0.575333109781041
1989,0.534286989664195
1990,0.401342660082065
1991,0.320766211674899
1992,0.413716838149569
1993,0.433834669540318
1994,0.345467108958184
1995,0.371461351288549
1996,0.323799964771365
1997,0.320159979433736
1998,0.280327845964651
1999,0.249445289781121
2000,0.301480200787896
2001,0.322522348405814
2002,0.308153897858652
2003,0.365268001235204
2004,0.371617129721624
2005,0.335144123047633
2006,0.323376248741814
2007,0.344690171543934
2008,0.313101992378193
2009,0.319381172628587
2010,0.317314853996522
2011,0.348984665596788
2012,0.357531658389058
2013,0.36513503202326
2014,0.383637964325262
2015,0.398402472047664
2016,0.490933575646862
2017,0.477177890495967
2018,0.446833982629279
2019,0.467791650938429
2020,0.438024961455806
2021,0.49801537301634
2022,0.515190158903864
2023,0.474586660773124
2024,..
