Year,Value
1960,..
1961,..
1962,..
1963,..
1964,..
1965,..
1966,..
1967,..
1968,..
1969,..
1970,..
1971,..
1972,..
1973,..
1974,..
1975,..
1976,105.467724409858
1977,109.169597599297
1978,110.843794858069
1979,110.269247694786
1980,108.791626129755
1981,108.993850721875
1982,101.448582466043
1983,99.027103463557
1984,101.976556991287
1985,100.541827162357
1986,92.1000548092695
1987,96.6428069372367
1988,103.56669184416
1989,105.90117539937
1990,105.774119818654
1991,102.363084745318
1992,101.872698671755
1993,104.63199900665
1994,107.294826778788
1995,101.06358162869
1996,99.3490483017096
1997,103.486728828972
1998,99.4920809328234
1999,101.716405851583
2000,98.7931917866359
2001,92.5591983524327
2002,95.3228902547867
2003,96.8006815436899
2004,100.469187265419
2005,103.800091701608
2006,106.447256248037
2007,104.845010599073
2008,110.069867090701
2009,110.936536009542
2010,114.1143081664
2011,110.795500942092
2012,111.987086617766
2013,109.140963034994
2014,106.347929691696
2015,104.252903054146
2016,103.34658862428
2017,104.130600747366
2018,105.894645903285
2019,107.557976051927
2020,108.41928915464
2021,110.1276714835
2022,107.036635040093
2023,104.038244021043
2024,104.490661625491
