Year,Value
1960,1406.14770605173
1961,1726.35874439498
1962,1691.59787796504
1963,1877.02290336016
1964,1706.12407651545
1965,1721.80988793115
1966,1626.22153693464
1967,1664.81054193166
1968,1521.96698841001
1969,1569.53936870339
1970,1537.49557916791
1971,1577.92783830209
1972,1683.89831532905
1973,1857.82264890447
1974,1991.0872181898
1975,1977.68946286021
1976,2408.27222344591
1977,2524.53954704999
1978,2587.21700200208
1979,2631.98857661525
1980,2327.60106821025
1981,2428.26469051049
1982,2530.62333903007
1983,2517.08019899772
1984,2607.92722114442
1985,2766.59028710418
1986,3012.98937220279
1987,3256.42283644153
1988,3453.72035086545
1989,3580.40595041278
1990,3810.48083308592
1991,3936.7665085183
1992,4138.34644932114
1993,4297.40909221881
1994,4412.9375663223
1995,4562.74692775784
1996,4768.68343568327
1997,4977.19016757315
1998,5224.18419650851
1999,5292.86908859768
2000,5671.0295504201
2001,5814.74834570012
2002,5867.77362995049
2003,6170.64876733851
2004,6397.59346169031
2005,6472.87388554741
2006,6756.22955969517
2007,7110.69493851624
2008,7466.69465771689
2009,7693.76434353874
2010,8011.45517219702
2011,8324.78328337964
2012,8591.96715947096
2013,8859.2121832294
2014,9181.61575362564
2015,9507.87133656424
2016,9868.32716641952
2017,10247.6960577758
2018,10652.4836886859
2019,10956.9450226163
2020,9362.87435896817
2021,9679.12123882353
2022,10552.2905595266
2023,11093.7519139967
2024,11628.6091285714
