Year,Value
1960,..
1961,..
1962,..
1963,..
1964,..
1965,..
1966,..
1967,..
1968,..
1969,..
1970,..
1971,..
1972,..
1973,..
1974,..
1975,..
1976,-0.0629282365308134
1977,-0.0906573593325875
1978,-0.0157672538941754
1979,-0.206641821289135
1980,0
1981,0
1982,0
1983,0
1984,0
1985,0
1986,0
1987,0
1988,0.00688013630798909
1989,0.0266888048674861
1990,0.0225163106912897
1991,0.375118727296583
1992,1.32532239291652
1993,1.00398595100871
1994,0.0293363820575352
1995,0.0884924986369014
1996,0.059676199176523
1997,0.0749760648861853
1998,0.324494473093258
1999,0.146113391804236
2000,0.274051481165642
2001,0.0613377166442552
2002,0.177270615322145
2003,-0.10208279737866
2004,0.476744143375047
2005,0.714166328766065
2006,0.136448135097422
2007,0.730962910289093
2008,0.524771249828696
2009,0.41449535128639
2010,1.28638090940099
2011,1.3700689852772
2012,1.54572587945333
2013,1.36571937814895
2014,1.07943343471079
2015,0.830026769744332
2016,0.224660637864512
2017,0.650665403509344
2018,0.667856207545291
2019,0.39972037303759
2020,0.141019546720634
2021,0.745135236304542
2022,0.286164661482138
2023,0.114675665146117
2024,..
