Year,Value
1960,..
1961,..
1962,..
1963,..
1964,..
1965,..
1966,..
1967,..
1968,..
1969,..
1970,..
1971,..
1972,..
1973,..
1974,..
1975,..
1976,..
1977,..
1978,..
1979,..
1980,..
1981,..
1982,..
1983,..
1984,..
1985,..
1986,..
1987,..
1988,..
1989,..
1990,9477452905.28988
1991,9897820235.88874
1992,10542435434.123
1993,11078208639.9537
1994,11536419175.7923
1995,12031070439.8287
1996,12703347878.7132
1997,13425847920.755
1998,14241057374.8338
1999,14612881747.9794
2000,15811546006.2431
2001,16340843948.4201
2002,16604735286.3198
2003,17588639824.3827
2004,18350231420.9402
2005,18676414678.7802
2006,19585123966.1056
2007,20706767180.5646
2008,21822232972.2558
2009,22545656797.9489
2010,23532526014.0551
2011,24492073720.1938
2012,25348345607.4235
2013,26200152959.3989
2014,27202824905.9734
2015,28206760638.5407
2016,29296237816.3375
2017,30449918917.4069
2018,31669968172.8073
2019,32585637210.0229
2020,27845555062.1668
2021,28793361692.7371
2022,31296387845.016
2023,32863652679.9147
2024,34406240719.431
