Year,Value
1960,..
1961,..
1962,..
1963,..
1964,..
1965,..
1966,..
1967,..
1968,..
1969,..
1970,..
1971,..
1972,..
1973,..
1974,..
1975,..
1976,..
1977,..
1978,..
1979,..
1980,..
1981,..
1982,..
1983,..
1984,..
1985,..
1986,..
1987,..
1988,..
1989,..
1990,..
1991,14.868823644294
1992,25.597291842979
1993,27.3810298808671
1994,32.7062040231756
1995,35.7789206431873
1996,45.1207603671636
1997,63.7328298938871
1998,73.6345290020181
1999,78.1785040036456
2000,102.050647744287
2001,105.878523533624
2002,103.560966082937
2003,105.18195429985
2004,104.836924679383
2005,132.322114445674
2006,146.937048369247
2007,165.444958010546
2008,179.063863029751
2009,170.757112167177
2010,192.214048564547
2011,274.103248486427
2012,270.646442288913
2013,227.62189961591
2014,223.650803984116
2015,218.970119132869
2016,218.631599505241
2017,250.452444502311
2018,259.533884512727
2019,263.589610051429
2020,241.72905409804
2021,305.383764077859
2022,287.201354078511
2023,319.744808280711
2024,..
