Year,Value
1960,..
1961,..
1962,..
1963,..
1964,..
1965,..
1966,..
1967,..
1968,..
1969,..
1970,..
1971,..
1972,..
1973,..
1974,0
1975,0
1976,0
1977,0
1978,0
1979,0
1980,0.821266232448294
1981,1.17161311640515
1982,0.970303870830054
1983,0.743995230222943
1984,0.714268365441686
1985,0.672389853517617
1986,0.897561943528579
1987,0.666460591901956
1988,0.562304422346314
1989,0.702916904504589
1990,0.293018092726799
1991,0.356102542849531
1992,0.194363294885919
1993,1.58905826277338
1994,3.12708294749336
1995,2.80479159268765
1996,3.73604212318509
1997,2.67485760925496
1998,1.19582916435711
1999,1.79709007726988
2000,2.1602071823592
2001,0.28759512052618
2002,1.87832876233322
2003,1.91943529726413
2004,1.45343931416228
2005,2.04209134253747
2006,4.69450223644798
2007,6.10466925356016
2008,6.67211346811612
2009,3.33277868629928
2010,6.01896152119895
2011,6.07762932650602
2012,5.37358924098178
2013,4.147602038857
2014,4.75051317611129
2015,3.49818703070403
2016,3.35173960421214
2017,1.75751217851537
2018,1.60688802374768
2019,2.06144859253905
2020,0.976716973420633
2021,3.42041069709512
2022,2.89773425543838
2023,1.99283465281179
2024,3.08990201028596
