Year,Value
1960,..
1961,..
1962,..
1963,..
1964,..
1965,..
1966,..
1967,..
1968,..
1969,..
1970,..
1971,..
1972,..
1973,..
1974,..
1975,..
1976,..
1977,..
1978,..
1979,..
1980,..
1981,..
1982,..
1983,..
1984,..
1985,..
1986,..
1987,..
1988,..
1989,..
1990,..
1991,33654.9763659816
1992,35507.6847086481
1993,38022.5394290994
1994,40119.8680831448
1995,42572.1900559292
1996,45182.4627931866
1997,47037.7027120472
1998,42519.9201907661
1999,43904.7184097006
2000,46216.5477624023
2001,45339.6524968028
2002,46406.6090501527
2003,47768.9578338815
2004,49522.6787309128
2005,50637.0981987893
2006,51775.6195199469
2007,53356.0690492136
2008,54299.4109722313
2009,51994.8595093309
2010,54114.9617830762
2011,55330.134675389
2012,56143.4962178072
2013,56588.2149353507
2014,57586.8726782458
2015,59125.3647895076
2016,60720.0203856418
2017,62747.4605294125
2018,63955.9458506042
2019,65049.0754014732
2020,61430.3549029496
2021,62176.271455079
2022,65888.0978696756
2023,66895.2519038272
2024,68973.0384966334
