Year,Value
1960,5516.3459773433
1961,5494.08645685822
1962,5654.54454258306
1963,5869.04441754801
1964,6024.09479011808
1965,6201.7705871082
1966,6469.29144814596
1967,6693.14400522079
1968,6960.88726574848
1969,7215.69080261952
1970,7466.14836820158
1971,7528.95847137843
1972,7837.85224533811
1973,8060.07094421876
1974,7830.59996851459
1975,7609.2396596593
1976,8022.21030815322
1977,8202.5057397307
1978,8353.1964660071
1979,8281.90855843689
1980,7931.20813889001
1981,7638.52966059878
1982,7250.71342327267
1983,7187.11890279048
1984,7436.01500922307
1985,7457.42226799139
1986,7390.38887918437
1987,7626.99778285051
1988,7853.25888390878
1989,7897.55289958294
1990,7666.42916549412
1991,7619.61697330467
1992,7669.58837334776
1993,7715.24154505377
1994,7776.03417878298
1995,7783.70201326894
1996,7863.87367512526
1997,7849.10921288197
1998,7816.23478759798
1999,7939.13051067191
2000,8071.38952437328
2001,7842.78959066587
2002,7850.06054437671
2003,7841.16169984201
2004,7926.41952859571
2005,7894.74199860517
2006,7766.08625191907
2007,7814.54102885376
2008,7544.65643176045
2009,7116.29974236021
2010,7210.81280911034
2011,7078.67018184169
2012,6900.61722801486
2013,6964.98932129392
2014,7000.6581729095
2015,6876.66762527005
2016,6789.51785444456
2017,6747.60245734226
2018,6880.16413671708
2019,6842.86800388232
2020,6276.14950981774
2021,6560.64431075773
2022,6623.24086314604
2023,6501.40017202248
2024,..
