Year,Value
1960,..
1961,..
1962,..
1963,..
1964,..
1965,..
1966,..
1967,..
1968,..
1969,..
1970,..
1971,..
1972,..
1973,..
1974,..
1975,..
1976,..
1977,..
1978,..
1979,..
1980,..
1981,..
1982,..
1983,..
1984,..
1985,..
1986,..
1987,..
1988,..
1989,..
1990,..
1991,..
1992,..
1993,..
1994,..
1995,..
1996,..
1997,..
1998,..
1999,..
2000,-231.301054801465
2001,-225.047583707928
2002,-215.916311217492
2003,-206.182534588666
2004,-235.378209370724
2005,-236.451363388938
2006,-242.114879041623
2007,-224.735176273118
2008,-224.260358354561
2009,-232.020864147725
2010,-206.739288800629
2011,-230.770733917247
2012,-243.85274898593
2013,-219.445064666987
2014,-228.681678346125
2015,-200.616759427667
2016,-222.1959280724
2017,-231.958338266811
2018,-225.149555051713
2019,-214.307852951633
2020,-237.555148034324
2021,-232.702351552606
2022,-232.702351552606
2023,..
2024,..
