Year,Value
1960,..
1961,..
1962,..
1963,..
1964,..
1965,..
1966,..
1967,..
1968,..
1969,..
1970,..
1971,..
1972,..
1973,..
1974,..
1975,..
1976,..
1977,..
1978,..
1979,..
1980,..
1981,..
1982,..
1983,..
1984,..
1985,..
1986,..
1987,..
1988,..
1989,..
1990,..
1991,29592.3849066769
1992,30645.442051516
1993,29270.397000682
1994,28963.6055804733
1995,30196.8738422592
1996,31165.0144887439
1997,32582.5725013268
1998,32051.8457775473
1999,31557.6713945968
2000,31148.6717459234
2001,30843.8813032862
2002,31624.2702359639
2003,32317.2970395674
2004,35349.6021214389
2005,35242.8324289092
2006,36537.8232089902
2007,37536.0663696267
2008,37434.7856734817
2009,36678.7249169347
2010,37868.337263869
2011,37564.5859524701
2012,37134.8971400246
2013,36604.9374770475
2014,38104.8033743957
2015,39903.5218828886
2016,40291.0187226923
2017,38572.5423752341
2018,37629.936032415
2019,36354.1559227401
2020,33579.7607478822
2021,33612.8539847606
2022,33521.5891296162
2023,33853.1178177312
2024,34071.2465333396
