Year,Value
1960,..
1961,..
1962,..
1963,..
1964,..
1965,..
1966,..
1967,..
1968,..
1969,..
1970,9.57855457389014
1971,9.14647990638699
1972,9.36538509643045
1973,10.5840665684596
1974,12.2995466025622
1975,9.94820386725059
1976,9.52206684448698
1977,9.95096784901694
1978,9.86939177004208
1979,10.4730915669808
1980,11.1562773250032
1981,10.6470506665962
1982,7.29864510689473
1983,6.52245440410831
1984,6.81482139570893
1985,8.93443339116542
1986,8.4255178086901
1987,9.07636583157259
1988,8.70968890576966
1989,9.29785094373623
1990,8.95860724486558
1991,9.49635286198259
1992,9.36142998409218
1993,9.40023158699969
1994,9.59440530841351
1995,8.56926124993138
1996,9.39405171825161
1997,8.51307501431571
1998,8.25519628866557
1999,7.70156548161097
2000,9.74952711364512
2001,9.60620446450922
2002,10.4587574708486
2003,11.0842579369439
2004,9.70554531413482
2005,10.653856069007
2006,10.5874843969024
2007,10.8640941270316
2008,10.3894415443711
2009,10.334693877551
2010,13.1610737741894
2011,13.1007004498336
2012,12.8946041165838
2013,13.9457846558438
2014,16.7620828947743
2015,15.8909198779523
2016,16.9665129506074
2017,16.5126646117385
2018,21.7365389837801
2019,21.9452338808065
2020,22.7147964641631
2021,19.6613770712518
2022,20.4852972419486
2023,21.4185669438024
2024,..
