Year,Value
1960,..
1961,..
1962,..
1963,..
1964,..
1965,..
1966,..
1967,..
1968,..
1969,..
1970,..
1971,..
1972,..
1973,..
1974,..
1975,..
1976,..
1977,..
1978,..
1979,..
1980,..
1981,..
1982,..
1983,..
1984,..
1985,..
1986,..
1987,..
1988,..
1989,..
1990,..
1991,3.71144488027313
1992,2.55890814096587
1993,4.54118399161527
1994,5.20637030989664
1995,7.77116183491224
1996,13.9760697902786
1997,9.27233456924834
1998,9.73087460446371
1999,6.87785791445559
2000,7.30479750544515
2001,10.0989197015123
2002,10.3307978172039
2003,11.8118336081945
2004,13.3042115931779
2005,10.5106959315489
2006,7.8082210890811
2007,8.51792703512015
2008,9.17104331808303
2009,6.01051366795029
2010,12.9206392145136
2011,5.61608432284373
2012,4.10763317525025
2013,2.74838949943319
2014,-1.86976371237896
2015,2.75760882289253
2016,3.61555178560704
2017,1.95334415795125
2018,-1.12221001740147
2019,-4.25223098529701
2020,-13.9387679223345
2021,-11.2550956474482
2022,-19.3486911896627
2023,-25.4738398664169
2024,..
