Year,Value
1960,..
1961,..
1962,..
1963,..
1964,..
1965,..
1966,..
1967,..
1968,..
1969,..
1970,..
1971,..
1972,..
1973,..
1974,..
1975,..
1976,..
1977,..
1978,..
1979,..
1980,..
1981,..
1982,..
1983,..
1984,..
1985,..
1986,..
1987,..
1988,..
1989,..
1990,0.255680150231661
1991,0.258855738251752
1992,0.251685168426536
1993,0.253363602067474
1994,0.247642799931498
1995,0.246014114266981
1996,0.251573086806983
1997,0.231361447937057
1998,0.222013597280462
1999,0.205859080537081
2000,0.198313091270544
2001,0.198856409858523
2002,0.198786630112368
2003,0.201258165425824
2004,0.199913527581961
2005,0.191097799753789
2006,0.180055379952026
2007,0.17446229703526
2008,0.171874043067064
2009,0.173248298951276
2010,0.182138225221871
2011,0.167387793752878
2012,0.166626496331199
2013,0.16450073050239
2014,0.154613725667711
2015,0.15854253948636
2016,0.156082359163107
2017,0.149422227221445
2018,0.141713766872845
2019,0.134142356715953
2020,0.125422842573181
2021,0.121695329554708
2022,0.105322869733896
2023,0.0972515018203301
2024,..
