Year,Value
1960,..
1961,..
1962,..
1963,..
1964,..
1965,8.47186932846467
1966,14.3889706868656
1967,-2.80833138334687
1968,1.17986997370048
1969,4.05759162281557
1970,15.2372784450359
1971,-1.99950384520828
1972,8.38902389630182
1973,11.42977252586
1974,19.8063380280849
1975,7.58598521352965
1976,-3.11323573327194
1977,9.89885284313484
1978,7.34609125083295
1979,3.56545378520237
1980,14.6845027763768
1981,11.1448567278443
1982,11.6985465924139
1983,12.3772380782713
1984,2.84578495716266
1985,8.05264126619629
1986,18.9989495502395
1987,10.750328044985
1988,8.98300338208989
1989,8.84688691232552
1990,8.2397003745321
1991,15.5574529276948
1992,17.149523624344
1993,7.50539419087105
1994,8.34928672883386
1995,7.62296950698163
1996,9.22046662376986
1997,4.00998860523183
1998,11.2444677818614
1999,7.4511126095755
2000,2.47882020709132
2001,2.68830373545629
2002,3.02939948714896
2003,5.70700931874737
2004,2.84181131248978
2005,6.83633265892875
2006,6.92033580707587
2007,2.26921924439073
2008,9.90783005306479
2009,11.0948237386987
2010,9.32650410745394
2011,9.22707546125951
2012,9.45980980357135
2013,9.04016311917636
2014,8.36415469659563
2015,7.86890895590899
2016,8.79034332004633
2017,3.62709610696607
2018,4.0611633875107
2019,5.56868547784929
2020,5.05236655289212
2021,4.14968003360264
2022,7.6507917679853
2023,7.11475951738199
2024,..
