Year,Value
1960,..
1961,..
1962,..
1963,..
1964,..
1965,..
1966,..
1967,..
1968,..
1969,..
1970,..
1971,..
1972,..
1973,..
1974,..
1975,..
1976,..
1977,..
1978,..
1979,..
1980,..
1981,..
1982,..
1983,..
1984,..
1985,..
1986,..
1987,..
1988,..
1989,..
1990,30546.2923267459
1991,24171.6348493784
1992,19895.855054663
1993,16555.348572343
1994,15860.3466213454
1995,14563.4269415524
1996,12813.5871148056
1997,11650.2908863202
1998,10275.9497159898
1999,9611.37099667681
2000,8969.12532138639
2001,8394.08528728651
2002,7593.0577985624
2003,7632.08297912929
2004,7302.04591821417
2005,7284.04093117445
2006,7902.50723797268
2007,6157.9037592831
2008,7421.08733635992
2009,6996.75913970068
2010,6966.78566767605
2011,7926.22136044445
2012,9766.46483026476
2013,9882.09255703103
2014,11264.0788308656
2015,11344.1027539731
2016,11630.9603870998
2017,10763.8230471354
2018,10490.8556299929
2019,11273.1407790468
2020,11441.2584498431
2021,12196.6451547687
2022,12458.7405101252
2023,12461.1356136464
2024,12604.062534187
