Year,Value
1960,1685.78843072772
1961,1763.25990825309
1962,1791.46132151491
1963,1924.22900703057
1964,2176.16887135453
1965,2241.41569015371
1966,2286.23117455809
1967,2188.69351345398
1968,2319.30024380481
1969,2374.22857761108
1970,2457.81726971929
1971,2393.1072555205
1972,2617.16105926513
1973,2662.05078850505
1974,2882.55250190164
1975,2772.28211864682
1976,2928.69313615174
1977,3055.08108454586
1978,3031.79930795848
1979,2834.45802508845
1980,2886.32400655337
1981,2849.98559953919
1982,3012.97138873927
1983,3076.75866595818
1984,3251.01174429054
1985,3448.32835453174
1986,3464.09604780827
1987,3452.96268018568
1988,3609.68051410124
1989,3846.62615179437
1990,3891.65022806096
1991,3794.67093098341
1992,3838.89475084908
1993,4002.33698560957
1994,4086.33658955514
1995,4084.6198436537
1996,4165.19851959582
1997,4289.5934734828
1998,4170.58117248236
1999,4313.91773717105
2000,4424.29255482435
2001,4401.63966523198
2002,4318.26243248702
2003,4172.97088881312
2004,4217.69422992147
2005,4066.98419679908
2006,4023.01740657031
2007,4040.82041605557
2008,4055.53581676285
2009,4041.46175580591
2010,4137.75935207436
2011,4100.26053380148
2012,4301.13339538295
2013,4317.0612136768
2014,4455.21501149297
2015,4417.09457359418
2016,4267.90424682451
2017,4202.46417672783
2018,4139.38956459193
2019,4169.95041399552
2020,3857.8712802171
2021,3896.32877057817
2022,3729.8439590366
2023,3625.6624956751
2024,..
