Year,Value
1960,..
1961,..
1962,..
1963,..
1964,..
1965,..
1966,..
1967,..
1968,..
1969,..
1970,..
1971,..
1972,..
1973,..
1974,..
1975,..
1976,..
1977,..
1978,..
1979,..
1980,..
1981,..
1982,..
1983,..
1984,..
1985,..
1986,..
1987,..
1988,..
1989,..
1990,56.5403034299708
1991,56.9583909122593
1992,57.0623227693587
1993,56.8612004685396
1994,57.5329506251512
1995,57.7896417589078
1996,58.0936246185972
1997,58.5443598961859
1998,58.591951842857
1999,58.8259219793172
2000,58.9770386593299
2001,58.9970035362401
2002,59.1919122593287
2003,59.4114777251111
2004,59.4481476303766
2005,59.8486112907297
2006,60.3057483883407
2007,60.4744489494373
2008,60.7941912189286
2009,61.1625709915788
2010,61.2415053433053
2011,61.438421340986
2012,61.9319658443292
2013,62.2138485084698
2014,62.36248672961
2015,62.6121292877673
2016,63.0562727099453
2017,63.5507399291898
2018,63.9839574865748
2019,64.5770165253866
2020,63.2208478693515
2021,64.383896272451
2022,65.4113456175475
2023,66.2765303827736
2024,66.5274568527819
