Year,Value
1960,0.183538304564912
1961,0.194847234198077
1962,0.200644047841742
1963,0.213908988149677
1964,0.21094416213278
1965,0.210179535712649
1966,0.239124181828045
1967,0.234347825448846
1968,0.242424283219413
1969,0.241823628114174
1970,0.300373382175453
1971,0.285711909886022
1972,0.284840241308596
1973,0.307592956892834
1974,0.284822718800394
1975,0.315406467681052
1976,0.321772279375812
1977,0.326622489354098
1978,0.314468326068903
1979,0.344611977841638
1980,0.392943257812739
1981,0.417615338421983
1982,0.547560902440821
1983,0.577595394628586
1984,0.615218988165698
1985,0.655418482878772
1986,0.724296376656094
1987,0.741537737189339
1988,0.747054125874303
1989,1.52736514190097
1990,1.2121161482228
1991,0.675721722633553
1992,0.824382220705987
1993,0.878280249007195
1994,0.935214865834559
1995,0.849152612741441
1996,0.825338422970594
1997,0.882623407504996
1998,0.914759688580905
1999,1.01517183709497
2000,1.80943290050919
2001,1.89278562360854
2002,2.09315898718947
2003,2.2709049905125
2004,2.52361813791443
2005,2.82897418420923
2006,3.1122829396007
2007,3.50256084056213
2008,3.97132020356466
2009,4.64753158321519
2010,5.12227630008898
2011,6.06102470696444
2012,7.00647131868148
2013,7.9650550834086
2014,8.86750853633712
2015,9.92387791024915
2016,10.6975602401157
2017,11.9414112763966
2018,12.5741136000703
2019,14.0758074733672
2020,16.1368606124017
2021,16.7060155423872
2022,..
2023,..
2024,..
