Year,Value
1960,..
1961,..
1962,..
1963,..
1964,..
1965,..
1966,..
1967,..
1968,..
1969,..
1970,..
1971,..
1972,..
1973,..
1974,..
1975,..
1976,..
1977,..
1978,..
1979,..
1980,..
1981,..
1982,..
1983,..
1984,..
1985,..
1986,..
1987,..
1988,..
1989,..
1990,..
1991,13.7475099842696
1992,14.3290748081312
1993,15.4780374683431
1994,15.8488300970868
1995,16.6160616999659
1996,16.4856333020445
1997,16.2670936729917
1998,15.5520748498462
1999,15.7453333908878
2000,14.7582979885151
2001,14.3836753827146
2002,15.1752519196965
2003,15.6397375256837
2004,15.9870552629534
2005,15.2400957006388
2006,14.5814674685121
2007,13.6168731772156
2008,14.0969429799678
2009,17.0419534011587
2010,17.3154358336217
2011,17.3633725428836
2012,17.4847708813859
2013,17.4777675515761
2014,16.4368126042075
2015,15.364234524608
2016,14.5071822491835
2017,13.6394119177071
2018,12.860021438478
2019,12.9956197086347
2020,16.7049516772597
2021,14.3679418586066
2022,12.0879678644968
2023,11.5540227422281
2024,11.7807581076272
