Year,Value
1960,..
1961,..
1962,..
1963,..
1964,..
1965,..
1966,..
1967,..
1968,..
1969,..
1970,..
1971,..
1972,..
1973,..
1974,..
1975,..
1976,..
1977,..
1978,..
1979,..
1980,..
1981,..
1982,..
1983,..
1984,..
1985,..
1986,..
1987,..
1988,..
1989,..
1990,..
1991,..
1992,..
1993,..
1994,..
1995,13.6840371659235
1996,13.3333206131671
1997,13.5868609655933
1998,14.7699579053988
1999,12.7358932622876
2000,12.1032510783024
2001,12.3009220152643
2002,12.9136358790933
2003,12.9632076239448
2004,13.1369512474131
2005,12.8383431065876
2006,11.636710077059
2007,10.2011554560937
2008,10.7226798534058
2009,14.247498575243
2010,14.9663678924618
2011,14.5654345864862
2012,15.6228265763481
2013,15.7014939194892
2014,14.7268070068249
2015,13.5574932190543
2016,12.7023370974221
2017,11.5206101969025
2018,10.6389211190336
2019,10.5000005786269
2020,12.2942512750669
2021,11.0957904042222
2022,9.61016630377566
2023,9.25061581563637
2024,..
