Year,Value
1960,..
1961,..
1962,..
1963,..
1964,..
1965,..
1966,..
1967,..
1968,..
1969,..
1970,..
1971,..
1972,..
1973,..
1974,..
1975,..
1976,..
1977,..
1978,..
1979,..
1980,..
1981,..
1982,..
1983,..
1984,..
1985,..
1986,..
1987,..
1988,..
1989,..
1990,..
1991,..
1992,..
1993,..
1994,..
1995,..
1996,..
1997,..
1998,..
1999,..
2000,5.85560839338269
2001,10.3718910717749
2002,13.5401026607018
2003,14.0041319906929
2004,17.1811012354287
2005,19.1019113170643
2006,29.7114914119201
2007,30.2423220061339
2008,31.01905944275
2009,31.3130272542338
2010,36.4731400437637
2011,43.6747188113178
2012,40.6908469939078
2013,44.5462795312054
2014,46.6694438116826
2015,44.5052518055759
2016,40.0916228604128
2017,33.2375695156542
2018,34.488681382081
2019,37.3970050567735
2020,40.253089839284
2021,61.0254079926619
2022,63.7911526670089
2023,..
2024,..
