Year,Value
1960,..
1961,..
1962,..
1963,..
1964,..
1965,..
1966,..
1967,..
1968,..
1969,..
1970,..
1971,..
1972,..
1973,..
1974,..
1975,..
1976,..
1977,..
1978,..
1979,..
1980,..
1981,..
1982,..
1983,..
1984,..
1985,..
1986,..
1987,..
1988,..
1989,..
1990,..
1991,..
1992,..
1993,..
1994,..
1995,..
1996,..
1997,..
1998,..
1999,..
2000,-27.725211713671
2001,-28.8720030390008
2002,-29.527497023195
2003,-29.4768113120029
2004,-30.1064214307597
2005,-28.2191880637839
2006,-27.4500555908562
2007,-31.1609205428202
2008,-34.5885113362295
2009,-33.0619487983007
2010,-36.2314365866768
2011,-37.174944937045
2012,-36.2930934484422
2013,-36.0484070141431
2014,-27.6601836631594
2015,-32.7405865810682
2016,-31.8798682179385
2017,-31.318072456146
2018,-30.2917789107002
2019,-31.4055319708735
2020,-30.2999788750417
2021,-30.0648909386495
2022,-30.0648909386495
2023,..
2024,..
