Year,Value
1960,..
1961,..
1962,..
1963,..
1964,..
1965,..
1966,..
1967,..
1968,..
1969,..
1970,..
1971,..
1972,..
1973,..
1974,..
1975,..
1976,..
1977,..
1978,..
1979,..
1980,..
1981,..
1982,..
1983,..
1984,..
1985,..
1986,..
1987,..
1988,..
1989,..
1990,0.176562350894107
1991,0.174421600520784
1992,0.178075404693928
1993,0.194586890035702
1994,0.192738382930737
1995,0.197122040203123
1996,0.196799477476243
1997,0.200774229078338
1998,0.197659776217457
1999,0.208825485978017
2000,0.204512849651619
2001,0.20098028499141
2002,0.194798386103642
2003,0.191600056478495
2004,0.198774373782826
2005,0.188790045415243
2006,0.193160799497316
2007,0.206140359029817
2008,0.194894827421257
2009,0.192809405072407
2010,0.184712282238871
2011,0.179408632278625
2012,0.17623532038918
2013,0.172827040738434
2014,0.174670805399891
2015,0.176598594060225
2016,0.182915511022731
2017,0.189837429454975
2018,0.169625688893904
2019,0.162783733820913
2020,0.184358171802702
2021,0.184187193760602
2022,0.162375280899676
2023,0.14894288420393
2024,..
