Year,Value
1960,..
1961,..
1962,..
1963,..
1964,..
1965,..
1966,..
1967,..
1968,..
1969,..
1970,..
1971,..
1972,..
1973,..
1974,..
1975,..
1976,..
1977,..
1978,..
1979,..
1980,..
1981,..
1982,..
1983,..
1984,..
1985,..
1986,..
1987,..
1988,..
1989,..
1990,0.175601583921798
1991,0.164274074244449
1992,0.163196482236251
1993,0.141008952035229
1994,0.132632604376403
1995,0.133046010038745
1996,0.126676125169628
1997,0.138282378053714
1998,0.179055722347191
1999,0.143801434975995
2000,0.159901660513063
2001,0.194772852604922
2002,0.223570868830475
2003,0.241327085770901
2004,0.249962138593612
2005,0.255092259470981
2006,0.246053959740687
2007,0.226776105389391
2008,0.219615447207732
2009,0.199512864345395
2010,0.154855004163564
2011,0.161763451697207
2012,0.147353324978172
2013,0.152438958810576
2014,0.162458260425596
2015,0.164433895001263
2016,0.172764518809072
2017,0.163955099135778
2018,0.170880085565329
2019,0.172564011425638
2020,0.148984409569222
2021,0.139584499042037
2022,0.138089131870366
2023,0.136205452141513
2024,..
