Year,Value
1960,..
1961,..
1962,..
1963,..
1964,..
1965,..
1966,..
1967,..
1968,..
1969,..
1970,..
1971,..
1972,..
1973,..
1974,..
1975,..
1976,..
1977,..
1978,..
1979,..
1980,..
1981,..
1982,..
1983,..
1984,..
1985,..
1986,..
1987,..
1988,..
1989,..
1990,97.2577224276702
1991,96.9656974133591
1992,96.5602300448369
1993,96.1225159226963
1994,96.0658562266679
1995,96.2707144612193
1996,96.1526901112113
1997,96.395450330042
1998,96.6799215600828
1999,96.7490300183786
2000,97.0214617958273
2001,96.9624401310814
2002,96.9185407874198
2003,96.8913079235014
2004,96.8844018485779
2005,96.8973747016706
2006,96.9333714420216
2007,96.9961683130031
2008,97.083210495283
2009,97.1990857319955
2010,97.3413379073756
2011,97.2868923874942
2012,97.0807178496701
2013,96.9077725175286
2014,96.4112550671648
2015,96.1713134823474
2016,95.9703366554186
2017,95.820587261072
2018,95.7717069775535
2019,95.5955513724285
2020,95.4802803882299
2021,95.971450926509
2022,95.0811977846616
2023,95.1097673195741
2024,95.0191283474608
