Year,Value
1960,..
1961,..
1962,..
1963,..
1964,..
1965,..
1966,..
1967,..
1968,..
1969,..
1970,..
1971,..
1972,..
1973,..
1974,..
1975,..
1976,..
1977,..
1978,..
1979,..
1980,..
1981,..
1982,..
1983,..
1984,..
1985,..
1986,..
1987,..
1988,..
1989,..
1990,..
1991,-0.619015883713947
1992,-3.01729196296778
1993,-2.89848440967126
1994,-4.54141468734827
1995,-4.06182407007653
1996,0.246093670092917
1997,-2.38675599932386
1998,-10.0847533357091
1999,-12.6190901720798
2000,-15.7479223482014
2001,-16.6275127501445
2002,-18.5780130123071
2003,-15.1354201545413
2004,-14.5480306584856
2005,-14.6549951389569
2006,-10.9804933824139
2007,-11.1018310467231
2008,-12.6422110801636
2009,-16.1987665977974
2010,-11.348193877562
2011,-12.0078261178515
2012,-13.9489057539031
2013,-15.1957659938007
2014,-18.5664660163025
2015,-17.7048824682686
2016,-14.755472845449
2017,-11.1232831581815
2018,-11.2942002319089
2019,-15.9995338135879
2020,-20.090992481802
2021,-12.832373147232
2022,-14.5974754875309
2023,-22.7759516716497
2024,..
