Year,Value
1960,..
1961,..
1962,..
1963,..
1964,..
1965,..
1966,..
1967,..
1968,..
1969,..
1970,..
1971,..
1972,..
1973,..
1974,..
1975,..
1976,..
1977,..
1978,..
1979,..
1980,..
1981,..
1982,..
1983,..
1984,..
1985,..
1986,..
1987,..
1988,..
1989,..
1990,..
1991,10.1799861840793
1992,10.2325716536642
1993,10.339095924568
1994,10.2638667423729
1995,10.0930142397923
1996,9.91179748954358
1997,9.75929926911038
1998,9.71977883753916
1999,9.81177969651595
2000,9.89961712185046
2001,9.93007156496723
2002,9.85587196290561
2003,9.81427306467458
2004,9.70528920710436
2005,9.68437004609705
2006,9.59785874390179
2007,9.55278171968895
2008,9.54821405393703
2009,9.61450503490727
2010,10.0707481842412
2011,10.298607788532
2012,10.0569103390302
2013,9.66626794547337
2014,9.60976634679636
2015,9.77406221470839
2016,9.97816534647282
2017,10.408815500483
2018,10.4494885805062
2019,10.5509269871483
2020,11.1405245319399
2021,10.3479388766201
2022,8.87824885550486
2023,8.52971967126225
2024,8.29636865521067
