Year,Value
1960,..
1961,..
1962,..
1963,..
1964,..
1965,..
1966,..
1967,..
1968,..
1969,..
1970,..
1971,..
1972,..
1973,..
1974,..
1975,..
1976,..
1977,..
1978,..
1979,..
1980,..
1981,..
1982,..
1983,..
1984,..
1985,..
1986,..
1987,..
1988,..
1989,..
1990,..
1991,-4.84483216097817
1992,9.26133502282437
1993,19.6813399357383
1994,23.3514540108429
1995,28.7629942388946
1996,35.4861544929287
1997,46.3650590411154
1998,29.6448573655065
1999,21.1847506696184
2000,33.7242988882932
2001,43.7040614242232
2002,36.4263030913453
2003,37.4896683586191
2004,43.2884328444541
2005,43.5956622612892
2006,41.0850057177851
2007,37.2603169961716
2008,50.7249501693676
2009,52.9276881097145
2010,72.306081429333
2011,84.2370288980748
2012,94.9287209046457
2013,112.238078430388
2014,117.443699630941
2015,121.219849944447
2016,134.255366177
2017,141.528497116001
2018,152.883087909161
2019,166.290567845224
2020,146.424427519997
2021,161.804949440799
2022,170.919290866657
2023,171.014693944661
2024,..
