Year,Value
1960,..
1961,-0.278700573557501
1962,6.12434889088804
1963,5.76601813356892
1964,4.65864910663014
1965,4.42144197884356
1966,1.15655752212267
1967,-5.75879556543813
1968,3.61211353790128
1969,11.3455166391025
1970,8.62491709036048
1971,9.36057389724895
1972,3.40686876189862
1973,4.06241211080676
1974,8.3786474503633
1975,-0.356874526581493
1976,6.93601683753533
1977,4.68682406628318
1978,-0.156163864016136
1979,5.67153341800832
1980,4.2203326107978
1981,-4.0008632849776
1982,-1.2047904857654
1983,-4.74215771140433
1984,0.6194784544562
1985,3.66399936210355
1986,2.55964027510645
1987,3.88802119198486
1988,3.79423336730656
1989,1.3747707800682
1990,8.28022277111621
1991,-8.20418299380927
1992,2.31069065417033
1993,-0.482869150775343
1994,0.0315663047774706
1995,3.06033760828157
1996,5.6050584325376
1997,6.28305263538272
1998,6.97249853021511
1999,4.24337553346739
2000,5.53479964023857
2001,4.33384897785925
2002,5.96286405470094
2003,-0.660694416222455
2004,12.0106332360809
2005,6.02093645579529
2006,6.20612599645011
2007,6.04648439463161
2008,6.38298256944792
2009,4.84290518356683
2010,6.60098586581832
2011,4.35522699894861
2012,4.25924167463165
2013,5.88411033113023
2014,5.25618045376592
2015,3.07384482909374
2016,2.41414704817791
2017,1.64804967625297
2018,2.6207308401727
2019,3.34123143574774
2020,-2.53540855344315
2021,3.18732049747439
2022,4.2985792780073
2023,2.28536883876956
2024,3.09973287185414
