Year,Value
1960,..
1961,..
1962,..
1963,..
1964,..
1965,..
1966,..
1967,..
1968,..
1969,..
1970,..
1971,..
1972,..
1973,..
1974,..
1975,..
1976,..
1977,..
1978,..
1979,..
1980,..
1981,..
1982,..
1983,..
1984,..
1985,..
1986,..
1987,..
1988,..
1989,..
1990,73.5169301446371
1991,73.5927032525104
1992,73.5355930172202
1993,73.4497870012416
1994,73.3921093027381
1995,73.3960284972891
1996,73.3651270437599
1997,73.3141693263823
1998,73.2669616616632
1999,73.2277992013871
2000,73.1750902798733
2001,73.1147805773814
2002,72.965208481577
2003,72.8601099851907
2004,72.7513053851873
2005,72.6438341671898
2006,72.4645822887151
2007,72.2681302065334
2008,71.9655966625897
2009,71.6266946728884
2010,71.305050794829
2011,71.3236646842109
2012,71.12192350606
2013,70.8982728841166
2014,70.3068684029823
2015,70.0021709028159
2016,69.8123525648813
2017,69.2210112618598
2018,69.020656207607
2019,68.8273924292704
2020,67.8889917546913
2021,68.4194401616231
2022,68.4384315961894
2023,70.2170556245884
2024,70.0666512343351
