Year,Value
1960,..
1961,..
1962,..
1963,..
1964,..
1965,..
1966,..
1967,..
1968,..
1969,..
1970,..
1971,..
1972,..
1973,..
1974,..
1975,..
1976,..
1977,..
1978,..
1979,..
1980,..
1981,..
1982,..
1983,..
1984,..
1985,..
1986,..
1987,..
1988,..
1989,..
1990,3135.75046505493
1991,2787.64700878105
1992,2771.19101282762
1993,2678.11361376541
1994,2595.35555473656
1995,2600.74610228477
1996,2677.26091266353
1997,2779.40941069191
1998,2900.96619763575
1999,2947.70957685508
2000,3027.9543643168
2001,3065.21865907706
2002,3134.08152159918
2003,3006.17672185845
2004,3273.29878019814
2005,3370.618025535
2006,3480.27156016068
2007,3591.69679830923
2008,3711.00880961612
2009,3768.66765357802
2010,3899.08734788305
2011,3951.9587142097
2012,4039.11332882341
2013,4142.87469527638
2014,4231.91961664895
2015,4245.14215697483
2016,4252.2779873823
2017,4209.99115790447
2018,4207.04824406608
2019,4234.8403148811
2020,4011.63971384411
2021,4022.58944990109
2022,4090.8294830009
2023,4074.7386121846
2024,4096.69684104256
