Year,Value
1960,..
1961,..
1962,..
1963,..
1964,..
1965,..
1966,..
1967,..
1968,..
1969,..
1970,..
1971,..
1972,..
1973,..
1974,..
1975,..
1976,..
1977,..
1978,..
1979,..
1980,..
1981,..
1982,..
1983,..
1984,..
1985,..
1986,..
1987,..
1988,..
1989,..
1990,..
1991,5.45646644541192
1992,5.49870424868573
1993,5.56745916144044
1994,5.52614211630052
1995,5.42007535588483
1996,5.30431182628213
1997,5.20611474305315
1998,5.17858189286085
1999,5.22228734559612
2000,5.25971097055311
2001,5.24538298998702
2002,5.15809175572497
2003,5.08626366282226
2004,4.99502132071795
2005,4.95400351505636
2006,4.88987174470028
2007,4.85261014228758
2008,4.83982537449331
2009,4.78161138964267
2010,4.91686611119493
2011,4.94027636790719
2012,4.88453208682103
2013,4.74087002062217
2014,4.7631708022627
2015,4.85925301207457
2016,4.95266805437548
2017,5.25266026641594
2018,5.32377985068669
2019,5.39514564507294
2020,5.80567326143631
2021,5.46028559574536
2022,4.58547995568438
2023,4.43557984203812
2024,4.3174857320458
