Year,Value
1960,336.913601655325
1961,365.840115861058
1962,363.164047972061
1963,394.938958656664
1964,410.251827125966
1965,440.882937836407
1966,451.750813739574
1967,486.585415323871
1968,497.129002506606
1969,579.972492793489
1970,663.861506415983
1971,726.050457694549
1972,745.283954565416
1973,798.835180873614
1974,824.361218660634
1975,845.362441400258
1976,872.349374345995
1977,845.368945104395
1978,916.769387701724
1979,998.160696347735
1980,1022.46364850928
1981,1006.49412741101
1982,1119.20463053475
1983,1117.91312696045
1984,1115.89426896054
1985,1093.85857175452
1986,1208.4742802909
1987,1241.19566529755
1988,1299.58511359225
1989,1575.75452273863
1990,1680.88286201382
1991,1703.25479262559
1992,1813.60280380135
1993,1786.33794491445
1994,1827.69065121281
1995,2013.96965845437
1996,1986.79149693102
1997,2083.46205659678
1998,2240.06330016631
1999,2390.35284181731
2000,2390.18870122638
2001,2391.32113737669
2002,2477.60275830907
2003,2400.86139844201
2004,2463.10248808928
2005,2519.13901861547
2006,2390.46374599498
2007,2402.51066519403
2008,2337.4925314705
2009,2304.1784841547
2010,2222.62833547109
2011,2164.03219875257
2012,2039.16999711033
2013,2055.58816601984
2014,2035.41142547114
2015,2121.0872664787
2016,2111.0971132123
2017,2210.06714740228
2018,2140.97558921814
2019,2115.18570481977
2020,1957.30550192994
2021,1940.99455698663
2022,1948.548763792
2023,1845.23596366242
2024,..
