Year,Value
1960,320.172830106542
1961,350.194796555526
1962,379.142282314236
1963,409.839923236683
1964,459.527644981691
1965,486.853781062488
1966,543.052897831036
1967,572.425325538733
1968,614.59942398986
1969,681.114515732147
1970,763.902161079329
1971,835.285031183203
1972,911.542066849508
1973,994.775920584726
1974,1080.94647641491
1975,1075.82693955113
1976,1136.9405748941
1977,1248.98539765802
1978,1343.65600397562
1979,1466.47462832248
1980,1558.52075993476
1981,1567.29597389681
1982,1644.71112175614
1983,1740.03162324454
1984,1774.26854438753
1985,1873.17686746286
1986,1974.53655205052
1987,2057.72045968751
1988,2201.78230490009
1989,2399.30034982509
1990,2525.33802226897
1991,2678.65165831931
1992,2816.88187905464
1993,2804.40656619508
1994,2871.63370956886
1995,3077.54422024908
1996,3197.25515193098
1997,3353.15828693645
1998,3545.6008919513
1999,3796.79517016728
2000,3988.96082351837
2001,4119.67048812079
2002,4271.16852794499
2003,4375.73221685312
2004,4533.53969496543
2005,4682.89580542552
2006,4827.46718204254
2007,4890.46533783099
2008,4850.83741255711
2009,4843.84969427758
2010,4959.09430535983
2011,4848.18461841562
2012,4736.35177088695
2013,4685.15041413673
2014,4662.60079980294
2015,4807.07034781363
2016,4875.62190982051
2017,5014.1258021611
2018,5048.60935943854
2019,5016.98235792727
2020,4858.94983248165
2021,4901.6433485549
2022,5085.23209727273
2023,5143.13718038671
2024,..
