Year,Value
1960,..
1961,..
1962,..
1963,..
1964,..
1965,..
1966,..
1967,..
1968,..
1969,..
1970,..
1971,..
1972,..
1973,..
1974,..
1975,..
1976,..
1977,..
1978,..
1979,..
1980,..
1981,..
1982,..
1983,..
1984,..
1985,..
1986,..
1987,..
1988,..
1989,..
1990,0.162239073296857
1991,0.160542873040976
1992,0.17172146232275
1993,0.171601984173733
1994,0.175025171654442
1995,0.17934736354712
1996,0.167707057921993
1997,0.168430271119606
1998,0.173929966779184
1999,0.186718398206945
2000,0.178492537232907
2001,0.17305147543041
2002,0.183154690506255
2003,0.171435938408999
2004,0.173127507175212
2005,0.180449665954081
2006,0.164794653729584
2007,0.156668410302767
2008,0.150887038340886
2009,0.153729151530987
2010,0.137595001846389
2011,0.13514086674687
2012,0.136429059201548
2013,0.133273246397016
2014,0.131002482491078
2015,0.139883658780122
2016,0.13397259048539
2017,0.141504596095894
2018,0.127431185120957
2019,0.112914938461826
2020,0.107851105326541
2021,0.0977688422101992
2022,0.0921688864394331
2023,0.0822550796165693
2024,..
