Year,Value
1960,4066.96725464418
1961,4257.6538691273
1962,4506.63564476968
1963,4752.1252885319
1964,5049.21862719919
1965,5448.51727942338
1966,5713.62845312916
1967,6183.79181931929
1968,6761.48794851941
1969,6967.12461185268
1970,7669.77191208525
1971,8213.10500344141
1972,8885.14068671848
1973,9877.28040421384
1974,9851.78075239642
1975,9072.05089107636
1976,9426.10705985707
1977,9849.08355251861
1978,10017.7579372162
1979,10469.8135612755
1980,10832.5267890094
1981,10912.7742953375
1982,11077.8730054354
1983,11007.5060765324
1984,10759.1131242255
1985,11030.9534865926
1986,11477.2965396582
1987,12212.9984451295
1988,13141.2966542008
1989,14008.1058857802
1990,14593.2705310787
1991,15265.8793258478
1992,15444.2005375153
1993,15110.1392805925
1994,15214.9307775929
1995,15811.717157492
1996,16304.3794640731
1997,16946.0868790705
1998,17671.3135180573
1999,18258.0911783113
2000,18822.0933119456
2001,19053.0899464433
2002,19095.1102477762
2003,18846.5411903004
2004,19137.8370891182
2005,19251.7145052945
2006,19529.3122069254
2007,19979.5706224764
2008,20014.4749270815
2009,19371.1318849497
2010,19698.6836746927
2011,19389.6395868833
2012,18679.7626802294
2013,18597.7214646143
2014,18836.8967994149
2015,19215.7813014347
2016,19662.8231226536
2017,20364.1963666527
2018,20997.7744918249
2019,21569.1874639961
2020,19778.7138519007
2021,20747.6991633543
2022,22042.8682074432
2023,22311.3052246654
2024,22479.2027111103
