Year,Value
1960,..
1961,..
1962,..
1963,..
1964,..
1965,..
1966,..
1967,..
1968,..
1969,..
1970,..
1971,..
1972,..
1973,..
1974,..
1975,..
1976,..
1977,..
1978,..
1979,..
1980,..
1981,..
1982,..
1983,..
1984,..
1985,..
1986,..
1987,..
1988,..
1989,..
1990,..
1991,..
1992,..
1993,..
1994,..
1995,9870.0908811997
1996,9818.22971558034
1997,9439.84961305896
1998,9665.67873805362
1999,9293.55230837987
2000,8324.49854856956
2001,8651.25573742547
2002,9348.4478601672
2003,8920.51485004865
2004,9177.40486891552
2005,9066.90080842693
2006,9456.5658817528
2007,10317.5815363279
2008,10760.293792832
2009,10757.4371893151
2010,11853.5006438276
2011,12268.3307336916
2012,11904.1921914076
2013,12730.8936353391
2014,13295.0864550238
2015,13294.9236327643
2016,13895.4911877586
2017,14331.0476330128
2018,14481.6529192584
2019,14277.6299370217
2020,14043.1029326272
2021,14834.9001806131
2022,14369.3251745225
2023,14706.6722032758
2024,14943.4653092085
