Year,Value
1960,..
1961,..
1962,..
1963,..
1964,..
1965,..
1966,..
1967,..
1968,..
1969,..
1970,..
1971,..
1972,..
1973,..
1974,..
1975,..
1976,..
1977,..
1978,..
1979,..
1980,..
1981,..
1982,..
1983,..
1984,..
1985,..
1986,..
1987,..
1988,..
1989,..
1990,52.4238610616566
1991,52.7990480663796
1992,52.9980320921026
1993,53.2771205447364
1994,53.5014605450349
1995,53.5827523111019
1996,53.7226000143736
1997,53.7221943231255
1998,53.6977383491319
1999,53.699747461538
2000,53.8220405530709
2001,53.9091669008771
2002,53.9608189629806
2003,53.8688566624497
2004,53.7800488034797
2005,53.2526146944183
2006,54.2628529419157
2007,54.9007190285819
2008,55.4633092453891
2009,56.0341933850149
2010,56.5279271169181
2011,57.5604213880855
2012,57.2430420542077
2013,56.8974724076898
2014,56.6021345801247
2015,56.0829847800398
2016,55.5355614539242
2017,55.7889709833301
2018,55.8809392430546
2019,55.9466712143829
2020,55.4316426450417
2021,55.7574487239688
2022,56.1678915750658
2023,56.386169815021
2024,56.5002179285417
