Year,Value
1960,..
1961,..
1962,..
1963,..
1964,..
1965,..
1966,..
1967,..
1968,..
1969,..
1970,..
1971,..
1972,..
1973,..
1974,..
1975,..
1976,..
1977,..
1978,..
1979,..
1980,..
1981,..
1982,..
1983,..
1984,..
1985,..
1986,..
1987,..
1988,..
1989,..
1990,5572.48593044089
1991,5424.30688522164
1992,5619.72924736773
1993,5649.44072680282
1994,5838.3292700868
1995,5988.51763123779
1996,6119.06472291796
1997,5936.86462908206
1998,5928.06955435687
1999,6163.18960072927
2000,5988.29209131626
2001,5986.52113462846
2002,6056.3792624622
2003,6080.39165161632
2004,6268.80079999189
2005,6317.61071283186
2006,6382.50636206824
2007,6301.58869897541
2008,6345.17378572668
2009,6230.1273089396
2010,6374.50824666716
2011,6510.65290803377
2012,6494.70148283054
2013,6642.86784735287
2014,6826.21153244496
2015,7018.06264357001
2016,7162.43607258571
2017,7371.40871517992
2018,7498.24238203575
2019,7469.93309998935
2020,6504.36895836406
2021,6218.5885300932
2022,6881.11530759901
2023,7192.84906022364
2024,7392.22562784378
