Year,Value
1960,..
1961,..
1962,..
1963,..
1964,..
1965,..
1966,..
1967,..
1968,..
1969,..
1970,16.6219998262345
1971,16.9595492701001
1972,16.8578085196022
1973,16.4318228828845
1974,17.0453480731343
1975,18.0801750996661
1976,17.6826132708393
1977,17.5275877819398
1978,17.2729042168785
1979,17.197465317682
1980,17.6950121112426
1981,17.7152672461937
1982,18.0437181192634
1983,17.8599859824017
1984,17.2813801101014
1985,17.282874620482
1986,17.3442248988013
1987,17.3580737587174
1988,16.9471122409203
1989,16.7385414696274
1990,17.08172050306
1991,17.3222424176127
1992,17.5022460284974
1993,17.2949554230672
1994,17.0157135806858
1995,16.8732149797723
1996,16.7594207564492
1997,16.4399731771868
1998,16.4031249419478
1999,16.4529783505098
2000,16.3015254402343
2001,16.7085918467182
2002,17.229309990124
2003,17.6077499303669
2004,17.5899930746783
2005,17.537373756399
2006,17.4517377132755
2007,17.4888826178116
2008,18.0966679426309
2009,19.281937200076
2010,19.0088471215596
2011,18.7215233219524
2012,18.440405625533
2013,18.2022508481998
2014,17.9388850154257
2015,17.4923666853081
2016,17.4419552614654
2017,17.2163838557809
2018,17.2385700757602
2019,17.363860705174
2020,18.7652340588904
2021,18.3010288707919
2022,17.5926945413406
2023,17.4823490853974
2024,..
