Year,Value
1960,..
1961,4.51209727847457
1962,5.59327985301424
1963,4.99441096481652
1964,6.34629801457962
1965,5.52370129989718
1966,5.5378972945613
1967,3.8697690860712
1968,5.89329186300971
1969,5.58676651695747
1970,2.67050530903892
1971,3.72122868587121
1972,5.30423516153802
1973,6.09013172755999
1974,0.921064715080462
1975,-0.063633765892277
1976,4.74542941265308
1977,3.77831163838769
1978,4.28754487117817
1979,3.82263853918307
1980,1.08291228849575
1981,1.95696494736612
1982,0.193015390858235
1983,3.15032856668596
1984,4.80067103743397
1985,3.72351631053587
1986,3.18487732591689
1987,3.53041877247024
1988,4.67293687959274
1989,3.80725020901775
1990,2.70456590075563
1991,1.04166107839103
1992,1.90588238094931
1993,1.16872610909861
1994,3.15764687988469
1995,2.7079532340792
1996,2.9329276777693
1997,3.43657115310903
1998,2.8305688248938
1999,3.54485247596917
2000,4.04647054924962
2001,1.52932695721755
2002,1.52549156602902
2003,2.0265089333876
2004,3.2105209198443
2005,2.78593438520447
2006,2.94169246582472
2007,2.5408828486331
2008,0.348901299169952
2009,-3.37890578013062
2010,2.89197943688025
2011,1.6808744034886
2012,1.23445197424901
2013,1.51668831134242
2014,2.01431485784195
2015,2.23714859607691
2016,1.79357838188213
2017,2.44254705031454
2018,2.24541979474166
2019,1.83639112828892
2020,-4.07885321043369
2021,5.67921579694656
2022,2.73537662870143
2023,1.86086159205388
2024,1.7925252956905
