Year,Value
1960,..
1961,..
1962,..
1963,..
1964,..
1965,..
1966,..
1967,..
1968,..
1969,..
1970,..
1971,..
1972,..
1973,..
1974,..
1975,..
1976,..
1977,..
1978,..
1979,..
1980,..
1981,..
1982,..
1983,..
1984,..
1985,..
1986,..
1987,..
1988,..
1989,..
1990,7.69836622280071
1991,7.68108776373566
1992,7.78793649330359
1993,7.78105309021529
1994,7.90276992612638
1995,7.95019088073894
1996,7.96968233246224
1997,8.18463392608703
1998,8.38293941857397
1999,8.5254299830137
2000,8.68698580032789
2001,8.86066347336813
2002,8.93988921171516
2003,8.99992212999161
2004,9.11997898249924
2005,9.35264477956455
2006,9.65660147671874
2007,9.88523030499361
2008,10.0828150658368
2009,10.2013734228337
2010,10.1467187574875
2011,10.5718144560692
2012,10.8046527084408
2013,10.893064354051
2014,11.2042935307839
2015,11.503317110591
2016,11.7143821294087
2017,11.9313872350876
2018,12.083285781168
2019,12.4025431171855
2020,12.7673587492103
2021,12.8936746769531
2022,13.4512079426756
2023,13.8976320610969
2024,..
