Year,Value
1960,..
1961,..
1962,..
1963,..
1964,..
1965,..
1966,..
1967,..
1968,..
1969,..
1970,..
1971,..
1972,..
1973,..
1974,..
1975,..
1976,..
1977,..
1978,..
1979,..
1980,..
1981,..
1982,..
1983,16.8266876767658
1984,15.7771778277871
1985,15.7399731495212
1986,15.0787170601125
1987,14.1366313774107
1988,13.0491234449156
1989,11.6871833543651
1990,11.5316540813473
1991,13.0668306298359
1992,14.0793061243494
1993,15.6372963366646
1994,15.677623991258
1995,14.8181613778049
1996,15.2826884063578
1997,14.8870933056014
1998,14.9517550484388
1999,14.2731291286489
2000,13.0412656666599
2001,13.0974849858771
2002,13.7495861764353
2003,14.3208172207879
2004,14.2564971978643
2005,14.3784510930949
2006,13.4805074638981
2007,12.8021070034111
2008,14.1174405372504
2009,18.7865230982372
2010,19.227240186708
2011,18.7313979960022
2012,19.2016376876803
2013,19.0007983047067
2014,17.964289582842
2015,16.6197128108075
2016,15.4634908211321
2017,13.7948438842866
2018,12.8649751527408
2019,12.2491980755099
2020,15.6117306902113
2021,13.3678503984847
2022,11.3716686707682
2023,11.3179120765383
2024,..
