Year,Value
1960,..
1961,..
1962,..
1963,..
1964,..
1965,..
1966,..
1967,..
1968,..
1969,..
1970,..
1971,..
1972,..
1973,..
1974,..
1975,..
1976,..
1977,..
1978,..
1979,..
1980,..
1981,..
1982,..
1983,..
1984,..
1985,..
1986,..
1987,..
1988,..
1989,..
1990,..
1991,..
1992,..
1993,..
1994,..
1995,..
1996,3.24121999740601
1997,..
1998,..
1999,..
2000,2.86862993240356
2001,3.26628994941711
2002,3.5041298866272
2003,3.54397010803223
2004,3.31273007392883
2005,3.50039005279541
2006,4.30650997161865
2007,4.14953994750977
2008,4.0971999168396
2009,4.00213003158569
2010,3.41717004776001
2011,2.91375994682312
2012,2.82322001457214
2013,3.06800007820129
2014,3.12508010864258
2015,3.10695004463196
2016,3.02559995651245
2017,3.11820006370544
2018,3.31918001174927
2019,3.56695008277893
2020,3.58926010131836
2021,3.32452988624573
2022,..
2023,..
2024,..
