Year,Value
1960,..
1961,..
1962,..
1963,..
1964,..
1965,..
1966,..
1967,..
1968,..
1969,..
1970,..
1971,..
1972,..
1973,..
1974,..
1975,..
1976,..
1977,..
1978,..
1979,..
1980,..
1981,..
1982,..
1983,..
1984,..
1985,..
1986,..
1987,..
1988,..
1989,..
1990,..
1991,40274.0652458192
1992,36653.8054710353
1993,36916.5135748707
1994,38131.2271788101
1995,40358.3976170609
1996,41263.3123766123
1997,38481.2034743686
1998,37539.584967235
1999,37431.606104783
2000,38431.9454438311
2001,40619.528250848
2002,44217.253997478
2003,44665.1027838253
2004,49804.5251050342
2005,51948.9026116028
2006,56359.0024204588
2007,60631.3554314531
2008,66744.6640930031
2009,69339.3914885718
2010,63024.6411259782
2011,66824.3284307376
2012,67929.6166986807
2013,68511.5657465184
2014,70740.4557515765
2015,72285.9785949879
2016,74585.4093235145
2017,79067.4533753668
2018,83891.7265520424
2019,87205.3365659748
2020,85594.119384294
2021,90776.102087094
2022,94435.8589692995
2023,98259.7448448085
2024,99042.7252003846
