Year,Value
1960,..
1961,..
1962,..
1963,..
1964,..
1965,..
1966,..
1967,..
1968,..
1969,..
1970,..
1971,..
1972,..
1973,..
1974,..
1975,..
1976,..
1977,..
1978,..
1979,..
1980,..
1981,..
1982,..
1983,..
1984,..
1985,..
1986,..
1987,..
1988,..
1989,..
1990,41.7218279520799
1991,41.8182034476917
1992,41.9945064167248
1993,42.1907629388338
1994,43.0313983424929
1995,44.5563630469682
1996,44.7237864835411
1997,44.9052180459271
1998,45.2394153486893
1999,45.7028959668913
2000,46.1731427915419
2001,46.630508349586
2002,46.9918513059594
2003,47.1644710897984
2004,47.2102508161089
2005,47.2036749650121
2006,47.1603652958495
2007,47.0990863984513
2008,47.0461063454658
2009,47.0206422050805
2010,47.0227971600591
2011,47.044220708187
2012,47.0817065834772
2013,47.1371443482569
2014,47.2057432181166
2015,47.2860689450796
2016,47.3870582475558
2017,47.5093036249274
2018,47.0387272242798
2019,46.4927010150401
2020,47.3170477095769
2021,47.2300323394419
2022,47.4707674788239
2023,47.5557355208761
2024,47.4827518226835
