Year,Value
1960,..
1961,..
1962,..
1963,..
1964,..
1965,..
1966,..
1967,..
1968,..
1969,..
1970,..
1971,..
1972,..
1973,..
1974,..
1975,..
1976,..
1977,..
1978,..
1979,..
1980,..
1981,..
1982,..
1983,..
1984,..
1985,..
1986,..
1987,..
1988,..
1989,..
1990,8.47699682155073
1991,8.14749408677595
1992,7.64934080999783
1993,7.5717920023271
1994,7.41971888590935
1995,7.60718308570866
1996,7.47855131156618
1997,8.10568185456992
1998,7.92093002883455
1999,7.84480121276219
2000,7.46524479625899
2001,7.46319933505424
2002,6.65973919702159
2003,7.24961369741785
2004,8.03465608518296
2005,8.30581386350272
2006,8.27177793195265
2007,8.2171547040907
2008,8.19993551668901
2009,7.68939367428033
2010,7.38565954182714
2011,8.0363659830665
2012,8.27144656382041
2013,8.40446510107614
2014,7.86175087037057
2015,6.92582580947884
2016,6.63916441611632
2017,6.89244440073716
2018,7.76113088656458
2019,7.76715338137788
2020,6.62658442161202
2021,8.39693813812859
2022,9.55801969633203
2023,..
2024,..
