Year,Value
1960,..
1961,..
1962,..
1963,..
1964,..
1965,..
1966,..
1967,..
1968,..
1969,..
1970,..
1971,..
1972,..
1973,..
1974,..
1975,..
1976,..
1977,..
1978,..
1979,..
1980,..
1981,..
1982,..
1983,..
1984,..
1985,..
1986,..
1987,..
1988,..
1989,..
1990,..
1991,2.14092706610014
1992,9.81631534669381
1993,15.6340406885975
1994,25.7967019222973
1995,24.874512151433
1996,32.557548448459
1997,34.1071055823045
1998,43.4720729517261
1999,46.2405973963392
2000,52.5215165154027
2001,58.5883486782445
2002,68.9001749843158
2003,77.2978120347577
2004,88.0464378357149
2005,99.1816622417429
2006,110.889165290886
2007,123.043243495017
2008,141.79715735305
2009,155.325865879093
2010,179.970132483196
2011,192.81517734485
2012,210.13965968052
2013,214.655727127974
2014,236.927268513806
2015,251.602029427037
2016,250.486799121111
2017,246.932714131522
2018,233.542992490568
2019,233.819988694737
2020,228.285239960828
2021,236.114968663259
2022,248.04662184814
2023,258.199507421739
2024,..
