Year,Value
1960,..
1961,..
1962,..
1963,..
1964,..
1965,..
1966,..
1967,..
1968,..
1969,..
1970,..
1971,..
1972,..
1973,..
1974,..
1975,..
1976,..
1977,..
1978,..
1979,..
1980,..
1981,..
1982,..
1983,..
1984,..
1985,..
1986,..
1987,..
1988,..
1989,..
1990,419692327.583828
1991,459918668.832816
1992,530140279.467793
1993,564414576.678305
1994,623159696.649089
1995,700411749.32746
1996,724717058.277744
1997,730475717.882167
1998,748225494.260818
1999,755127828.252177
2000,661981252.640134
2001,623029784.03389
2002,614995816.129944
2003,668048893.431304
2004,738721774.068295
2005,817942284.43673
2006,878058873.663981
2007,934672062.420001
2008,1011994076.21695
2009,1047400863.41169
2010,1163051301.40964
2011,1275243266.72819
2012,1331023520.87781
2013,1424577977.84044
2014,1466625068.55014
2015,1505046895.23646
2016,1603745490.75223
2017,1682669410.83853
2018,1768482075.11046
2019,1829103725.63271
2020,1790742946.55102
2021,1920525664.42788
2022,2106879008.43794
2023,2240672978.6838
2024,2353128856.82257
