Year,Value
1960,..
1961,..
1962,..
1963,..
1964,..
1965,..
1966,..
1967,..
1968,..
1969,..
1970,..
1971,..
1972,..
1973,..
1974,..
1975,..
1976,..
1977,..
1978,..
1979,..
1980,..
1981,..
1982,..
1983,..
1984,..
1985,..
1986,..
1987,..
1988,..
1989,..
1990,..
1991,..
1992,..
1993,..
1994,..
1995,..
1996,..
1997,..
1998,..
1999,..
2000,1.7069127
2001,1.7069127
2002,3.1108213
2003,2.34694
2004,3.7408735
2005,5.8608334
2006,4.9958011
2007,6.146674
2008,7.2934004
2009,6.0908889
2010,7.3808962
2011,7.0958552
2012,9.2341609
2013,9.4464139
2014,12.5327313
2015,14.10889
2016,15.442533
2017,16.222344
2018,16.222344
2019,16.222344
2020,16.222344
2021,16.222344
2022,16.222344
2023,..
2024,..
