Year,Value
1960,..
1961,..
1962,..
1963,..
1964,..
1965,..
1966,..
1967,..
1968,..
1969,..
1970,..
1971,..
1972,..
1973,..
1974,..
1975,..
1976,..
1977,..
1978,..
1979,..
1980,2211.58798966749
1981,2097.67551414204
1982,1992.78025273894
1983,2000.7854676883
1984,1937.46099936846
1985,1815.03273059725
1986,1753.11438313886
1987,1840.38750654081
1988,1804.42269759638
1989,1822.71021603378
1990,1805.7455346015
1991,1856.38271673266
1992,2029.96795439512
1993,2049.29308753255
1994,2151.04597183789
1995,2299.99401501925
1996,2270.47720120585
1997,2186.42335260732
1998,2153.37470167047
1999,2086.02456092051
2000,1747.73099551254
2001,1577.66696008378
2002,1504.85795225232
2003,1573.85522149264
2004,1664.58030147977
2005,1755.72812344484
2006,1796.71896309507
2007,1830.23675931387
2008,1911.19452897184
2009,1930.45659372799
2010,2058.95426620207
2011,2132.01998399541
2012,2105.90758922315
2013,2136.72036781191
2014,2085.15500132222
2015,2045.47889485251
2016,2084.24598380679
2017,2075.36230008714
2018,2061.89784418456
2019,2043.07578936317
2020,1930.64258596415
2021,1933.17055918223
2022,1932.78966817916
2023,1937.16001505132
2024,1939.81288626967
