Year,Value
1960,142.020018367626
1961,142.33786782723
1962,146.386474591271
1963,146.374146037984
1964,153.445377149921
1965,145.634852800585
1966,149.377465901987
1967,136.160320866939
1968,126.359392356155
1969,153.625504737819
1970,160.228174260952
1971,151.814001266268
1972,165.312914085741
1973,200.725792251881
1974,222.204917404145
1975,228.38023883298
1976,196.383549462207
1977,224.311183297528
1978,305.439469244624
1979,345.859320544491
1980,336.322205929053
1981,333.916350972039
1982,379.966675641387
1983,285.864362600006
1984,305.570145315637
1985,235.510529343624
1986,131.473041005587
1987,172.364214833661
1988,268.160979625957
1989,231.275622974338
1990,154.794072467618
1991,183.686515027567
1992,163.197571684381
1993,184.951609154872
1994,218.507275126222
1995,208.351997250955
1996,224.258711163044
1997,199.880001395777
1998,156.51811883387
1999,155.020833269007
2000,143.743743239644
2001,358.315716051546
2002,388.995111216836
2003,413.817607346927
2004,417.749983329227
2005,462.633324427945
2006,580.26796974773
2007,631.889926264998
2008,705.359014080005
2009,652.845806767943
2010,685.039673490948
2011,761.146365577281
2012,937.504428180231
2013,1117.47183075115
2014,1117.7586465721
2015,964.575980888989
2016,844.416411175476
2017,779.186007841728
2018,845.914540460932
2019,844.049555179116
2020,845.982914284565
2021,886.192939104469
2022,860.774590932595
2023,757.848680560444
2024,873.388575182318
