Year,Value
1960,..
1961,..
1962,..
1963,..
1964,..
1965,..
1966,..
1967,..
1968,..
1969,..
1970,..
1971,..
1972,..
1973,..
1974,..
1975,..
1976,..
1977,..
1978,..
1979,..
1980,..
1981,..
1982,..
1983,..
1984,..
1985,..
1986,..
1987,..
1988,..
1989,..
1990,102.304749610365
1991,102.123946673374
1992,101.921326091734
1993,101.717733719928
1994,101.508441954715
1995,101.298234650836
1996,101.091856311709
1997,100.903370506511
1998,100.707609523958
1999,100.446996740649
2000,100.237084327641
2001,100.139355557964
2002,100.082028106234
2003,100.07738261058
2004,99.4118445459892
2005,99.2745544236908
2006,99.1274212513151
2007,98.9762483342479
2008,98.8192292411601
2009,98.6560742543146
2010,98.4848237197823
2011,98.30840160536
2012,98.124831672502
2013,97.9354309446087
2014,97.738200628374
2015,96.1012455081464
2016,94.4408407987237
2017,92.7582196849561
2018,91.0546356149827
2019,91.9584723238017
2020,91.9603782080144
2021,92.4070879160377
2022,91.7246286578315
2023,91.9450637652725
2024,91.6844196996008
