Year,Value
1960,..
1961,..
1962,..
1963,..
1964,..
1965,..
1966,..
1967,..
1968,..
1969,..
1970,1.88685914347433
1971,1.23958336321468
1972,0.816756939777658
1973,1.084327651011
1974,1.61802236304259
1975,1.48670894835826
1976,1.42902674223291
1977,0.730969524629613
1978,2.52494468314721
1979,1.44983707544808
1980,-1.69656234912085
1981,0.673213193937858
1982,0.361585346369889
1983,0.170536730898398
1984,0.538570904449862
1985,-3.61271407759756
1986,-28.6242557290297
1987,5.97017942118192
1988,-2.18830519704127
1989,2.39625372153875
1990,4.99268738009794
1991,0.962133133036039
1992,-0.823461438370001
1993,-0.970637956262182
1994,-0.31520267860552
1995,0.83688052325502
1996,0.0705024171323443
1997,0.211710507869612
1998,0.015599333033395
1999,0.0796552797705399
2000,6.13349349626253
2001,0.584947649727906
2002,0.538476849671278
2003,0.402080514728161
2004,2.73329141184343
2005,3.56470945553037
2006,1.80375615409317
2007,2.6278911435046
2008,1.27696981909264
2009,2.79329478350429
2010,5.59265918271251
2011,19.5505875068329
2012,11.7630516727996
2013,5.72675143806855
2014,4.88007878489105
2015,3.71866092366771
2016,2.27663664378768
2017,7.19540249608134
2018,2.90502880166707
2019,1.86605530240954
2020,0.761888954874602
2021,2.98325232648603
2022,2.03524049526072
2023,3.75870202523941
2024,..
