Year,Value
1960,..
1961,..
1962,..
1963,..
1964,..
1965,..
1966,..
1967,..
1968,..
1969,..
1970,..
1971,..
1972,..
1973,..
1974,..
1975,..
1976,..
1977,..
1978,..
1979,..
1980,..
1981,..
1982,..
1983,..
1984,..
1985,..
1986,..
1987,..
1988,..
1989,..
1990,..
1991,..
1992,..
1993,..
1994,..
1995,..
1996,..
1997,..
1998,..
1999,..
2000,..
2001,..
2002,..
2003,..
2004,..
2005,..
2006,..
2007,..
2008,..
2009,..
2010,..
2011,..
2012,..
2013,..
2014,6.94398697553635
2015,5.59864470241097
2016,3.9994859127966
2017,11.3981316069319
2018,-1.79130575049709
2019,-0.732868263175234
2020,-6.61422943681134
2021,0.508568892125112
2022,-0.620078096151659
2023,3.50521967590036
2024,2.36003340079269
