Year,Value
1960,10651840.3721554
1961,10040062.1857702
1962,10473692.6687921
1963,10489988.2265756
1964,9594693.00914772
1965,8790184.17639354
1966,9341376.50272621
1967,9640146.05564424
1968,9580546.15288283
1969,9173481.79199742
1970,9343719.90940069
1971,9296726.454658
1972,10404327.9787194
1973,8900428.23997113
1974,8737917.92150672
1975,9773177.33360909
1976,9354668.25715063
1977,10350815.435937
1978,10198627.7986248
1979,8562201.11986975
1980,8000627.91436034
1981,8435448.64956767
1982,8638549.73345149
1983,7398710.46653619
1984,7367014.69314267
1985,7749735.08400576
1986,7277368.19453712
1987,7730506.42319
1988,7986723.81453828
1989,8431299.13599639
1990,8666475.74185559
1991,9274491.45607437
1992,8903630.72920434
1993,9000779.26067184
1994,7030943.27954431
1995,7052370.12803441
1996,7348007.54648178
1997,7178151.63277224
1998,7340516.38699225
1999,7565428.79591461
2000,7785541.293289
2001,8012950.43288221
2002,8306868.21691004
2003,8616705.83184672
2004,8895574.37583685
2005,9202935.85478081
2006,9504082.46637776
2007,9829480.02444442
2008,10181319.0092227
2009,10592149.2146744
2010,11024214.0919962
2011,11679276.125308
2012,12348798.2602101
2013,13267283.9639308
2014,13949109.0483363
2015,14886795.0225984
2016,15332426.7964365
2017,16922047.481016
2018,16670805.439461
2019,16523078.2463208
2020,15469775.6587322
2021,15430003.7494114
2022,15378471.0038262
2023,15540877.2242078
2024,15605240.3272192
