Year,Value
1960,..
1961,..
1962,..
1963,..
1964,..
1965,..
1966,..
1967,..
1968,..
1969,..
1970,..
1971,..
1972,..
1973,..
1974,..
1975,..
1976,..
1977,..
1978,..
1979,..
1980,..
1981,..
1982,..
1983,..
1984,..
1985,..
1986,..
1987,..
1988,..
1989,..
1990,..
1991,..
1992,..
1993,..
1994,..
1995,..
1996,85.5841901503822
1997,17.8992911381943
1998,24.5816708667068
1999,28.8693543195707
2000,79.2183508682465
2001,84.1527429423523
2002,19.1017136778035
2003,12.5286894504112
2004,8.12865616706782
2005,13.8856609004848
2006,13.839225499575
2007,8.8316860769138
2008,9.49838537981331
2009,8.4369259125118
2010,4.95030895713286
2011,11.0023151879629
2012,6.04404445896019
2013,7.8010852139731
2014,2.90940668005459
2015,2.16912087992016
2016,1.54382768559221
2017,2.99735460836095
2018,1.99999940277962
2019,2.34783114136296
2020,2.6493593974983
2021,5.68404945078089
2022,10.5159219499465
2023,13.8402321392915
2024,5.22725741950208
