Year,Value
1960,166.386501976834
1961,169.340339882144
1962,178.96703512148
1963,199.421725424038
1964,192.639806466857
1965,206.965603434965
1966,218.701085743602
1967,212.719952919725
1968,221.786129769164
1969,244.673515704877
1970,266.247040585145
1971,266.095785544724
1972,292.314429819697
1973,363.998291596035
1974,450.959330117409
1975,482.722888500215
1976,507.569043194217
1977,541.220444562689
1978,588.952443353987
1979,674.239882730388
1980,821.444311148079
1981,1082.58517377706
1982,974.890313541451
1983,845.130816883473
1984,732.392041389862
1985,674.673263004149
1986,611.741944214041
1987,666.961949126186
1988,683.322325212995
1989,675.904495703438
1990,773.516085193137
1991,806.11003733785
1992,710.028996404005
1993,702.484093241279
1994,704.667117633337
1995,876.232032557533
1996,953.591975432656
1997,978.629951570099
1998,956.928687202163
1999,661.576808032893
2000,683.515512661206
2001,637.230082799048
2002,677.351822537756
2003,832.670111268712
2004,1009.77273303461
2005,1168.39654857821
2006,1340.6565953901
2007,1506.87442438895
2008,1656.33584174675
2009,1531.05462165099
2010,1772.02278164044
2011,1940.73922734818
2012,1951.19290324587
2013,2014.04142955922
2014,2035.87326175074
2015,1747.88416619556
2016,1536.05359120559
2017,1630.62595897119
2018,1708.80108637029
2019,1705.21463047615
2020,1544.44112077349
2021,1700.42199943914
2022,1772.65535427221
2023,1614.13902501696
2024,1506.22853698028
