Year,Value
1960,..
1961,..
1962,..
1963,..
1964,..
1965,..
1966,..
1967,..
1968,..
1969,..
1970,..
1971,..
1972,..
1973,..
1974,..
1975,..
1976,..
1977,..
1978,..
1979,..
1980,..
1981,..
1982,..
1983,..
1984,..
1985,..
1986,..
1987,..
1988,..
1989,..
1990,0.54077198199941
1991,0.539644585246652
1992,0.491739486408081
1993,0.496983150915775
1994,0.454306446037451
1995,0.731523594985082
1996,0.695435587207989
1997,0.662567803492547
1998,0.652056122440449
1999,0.574522849252484
2000,0.571589261954673
2001,0.567252118089532
2002,0.539228277720109
2003,0.534455389570993
2004,0.487525607765338
2005,0.483301342884696
2006,..
2007,0.472980071219826
2008,0.463535711982535
2009,0.45806939369531
2010,0.494549197257875
2011,0.535890564802543
2012,0.522724833536788
2013,0.504829579287756
2014,0.49287470456367
2015,0.487883007594267
2016,0.443023522950902
2017,0.431405749422765
2018,0.432969973409821
2019,0.447387819244029
2020,0.38688999607712
2021,..
2022,..
2023,..
2024,..
