Year,Value
1960,..
1961,..
1962,..
1963,..
1964,..
1965,..
1966,..
1967,..
1968,..
1969,..
1970,..
1971,699.894466300171
1972,697.447102236514
1973,708.582467387389
1974,707.465287546317
1975,707.736588793948
1976,710.092678504281
1977,708.811741956399
1978,714.546848753244
1979,712.022713336785
1980,718.116022466855
1981,733.005337343206
1982,746.424738852768
1983,738.018503295587
1984,745.595570749452
1985,738.001049077957
1986,738.862379120883
1987,742.085090682379
1988,745.157677953896
1989,724.478982126806
1990,553.197866887995
1991,557.44114792972
1992,541.608387263764
1993,543.397002479861
1994,542.062314730106
1995,549.778346008426
1996,553.495277851803
1997,555.312934828014
1998,544.991064054125
1999,540.691693996267
2000,513.611356061243
2001,505.110424434463
2002,494.857614158543
2003,512.663236411762
2004,523.301352433843
2005,517.187242895339
2006,515.397703519923
2007,520.628156083394
2008,536.853079447527
2009,532.52022708948
2010,528.881334156532
2011,543.948574849814
2012,526.066145738577
2013,528.609794038032
2014,532.591645657912
2015,516.452779978908
2016,518.103320719147
2017,506.754666455646
2018,494.901906285625
2019,503.89306774434
2020,487.155952379898
2021,499.000012936528
2022,495.664582292213
2023,..
2024,..
