Year,Value
1960,..
1961,..
1962,..
1963,..
1964,..
1965,..
1966,..
1967,..
1968,..
1969,..
1970,..
1971,..
1972,..
1973,..
1974,..
1975,..
1976,..
1977,..
1978,..
1979,..
1980,..
1981,..
1982,..
1983,..
1984,..
1985,..
1986,..
1987,..
1988,..
1989,..
1990,91.478905768836
1991,91.4541536251219
1992,91.3427901433898
1993,91.1441946128463
1994,91.0532638143434
1995,90.9878151582497
1996,90.8249158249158
1997,90.7600729098951
1998,91.0168625447113
1999,91.3220017676218
2000,91.4247615140014
2001,91.3808132082244
2002,91.1394834137168
2003,90.9049120880524
2004,91.0745344792306
2005,91.5862636021429
2006,92.1950274459154
2007,92.865679397246
2008,93.5196917249037
2009,94.0660061675743
2010,94.8960177575773
2011,95.7518426864639
2012,96.115662779216
2013,96.1920021363242
2014,95.3336339044184
2015,94.4836577207722
2016,93.6012235454058
2017,91.9516376432374
2018,92.1215328420047
2019,93.8437966527854
2020,93.8439570028956
2021,94.1927990708478
2022,93.5949546336602
2023,93.5582862313614
2024,..
