Year,Value
1960,..
1961,..
1962,..
1963,..
1964,..
1965,..
1966,..
1967,..
1968,..
1969,..
1970,..
1971,..
1972,..
1973,..
1974,..
1975,..
1976,..
1977,..
1978,..
1979,..
1980,..
1981,..
1982,..
1983,..
1984,..
1985,..
1986,..
1987,..
1988,..
1989,..
1990,50.2529620486782
1991,50.2899887690445
1992,50.3699786459997
1993,50.4929459455146
1994,50.5148034036556
1995,50.4699187546679
1996,50.4546597938431
1997,50.4420122886134
1998,50.5558653730099
1999,50.6218135341392
2000,50.5138267289536
2001,50.3680954751057
2002,50.1793557133591
2003,49.9922068929852
2004,49.8994262456284
2005,49.8876384841916
2006,49.9044951246918
2007,49.9417286437501
2008,49.9859389546056
2009,50.0172812013643
2010,50.1160124421398
2011,50.2305475833708
2012,50.2481354703091
2013,50.2118716059327
2014,50.0451532784096
2015,49.9668480431342
2016,49.9305724434062
2017,49.7845013731118
2018,49.9460870648051
2019,50.3157357859109
2020,50.2406665759049
2021,50.2990294978497
2022,50.1108638685727
2023,50.0595520788036
2024,..
