Year,Value
1960,..
1961,..
1962,..
1963,..
1964,..
1965,..
1966,..
1967,..
1968,..
1969,..
1970,..
1971,..
1972,..
1973,..
1974,..
1975,..
1976,..
1977,..
1978,..
1979,..
1980,..
1981,..
1982,..
1983,..
1984,..
1985,..
1986,..
1987,..
1988,..
1989,..
1990,12891.8004890232
1991,12694.3689542811
1992,12470.7007510186
1993,12432.7089814821
1994,12688.7485934889
1995,13081.5254378269
1996,13420.9698612676
1997,14012.8767299227
1998,14279.5777453738
1999,14635.5832925098
2000,15448.6614060288
2001,15661.5848530442
2002,16029.3009864906
2003,16655.9582817246
2004,17237.7517148348
2005,17841.8976656181
2006,18854.3939726412
2007,19504.8214856736
2008,19549.7355494742
2009,18623.1161054155
2010,18960.3146281925
2011,19338.8407457484
2012,19611.5996465487
2013,19698.0078376558
2014,19956.6724181263
2015,20189.6691788652
2016,20307.1821459768
2017,20725.9549116662
2018,21162.1843213393
2019,21667.3461788175
2020,20103.2490689357
2021,21203.1726661984
2022,22471.72209348
2023,23274.3952397084
2024,24600.6954077085
