Year,Value
1960,..
1961,..
1962,..
1963,..
1964,..
1965,..
1966,..
1967,..
1968,..
1969,..
1970,..
1971,..
1972,..
1973,..
1974,..
1975,..
1976,..
1977,..
1978,..
1979,..
1980,..
1981,..
1982,..
1983,..
1984,..
1985,..
1986,..
1987,..
1988,..
1989,..
1990,45.8546395804499
1991,45.7176417059194
1992,45.6818603168735
1993,45.7447997959645
1994,45.9349308681983
1995,46.0546139295179
1996,46.3090569179307
1997,46.4598074312248
1998,46.3940798430583
1999,46.2935301063048
2000,46.4160920939173
2001,46.4048298900075
2002,46.6277643354672
2003,47.4310600273797
2004,47.6111118185674
2005,48.0300835526539
2006,48.5192341338537
2007,48.5311333266502
2008,48.9191034513308
2009,48.9504377766167
2010,49.2496912995787
2011,49.2726707859467
2012,49.6010722679126
2013,49.6615540821418
2014,49.7574070398269
2015,50.0062376215966
2016,50.0031258516168
2017,50.2177250473984
2018,50.3948177290831
2019,50.729275454897
2020,49.4977600676714
2021,49.6642450270083
2022,50.0283757762848
2023,50.3723009220631
2024,50.3040655529071
