Year,Value
1960,..
1961,..
1962,..
1963,..
1964,..
1965,..
1966,..
1967,..
1968,..
1969,..
1970,9.66948957774883
1971,9.61992114448236
1972,9.70014501953826
1973,9.90432936294624
1974,9.96235731528953
1975,10.161180222848
1976,10.2634989363206
1977,10.5755581911872
1978,11.7422151785486
1979,11.8814984410727
1980,12.5982390912112
1981,12.1271384869336
1982,11.6862004087358
1983,11.5581569494406
1984,11.9074985318202
1985,11.7805759576951
1986,11.1649227411406
1987,11.4537684478177
1988,11.593807636314
1989,11.455395074472
1990,11.4404530355317
1991,9.929526818615
1992,9.27303518028975
1993,9.04442092988101
1994,8.49055174473859
1995,8.532974362733
1996,8.55704651148508
1997,8.46253713574094
1998,8.2850324532939
1999,8.13241982053439
2000,7.73497231253433
2001,7.8025539579246
2002,7.79389731503882
2003,7.88543659905304
2004,7.78163089042269
2005,7.8581084338224
2006,7.85743080192382
2007,7.68965705867315
2008,7.64846958664925
2009,6.90939375902968
2010,7.40000608373143
2011,7.01774827429838
2012,6.67537173289563
2013,6.71868826076363
2014,6.27163708149393
2015,6.36299156255917
2016,6.52701499853244
2017,6.93460032592837
2018,6.83162556310886
2019,6.37685416252991
2020,5.97512982184634
2021,6.7223681981008
2022,6.54551238716348
2023,6.42404095276354
2024,..
