Year,Value
1960,..
1961,..
1962,..
1963,..
1964,..
1965,..
1966,..
1967,..
1968,..
1969,..
1970,..
1971,..
1972,..
1973,..
1974,..
1975,..
1976,..
1977,..
1978,..
1979,..
1980,..
1981,..
1982,..
1983,..
1984,..
1985,..
1986,..
1987,..
1988,..
1989,..
1990,0.815927039145682
1991,0.773324609029654
1992,0.68202847703186
1993,2.21313382493165
1994,2.58860214935909
1995,1.61921179817023
1996,1.89246857225903
1997,2.01156819972366
1998,1.88161729292006
1999,2.24049615625025
2000,2.328173374613
2001,2.05369299935774
2002,1.77935988433396
2003,1.97497485312302
2004,2.21631124916877
2005,2.39850830516322
2006,2.62159519987084
2007,3.36772344090223
2008,3.44944469142207
2009,4.75179217991587
2010,8.68144717830111
2011,9.04858028610319
2012,10.0658766589202
2013,9.9202326018953
2014,9.30042320547418
2015,11.5617865146253
2016,11.6659658658974
2017,11.0969850590513
2018,10.548550377582
2019,11.2890533107798
2020,11.2831615715481
2021,11.4093131563758
2022,11.3099612078541
2023,11.8235289269594
2024,..
