Year,Value
1960,..
1961,..
1962,..
1963,..
1964,..
1965,..
1966,..
1967,..
1968,..
1969,..
1970,..
1971,..
1972,..
1973,..
1974,..
1975,..
1976,..
1977,..
1978,..
1979,..
1980,..
1981,..
1982,..
1983,..
1984,..
1985,..
1986,..
1987,..
1988,..
1989,..
1990,..
1991,..
1992,..
1993,..
1994,..
1995,..
1996,..
1997,..
1998,..
1999,..
2000,0.321818877344222
2001,0.326767682457622
2002,0.332019199941691
2003,0.554095674987677
2004,0.564820364497387
2005,0.576917324832495
2006,0.589833673076335
2007,0.362511437991331
2008,0.366972746083228
2009,0.371480440564014
2010,0.376173680600356
2011,0.380451432395202
2012,0.385090555578937
2013,0.219298952466015
2014,0.216869157228098
2015,0.214831159073514
2016,0.212143315799508
2017,0.255237023031568
2018,0.25177958117142
2019,0.250404090249359
2020,0.248838125160632
2021,0.249225163520682
2022,0.249225163520682
2023,..
2024,..
