Year,Value
1960,..
1961,..
1962,..
1963,..
1964,..
1965,..
1966,..
1967,..
1968,..
1969,..
1970,..
1971,..
1972,..
1973,..
1974,..
1975,..
1976,..
1977,..
1978,..
1979,..
1980,..
1981,..
1982,..
1983,..
1984,..
1985,..
1986,..
1987,..
1988,..
1989,..
1990,78.8687089383525
1991,78.9571326470096
1992,79.1179117911791
1993,79.3223869623821
1994,79.5579345669328
1995,79.5971289650382
1996,79.5580110497238
1997,81.3588528524832
1998,80.3214726883794
1999,80.1919827983413
2000,80.0842190316365
2001,78.8152966382539
2002,79.608792960726
2003,79.5762203780253
2004,80.3797179498882
2005,79.7099261987051
2006,80.5616106569785
2007,80.1683844678811
2008,81.056736088021
2009,81.1051666388809
2010,80.7837891248499
2011,81.5931796574243
2012,82.360256268988
2013,81.7627887204195
2014,82.9349542153457
2015,82.8867254392085
2016,84.4509625980424
2017,84.0579027522648
2018,83.5820198845514
2019,84.1668768920283
2020,84.9353848122321
2021,84.4753764239331
2022,83.8821679356034
2023,83.883604682138
2024,83.9409270729901
