Year,Value
1960,28.4279417832959
1961,29.1562613865411
1962,29.813795940612
1963,30.4147244997025
1964,30.8263222099904
1965,30.9656838423794
1966,31.0956313232153
1967,31.1352853506051
1968,29.9594626647762
1969,29.0978894242762
1970,28.2140809133451
1971,27.5098637272959
1972,27.8267170595228
1973,27.4375927072559
1974,26.9377050984604
1975,26.2420559094876
1976,26.5710915667725
1977,26.4845061704551
1978,24.3951483112062
1979,24.886974486102
1980,25.3657904273313
1981,23.8631572126502
1982,23.6936335817163
1983,24.0588681374662
1984,24.4555492581648
1985,25.6539663466813
1986,24.5205201230172
1987,25.5345228914698
1988,26.6545664438865
1989,29.1608240740427
1990,28.8037000269288
1991,25.8435270063699
1992,22.7491917725996
1993,19.2064367654975
1994,19.2509953747517
1995,19.5443178048135
1996,20.0246905634955
1997,19.7077551283472
1998,20.5617249697592
1999,21.1534295590866
2000,21.7430743236231
2001,22.1802228442282
2002,21.6665943265086
2003,21.0986950211055
2004,21.3468228403478
2005,21.5093840713515
2006,22.5572683875678
2007,23.5094354091948
2008,23.9950658762713
2009,22.0661456113155
2010,22.0464075915429
2011,22.4063419828413
2012,22.2573588164033
2013,21.9653434407518
2014,22.6928339122982
2015,23.2389238954616
2016,23.8501230599546
2017,24.5654123027153
2018,24.5884538803337
2019,23.8249842106089
2020,24.5218561005446
2021,25.0511631004985
2022,25.5495667589793
2023,25.0107249623842
2024,24.3910084260527
