Year,Value
1960,..
1961,..
1962,..
1963,..
1964,..
1965,..
1966,..
1967,..
1968,..
1969,..
1970,..
1971,..
1972,..
1973,..
1974,..
1975,..
1976,..
1977,..
1978,..
1979,..
1980,..
1981,..
1982,..
1983,..
1984,..
1985,..
1986,..
1987,..
1988,..
1989,..
1990,0.229357409455436
1991,0.222268921574685
1992,0.180268356199387
1993,0.15707220958886
1994,0.273054794859963
1995,0.252986179108558
1996,0.195089875499639
1997,0.1927373506782
1998,0.191453815598739
1999,0.199653170573855
2000,0.170183511706586
2001,0.17063319534385
2002,0.159090110080898
2003,0.142104372787746
2004,0.135686458522747
2005,0.127569320836768
2006,0.121366672008235
2007,0.120159712863989
2008,0.116974474124057
2009,0.119299881995552
2010,0.0936847299471408
2011,0.0877360720558898
2012,0.08238972581276
2013,0.0941858331836308
2014,0.0947922210699003
2015,0.0965126354053195
2016,0.101244514886118
2017,0.0988380071869858
2018,0.0985939332804441
2019,0.098273331665718
2020,0.0995493309009857
2021,0.10380954784202
2022,0.111461030266049
2023,0.110744875795562
2024,..
