Year,Value
1960,..
1961,..
1962,..
1963,..
1964,..
1965,..
1966,..
1967,..
1968,..
1969,..
1970,..
1971,..
1972,..
1973,..
1974,..
1975,..
1976,..
1977,..
1978,..
1979,..
1980,..
1981,..
1982,..
1983,..
1984,..
1985,..
1986,..
1987,..
1988,..
1989,..
1990,8854.02422411164
1991,8870.85746485189
1992,10523.8818152603
1993,11613.2972489613
1994,11705.2454478855
1995,11496.3119140865
1996,11091.2058112424
1997,13790.8872984323
1998,15555.6218340058
1999,14892.2319326492
2000,17454.5683500555
2001,18418.5989148313
2002,16592.470330086
2003,16648.0893785667
2004,16504.1364958583
2005,16034.9984575938
2006,19668.3865074094
2007,18934.9901433627
2008,17683.9677295273
2009,17317.4380779689
2010,19407.3770430911
2011,21424.5664186882
2012,23976.2983605525
2013,23530.5921167719
2014,23770.2033171909
2015,25450.0039006153
2016,27803.3635750899
2017,29493.4036380254
2018,31273.6920760845
2019,32956.9092781935
2020,29043.1834786625
2021,28723.1996162742
2022,27099.734832153
2023,28176.9649594878
2024,28579.2885691762
