Year,Value
1960,..
1961,..
1962,..
1963,..
1964,..
1965,..
1966,..
1967,..
1968,..
1969,..
1970,1.53880848747985
1971,1.41945344162054
1972,1.08888091288911
1973,1.15597066158161
1974,1.25044091456774
1975,1.25759563823655
1976,1.28771362632615
1977,1.44203814759277
1978,1.34484356892568
1979,1.69768165790766
1980,1.38885130697136
1981,1.44982099648496
1982,1.67002936863202
1983,1.92834701867082
1984,2.338392130607
1985,1.92938695554762
1986,2.1859540540966
1987,2.73076055448029
1988,2.270464441274
1989,2.53732511395223
1990,2.81541896445006
1991,2.8612078646185
1992,2.51633898855641
1993,2.43600583445484
1994,2.39612586680141
1995,2.33262197618062
1996,2.28201970177365
1997,2.16320493138371
1998,2.15103188355321
1999,2.19117788549427
2000,2.20989031588562
2001,2.19230361105303
2002,2.10039802176576
2003,1.96581666135511
2004,1.92085673130903
2005,2.2142758377989
2006,2.20680358359214
2007,2.20546779511394
2008,2.16475268566493
2009,1.91300679137896
2010,1.82681964257153
2011,1.66210081940879
2012,1.77423358137093
2013,1.62794151130391
2014,1.57026693609292
2015,1.55522638513705
2016,1.59974038433941
2017,1.75228529918028
2018,1.84660002712794
2019,1.72387266483979
2020,1.63951920692372
2021,1.5971557181339
2022,1.58088696059959
2023,1.61931230204709
2024,..
