Year,Value
1960,..
1961,..
1962,..
1963,..
1964,..
1965,..
1966,..
1967,..
1968,..
1969,..
1970,..
1971,..
1972,..
1973,..
1974,..
1975,..
1976,..
1977,..
1978,..
1979,..
1980,..
1981,..
1982,..
1983,..
1984,..
1985,..
1986,..
1987,..
1988,..
1989,..
1990,..
1991,..
1992,..
1993,..
1994,..
1995,..
1996,..
1997,..
1998,..
1999,..
2000,..
2001,..
2002,..
2003,..
2004,..
2005,..
2006,..
2007,859911099.875289
2008,931042027.025794
2009,749021013.30758
2010,756398307.427911
2011,791347683.127509
2012,770245957.00511
2013,778494370.726366
2014,846311318.210853
2015,942070000
2016,1010381250.54751
2017,985220508.258304
2018,1883121305.86142
2019,1976932863.411
2020,1308391552.57635
2021,1696059833.66285
2022,1934985875.65397
2023,2200681652.22351
2024,2324730229.60518
