Year,Value
1960,19.0173130823416
1961,18.9718986470958
1962,14.5553656120494
1963,17.4152182949285
1964,15.5226970922599
1965,15.8094655850299
1966,18.7282402108715
1967,22.10989881135
1968,21.7632181604643
1969,23.1576948610451
1970,20.9342755335505
1971,21.779012755265
1972,21.0925232773103
1973,17.1735724691385
1974,20.173751355449
1975,17.7072020472842
1976,15.1613695056392
1977,13.1329457943637
1978,13.0242232313607
1979,..
1980,..
1981,..
1982,1.0006911422615
1983,0.496216155897211
1984,-1.20482702816833
1985,-9.23924425257414
1986,-11.0547699985721
1987,-7.97663687539647
1988,-3.34009490251195
1989,-4.89365513143349
1990,-7.67309948487492
1991,-1.6300958582976
1992,-2.26806580136497
1993,-2.60178158765927
1994,-2.11409647292572
1995,1.6998964470219
1996,9.16041451205769
1997,7.06959227854306
1998,4.11986709166209
1999,-0.180125626456545
2000,5.48292306966756
2001,5.26004396184837
2002,-40.8147536268974
2003,18.5218283609068
2004,24.5329971059108
2005,30.7170482269363
2006,30.1739970671045
2007,30.2008204308899
2008,29.6218838943459
2009,20.6127335263525
2010,26.9999859235859
2011,32.7512014420444
2012,37.3376807073062
2013,32.674814192776
2014,34.9460421008845
2015,30.1977007150821
2016,19.6165467905569
2017,21.6178220409688
2018,26.8773856710325
2019,27.5501823078016
2020,24.7183213543146
2021,28.568747329924
2022,33.4538322885105
2023,27.6236188845753
2024,29.9596707204519
