Year,Value
1960,..
1961,..
1962,..
1963,..
1964,..
1965,..
1966,..
1967,..
1968,..
1969,..
1970,..
1971,..
1972,..
1973,..
1974,..
1975,..
1976,..
1977,..
1978,..
1979,..
1980,..
1981,..
1982,..
1983,..
1984,..
1985,..
1986,..
1987,..
1988,..
1989,..
1990,..
1991,..
1992,..
1993,..
1994,..
1995,..
1996,..
1997,..
1998,..
1999,..
2000,1.60188501409226
2001,1.71999835328204
2002,1.84865428808034
2003,9.98329308824321
2004,8.10787670903652
2005,7.38259031315606
2006,8.21268581130384
2007,4.25574912301794
2008,3.75367613345906
2009,5.76569384833594
2010,4.27459588964567
2011,8.69703243790327
2012,7.01910880427035
2013,4.94431362400578
2014,7.54045453573536
2015,13.5350405887043
2016,17.3912432033355
2017,14.236924596406
2018,13.4146770777481
2019,13.4032757059092
2020,14.8172834041591
2021,9.64992624490701
2022,17.5017334249813
2023,..
2024,..
