Year,Value
1960,..
1961,..
1962,..
1963,..
1964,..
1965,..
1966,..
1967,..
1968,..
1969,..
1970,..
1971,133.143418207199
1972,144.089760646942
1973,156.315670938237
1974,155.165553489216
1975,175.382608201416
1976,180.700086355201
1977,195.247576612736
1978,216.861794688211
1979,234.726326309535
1980,247.848150913702
1981,250.63321170985
1982,262.702484631585
1983,278.438540262584
1984,294.308596622887
1985,317.743775626395
1986,340.177623670764
1987,370.051554645269
1988,401.406329619635
1989,426.750445943011
1990,450.857651129535
1991,484.034766924078
1992,530.695209536447
1993,580.216573997615
1994,638.538213858682
1995,677.74534804942
1996,726.704582427851
1997,759.845295200753
1998,772.896620529522
1999,808.280297057196
2000,873.013373241983
2001,938.619980738406
2002,1029.43032445005
2003,1168.49181414079
2004,1325.7411073023
2005,1470.51726773121
2006,1659.13375785196
2007,1870.10475668804
2008,1958.30986042622
2009,2087.62198156846
2010,2337.06000178219
2011,2584.88951508657
2012,2720.21396028524
2013,2930.75787532752
2014,3111.01782940963
2015,3134.77030535399
2016,3309.31879979632
2017,3547.14531855684
2018,3754.4956300581
2019,3930.9214962925
2020,4037.03832737806
2021,4446.16078360362
2022,4669.96737332248
2023,..
2024,..
