Year,Value
1960,..
1961,..
1962,..
1963,..
1964,..
1965,..
1966,..
1967,..
1968,..
1969,..
1970,..
1971,432.140021387959
1972,441.553743707474
1973,448.806853068416
1974,450.261747283857
1975,483.522097195456
1976,491.412167081889
1977,524.819202380143
1978,557.550193682401
1979,561.725635337544
1980,554.860550322715
1981,546.206479064167
1982,552.967111783898
1983,564.169704694765
1984,584.831750567571
1985,592.75313227992
1986,607.567462688328
1987,626.662355024636
1988,648.627586975737
1989,655.917146148702
1990,691.589918119229
1991,674.566414285034
1992,690.58244641107
1993,722.578354401199
1994,744.905411909514
1995,789.155068238858
1996,806.481967479027
1997,805.032616305561
1998,794.650108321155
1999,804.859598146837
2000,821.729218697574
2001,838.73057024362
2002,882.33412725248
2003,977.254155912227
2004,1088.69210861247
2005,1176.23132175816
2006,1259.73048524597
2007,1334.57277234851
2008,1363.07041634024
2009,1432.93153629505
2010,1560.72953988876
2011,1648.62651890659
2012,1691.21368736968
2013,1732.4906109849
2014,1766.41512499443
2015,1758.26106683647
2016,1749.72167075636
2017,1799.36299705497
2018,1881.48917887623
2019,1955.09887190568
2020,1986.19033114278
2021,2094.20667261038
2022,2150.31706751494
2023,..
2024,..
