Year,Value
1960,..
1961,..
1962,..
1963,..
1964,..
1965,..
1966,..
1967,..
1968,..
1969,..
1970,..
1971,..
1972,..
1973,..
1974,..
1975,..
1976,..
1977,..
1978,..
1979,..
1980,..
1981,..
1982,..
1983,..
1984,..
1985,..
1986,..
1987,..
1988,..
1989,..
1990,1484.28456067493
1991,1627.96915978412
1992,1810.03382855988
1993,2017.78510275851
1994,2241.4355095903
1995,2475.44839508812
1996,2707.98361229926
1997,2903.97713230498
1998,2927.81121685311
1999,3109.61233036623
2000,3381.22251945189
2001,3646.29012278209
2002,3953.088561197
2003,4339.05913395028
2004,4804.75690927641
2005,5380.53064056509
2006,6072.82281542659
2007,6911.02423644897
2008,7563.71712343316
2009,8113.94909472994
2010,8929.28891202097
2011,9782.78916603239
2012,10642.0487865323
2013,11304.5974560022
2014,11887.1463913694
2015,12284.0733294489
2016,12885.9900912653
2017,13640.3010629058
2018,14752.3755924652
2019,15858.9664236433
2020,16193.227520365
2021,18167.7024067235
2022,20149.1118362942
2023,21909.4340920949
2024,23509.2673637306
