Year,Value
1960,..
1961,..
1962,..
1963,..
1964,..
1965,..
1966,..
1967,..
1968,..
1969,..
1970,..
1971,..
1972,..
1973,..
1974,..
1975,..
1976,..
1977,..
1978,..
1979,..
1980,..
1981,..
1982,..
1983,..
1984,..
1985,..
1986,..
1987,..
1988,..
1989,..
1990,3889.58752837843
1991,3779.57383419258
1992,3430.45836175353
1993,3213.36560126689
1994,2853.3100386849
1995,2794.26963759874
1996,2758.76089441801
1997,2658.98098860978
1998,2590.09084129581
1999,2598.95227715769
2000,2627.7743387218
2001,2633.31839466852
2002,2657.3037137745
2003,2761.42321275279
2004,2803.061192008
2005,2812.87197543189
2006,2910.70506719683
2007,2947.80070266362
2008,2989.71102553763
2009,2770.35930451896
2010,2969.28126233707
2011,3051.86030119927
2012,3030.43086860258
2013,2945.24160679861
2014,2868.27504934154
2015,2801.41928469817
2016,2878.12491542425
2017,2937.52061038685
2018,3050.20841702827
2019,2967.12813249394
2020,2925.75882430191
2021,3228.29161885448
2022,3140.87662632217
2023,..
2024,..
