Year,Value
1960,..
1961,..
1962,..
1963,..
1964,..
1965,..
1966,..
1967,..
1968,..
1969,..
1970,..
1971,..
1972,..
1973,..
1974,..
1975,..
1976,..
1977,..
1978,..
1979,..
1980,..
1981,..
1982,..
1983,..
1984,..
1985,..
1986,..
1987,..
1988,..
1989,..
1990,..
1991,..
1992,2.27332088963482
1993,1.90508483317716
1994,1.9112803064056
1995,2.45088944889346
1996,2.36545290809216
1997,2.48120201688621
1998,2.4144569540702
1999,2.22427372808251
2000,2.13678002446439
2001,2.00001227903122
2002,1.9117640568581
2003,1.85970191434638
2004,1.7943022185465
2005,1.79293308204073
2006,1.67141234388211
2007,1.66931178933065
2008,1.65552878359247
2009,1.64267356032964
2010,1.59608338402765
2011,1.51226357392753
2012,1.5281658933673
2013,1.42372409953966
2014,1.47708550920433
2015,1.54219446130102
2016,1.53086008651812
2017,1.52337962901385
2018,1.52345568299335
2019,1.52830046426471
2020,1.55733295558564
2021,..
2022,..
2023,..
2024,..
