Year,Value
1960,..
1961,..
1962,..
1963,..
1964,..
1965,..
1966,..
1967,..
1968,..
1969,..
1970,..
1971,..
1972,..
1973,..
1974,..
1975,..
1976,..
1977,..
1978,..
1979,..
1980,..
1981,..
1982,..
1983,..
1984,..
1985,..
1986,..
1987,..
1988,..
1989,..
1990,..
1991,..
1992,..
1993,..
1994,..
1995,18.2266137909403
1996,18.1577695481878
1997,18.5310211335783
1998,15.9231557568615
1999,15.3700695014123
2000,16.4758561740896
2001,17.6328246271384
2002,16.4702820229499
2003,17.1296371679106
2004,17.660240954426
2005,16.4296599086231
2006,17.0048952847868
2007,..
2008,..
2009,..
2010,..
2011,..
2012,..
2013,..
2014,..
2015,..
2016,..
2017,..
2018,..
2019,..
2020,..
2021,..
2022,..
2023,..
2024,..
