Year,Value
1960,..
1961,..
1962,..
1963,..
1964,..
1965,..
1966,..
1967,..
1968,..
1969,..
1970,..
1971,..
1972,..
1973,..
1974,..
1975,..
1976,..
1977,..
1978,..
1979,..
1980,..
1981,..
1982,..
1983,..
1984,..
1985,..
1986,..
1987,..
1988,..
1989,..
1990,..
1991,..
1992,..
1993,..
1994,..
1995,..
1996,..
1997,..
1998,..
1999,..
2000,..
2001,..
2002,..
2003,..
2004,..
2005,..
2006,..
2007,..
2008,..
2009,..
2010,73.1240674707065
2011,73.6042812213872
2012,73.4515949507083
2013,73.7721821494181
2014,74.3494842176629
2015,74.6890567597718
2016,74.9083444456437
2017,73.1959273495036
2018,73.2448744923905
2019,72.7214900556675
2020,71.6006398685439
2021,72.178545673532
2022,79.430048032897
2023,79.4879189123363
2024,..
