Year,Value
1960,..
1961,..
1962,..
1963,..
1964,..
1965,..
1966,..
1967,..
1968,..
1969,..
1970,..
1971,370.608781828558
1972,378.80378802839
1973,400.725052748183
1974,398.989024348701
1975,423.558814904883
1976,449.560063531793
1977,468.077424377113
1978,475.900783795447
1979,492.262989352445
1980,481.971815917197
1981,477.492876942356
1982,473.489046970563
1983,426.657645391396
1984,462.253423934183
1985,492.103171798521
1986,507.748530350073
1987,551.219958557137
1988,617.901231829316
1989,679.983080823331
1990,774.494770138849
1991,825.479872492741
1992,865.704309113413
1993,899.125553407656
1994,979.262431000536
1995,1052.28021147702
1996,1160.58015021158
1997,1166.79566594222
1998,1079.80595351035
1999,1138.84929761085
2000,1153.04552225626
2001,1174.20279195013
2002,1286.14403684353
2003,1379.29175743715
2004,1477.26146669579
2005,1508.4424177872
2006,1525.12619877511
2007,1569.87237319879
2008,1596.82870772129
2009,1578.76107269732
2010,1718.62118368043
2011,1704.82334080525
2012,1818.19204308684
2013,1943.92303978228
2014,1926.22582617648
2015,1932.67390968815
2016,1985.00530928348
2017,1975.61488529478
2018,1937.17674845065
2019,1976.43445803045
2020,1872.52037563351
2021,1833.85960981538
2022,1857.31058006839
2023,..
2024,..
