Year,Value
1960,..
1961,..
1962,..
1963,..
1964,..
1965,..
1966,..
1967,..
1968,..
1969,..
1970,2.77174414554177
1971,2.698560536602
1972,2.74162841330977
1973,2.77287270853958
1974,2.80355024922552
1975,2.90818193081032
1976,2.88615272666463
1977,2.87392236807349
1978,2.86084041748087
1979,2.84619610471191
1980,2.89565925187272
1981,2.82994347560076
1982,2.7637869393029
1983,2.72639474275743
1984,2.63770790615947
1985,2.66823814576436
1986,2.67770909439143
1987,2.63007589097437
1988,2.58067026146097
1989,2.52175281631835
1990,2.28244666190509
1991,2.09905607173891
1992,1.51460332070662
1993,1.01285713362444
1994,0.616029751253483
1995,0.511987390612623
1996,0.445147904326745
1997,0.484785488325489
1998,0.520562392605268
1999,0.482526009242361
2000,0.443057662733592
2001,0.427897406380177
2002,0.421837052673673
2003,0.422943347488014
2004,0.493612664782381
2005,0.460798414953962
2006,0.4944339167356
2007,0.562959614715566
2008,0.516542904498431
2009,0.407183758042143
2010,0.401312521554425
2011,0.393902196673774
2012,0.436980695485598
2013,0.437376258469921
2014,0.565909509549048
2015,0.589043758329631
2016,0.644658005730218
2017,0.763123619708944
2018,0.881455514700076
2019,0.948586805031623
2020,0.962765570076241
2021,0.940953804329286
2022,0.901944585376355
2023,0.895897986091935
2024,..
