Year,Value
1960,..
1961,..
1962,..
1963,..
1964,..
1965,..
1966,..
1967,..
1968,..
1969,..
1970,..
1971,..
1972,..
1973,..
1974,..
1975,..
1976,..
1977,..
1978,..
1979,..
1980,..
1981,..
1982,..
1983,..
1984,..
1985,..
1986,..
1987,..
1988,..
1989,..
1990,..
1991,..
1992,..
1993,..
1994,..
1995,..
1996,..
1997,..
1998,..
1999,..
2000,..
2001,8.84116867322096
2002,12.1014879640851
2003,9.94564570248066
2004,8.5205882772005
2005,8.48067469694261
2006,7.24145649635806
2007,6.46682255628073
2008,6.06535529934704
2009,7.18550611338362
2010,..
2011,5.99160136746208
2012,5.87430143027259
2013,5.47905404538457
2014,5.48445203807253
2015,6.17115976901759
2016,8.75418493444224
2017,10.0186301053452
2018,9.8407652926951
2019,9.63446669614389
2020,11.7240019889167
2021,9.77573358974118
2022,7.46613373994678
2023,6.82274431944542
2024,..
