Year,Value
1960,22.3186559008033
1961,25.1849120160913
1962,19.1221692110185
1963,20.0666021802715
1964,20.9610822121331
1965,22.8468516646008
1966,22.2290397413191
1967,21.1346009661368
1968,20.3475919313149
1969,21.6141855741834
1970,21.3842285457739
1971,20.0374389473693
1972,20.0902051569048
1973,22.6145667135199
1974,23.5351313959147
1975,24.0744274813759
1976,22.6596511196581
1977,23.217604838088
1978,23.0062065566485
1979,22.0707851885814
1980,24.0629060707821
1981,23.0992523398208
1982,21.8998553289767
1983,20.6876597456233
1984,22.4716007486873
1985,24.6392829515481
1986,20.8861760821211
1987,23.6566936122509
1988,22.8934710830728
1989,26.0326247263781
1990,21.6216244163546
1991,19.8410282715625
1992,18.842256942066
1993,19.7596698988415
1994,20.3931818697292
1995,18.4765607689059
1996,18.612563637895
1997,18.7599796454509
1998,18.8851836013146
1999,19.1897722881857
2000,19.5274321399268
2001,19.0936533351923
2002,20.0384233225074
2003,19.8330591755896
2004,21.7594109823233
2005,21.4951277494275
2006,22.7379108489985
2007,22.7151161833801
2008,22.3330855729312
2009,19.8014646792184
2010,21.330096887824
2011,21.4411774113912
2012,20.6939576540251
2013,19.4313252278003
2014,17.7704297494615
2015,17.7664925683284
2016,17.6085894538175
2017,17.6493340969443
2018,17.9736629487951
2019,18.0589084059634
2020,18.3971882146818
2021,19.7693463734855
2022,18.4281866620651
2023,18.3698345868272
2024,18.3062273397945
