Year,Value
1960,..
1961,..
1962,..
1963,..
1964,..
1965,..
1966,..
1967,..
1968,..
1969,..
1970,..
1971,4.91779680262172
1972,4.56510352436079
1973,7.10282296225951
1974,3.07121486725337
1975,0.649436185736946
1976,3.52499689096915
1977,2.23393330696994
1978,1.04460773108748
1979,5.15763021218322
1980,4.60617947771185
1981,-1.92412254342223
1982,-6.16437529833973
1983,-3.95902440155442
1984,0.911440040484536
1985,1.30379558644462
1986,0.842386766542333
1987,2.32187199171187
1988,-2.27300151171119
1989,3.75533142094481
1990,-5.36130281244654
1991,2.07042076470631
1992,1.65222003943452
1993,3.05869220153241
1994,3.52351162600027
1995,-1.02548073490298
1996,2.2015092580536
1997,4.17454763407359
1998,0.736108604093971
1999,-1.68608809691287
2000,2.26520804658384
2001,-1.97628860181099
2002,-0.0348933260574569
2003,1.56054619081543
2004,3.53170997993766
2005,2.41264304424931
2006,5.68286015155654
2007,4.67132044483381
2008,2.87855734484165
2009,-3.78708231992177
2010,6.23963296921302
2011,4.18668305812888
2012,1.13801956319264
2013,1.92954101856996
2014,-0.24284173437924
2015,-1.43600411443128
2016,-1.23534665250487
2017,1.91539435189505
2018,0.00573524697928463
2019,-0.326264388904065
2020,-6.79186196908434
2021,7.12098007489337
2022,2.62185217361255
2023,3.53184202470945
2024,1.01521240989317
