Year,Value
1960,..
1961,..
1962,..
1963,..
1964,..
1965,..
1966,..
1967,..
1968,..
1969,..
1970,..
1971,..
1972,..
1973,..
1974,..
1975,..
1976,..
1977,43.6600177232659
1978,46.5548680010875
1979,47.540148427074
1980,..
1981,..
1982,85.9681226687796
1983,51.0452278939229
1984,39.4707655160628
1985,34.1076886742869
1986,35.1474277327126
1987,37.0714578213431
1988,34.37229667545
1989,41.7643023083287
1990,50.7890605709805
1991,58.1199587121259
1992,56.8439096682828
1993,63.3921227207528
1994,58.0053737667202
1995,55.2646322224576
1996,48.4643959785585
1997,46.2839967274177
1998,36.9765880137588
1999,32.6761215177169
2000,26.2080798564086
2001,22.7670117996864
2002,22.7181155436935
2003,23.5251439379199
2004,20.6488403882748
2005,19.3297889523962
2006,15.4290354425391
2007,15.8201497667924
2008,12.9520722438908
2009,15.692857978314
2010,17.8884801070677
2011,14.6424300334047
2012,16.0792089318384
2013,18.4713806859954
2014,19.9271309054873
2015,22.6166719583613
2016,19.2888559685529
2017,17.911242460404
2018,20.5774151949114
2019,21.1067163954036
2020,20.0592833668623
2021,17.0520716535268
2022,14.7204104722811
2023,16.2842908155034
2024,..
