Year,Value
1960,..
1961,..
1962,..
1963,..
1964,..
1965,..
1966,..
1967,..
1968,..
1969,..
1970,..
1971,..
1972,..
1973,..
1974,..
1975,..
1976,..
1977,..
1978,..
1979,..
1980,..
1981,..
1982,..
1983,..
1984,..
1985,..
1986,..
1987,..
1988,..
1989,..
1990,..
1991,..
1992,..
1993,..
1994,..
1995,..
1996,..
1997,..
1998,..
1999,..
2000,..
2001,..
2002,83.062629162841
2003,82.6961781722206
2004,82.1159842981862
2005,83.799528774318
2006,84.0808232287155
2007,84.4899139731825
2008,84.0527866916883
2009,83.7517446424562
2010,..
2011,83.1935945044859
2012,83.7039570005984
2013,84.0032432046936
2014,84.0745016776812
2015,84.1036781255971
2016,82.9206266233459
2017,82.409820821965
2018,82.4091090098096
2019,82.6597745842426
2020,77.7902077858152
2021,81.1965938006665
2022,81.8062405758944
2023,81.567497712164
2024,..
