Year,Value
1960,..
1961,..
1962,..
1963,..
1964,..
1965,..
1966,..
1967,..
1968,..
1969,..
1970,4285.46063420618
1971,4496.21088025278
1972,4701.46756160989
1973,5035.4044791391
1974,5190.05257012877
1975,5223.75864957795
1976,5407.89597956731
1977,5528.70476906115
1978,5586.45804650776
1979,5874.58689450539
1980,6145.18091044045
1981,6026.94009920858
1982,5655.41689248724
1983,5431.51755770404
1984,5481.0225835309
1985,5552.48391406701
1986,5599.2573037735
1987,5729.2648908537
1988,5599.03861327466
1989,5809.30106958979
1990,5497.84684796239
1991,5611.67541071435
1992,5704.3926363982
1993,5878.8724491125
1994,6086.0152033347
1995,6023.60428990124
1996,6156.21449601193
1997,6413.20860260369
1998,6460.41678292595
1999,6351.48846453807
2000,6495.36289231463
2001,6366.99577582756
2002,6364.77411923143
2003,6464.09935930311
2004,6692.3926014887
2005,6853.85614608237
2006,7243.3512058531
2007,7581.71135162323
2008,7799.95526060007
2009,7504.56453396408
2010,7972.82181682117
2011,8306.61859708083
2012,8401.1495417554
2013,8563.25316819498
2014,8542.45801568205
2015,8419.78796710329
2016,8315.77439830367
2017,8475.05427144511
2018,8475.54033673921
2019,8447.88766685323
2020,7874.11879721726
2021,8434.83322784053
2022,8655.98208616526
2023,8961.69769913577
2024,9052.6779663145
