Year,Value
1960,..
1961,..
1962,..
1963,..
1964,..
1965,..
1966,..
1967,..
1968,..
1969,..
1970,..
1971,..
1972,..
1973,..
1974,..
1975,..
1976,..
1977,..
1978,..
1979,..
1980,..
1981,..
1982,..
1983,..
1984,..
1985,..
1986,..
1987,..
1988,..
1989,..
1990,..
1991,..
1992,..
1993,..
1994,..
1995,..
1996,..
1997,..
1998,..
1999,..
2000,..
2001,..
2002,..
2003,..
2004,..
2005,..
2006,..
2007,..
2008,..
2009,..
2010,2.94814897631763
2011,-3.16536256926149
2012,1.09143182931155
2013,0.907531561440056
2014,0.875050683856717
2015,0.796512619393889
2016,0.772147110032121
2017,..
2018,-1.92803467336908E-06
2019,-0.155797695504167
2020,-1.17912573411444
2021,-0.234489895324042
2022,0.529827086110369
2023,-3.26936137158071
2024,0.239200708164991
