Year,Value
1960,..
1961,..
1962,..
1963,..
1964,..
1965,..
1966,..
1967,..
1968,..
1969,..
1970,..
1971,..
1972,..
1973,..
1974,..
1975,..
1976,..
1977,..
1978,..
1979,..
1980,..
1981,..
1982,..
1983,..
1984,..
1985,..
1986,..
1987,..
1988,..
1989,..
1990,..
1991,..
1992,..
1993,..
1994,..
1995,..
1996,..
1997,..
1998,..
1999,..
2000,1272.34999711515
2001,1376.37024370832
2002,1444.07129879717
2003,1206.18823101063
2004,1262.3720068477
2005,1544.84544090398
2006,2140.63596355181
2007,2837.05884517957
2008,4121.91809668544
2009,3146.5176790439
2010,3778.71986183816
2011,4547.28242616687
2012,3870.08160103297
2013,3468.12256574436
2014,2768.44285933929
2015,2313.82274116012
2016,1836.21924325107
2017,1811.34934949482
2018,1749.67919825593
2019,2119.18582341432
2020,1736.63211863461
2021,2417.47316830816
2022,1978.27417256482
2023,1513.22458952857
2024,..
