Year,Value
1960,..
1961,..
1962,..
1963,..
1964,..
1965,..
1966,..
1967,..
1968,..
1969,..
1970,..
1971,..
1972,..
1973,..
1974,..
1975,..
1976,..
1977,..
1978,..
1979,..
1980,..
1981,..
1982,..
1983,..
1984,..
1985,..
1986,..
1987,..
1988,..
1989,..
1990,..
1991,..
1992,..
1993,..
1994,..
1995,..
1996,..
1997,..
1998,..
1999,..
2000,..
2001,..
2002,..
2003,..
2004,0.265612715411912
2005,..
2006,0.253108168306808
2007,0.247993730718487
2008,0.24300096471383
2009,0.316874268477196
2010,0.310040710300474
2011,0.302107254889935
2012,0.294409973635919
2013,0.286384875433346
2014,0.278724322783723
2015,0.270891763464645
2016,0.263244879095388
2017,0.382901165551148
2018,0.408201131830411
2019,0.365071426224541
2020,0.3579309443829
2021,..
2022,..
2023,..
2024,..
