Year,Value
1960,..
1961,..
1962,..
1963,..
1964,..
1965,..
1966,..
1967,..
1968,..
1969,..
1970,..
1971,..
1972,..
1973,..
1974,..
1975,..
1976,..
1977,..
1978,..
1979,..
1980,..
1981,..
1982,..
1983,..
1984,..
1985,..
1986,..
1987,..
1988,..
1989,..
1990,..
1991,3.57128338327021
1992,13.2249774487474
1993,19.1286261919752
1994,27.4704628425832
1995,32.6434149008255
1996,35.5267261577108
1997,42.1893244167399
1998,40.1087702594379
1999,45.8359957702373
2000,52.1877344102057
2001,59.3167241219373
2002,62.4981341359649
2003,67.1930326007845
2004,78.6905848853948
2005,90.7759844031817
2006,101.060344436539
2007,110.775174488698
2008,117.405737176786
2009,124.513270433114
2010,128.588301789833
2011,129.708181219307
2012,140.456892223141
2013,144.509886371823
2014,150.861970324168
2015,150.798244494661
2016,157.595593060665
2017,170.79519004973
2018,171.287087530252
2019,177.222693364336
2020,172.114879777142
2021,186.388523825691
2022,189.750767652957
2023,190.593785036453
2024,..
