Year,Value
1960,..
1961,..
1962,..
1963,..
1964,..
1965,..
1966,..
1967,..
1968,..
1969,..
1970,..
1971,..
1972,..
1973,..
1974,..
1975,..
1976,..
1977,..
1978,..
1979,..
1980,..
1981,..
1982,..
1983,..
1984,..
1985,..
1986,..
1987,..
1988,..
1989,..
1990,0.200475788677588
1991,0.199731859228911
1992,0.209495113567587
1993,0.204773493003658
1994,0.271692471376645
1995,0.211022698766334
1996,0.240143490740014
1997,0.260710714535736
1998,0.266614372690769
1999,0.260439862055348
2000,0.16952414201953
2001,0.158605324333168
2002,0.167540744223193
2003,0.19844642340898
2004,0.180332190363681
2005,0.196788469412506
2006,0.220893928584478
2007,0.194315863613416
2008,0.200719807504202
2009,0.223715262298988
2010,0.214082708923261
2011,0.190776120911055
2012,0.186044335707714
2013,0.187354210733969
2014,0.202775116805209
2015,0.204954120508339
2016,0.204399661766862
2017,0.244528765944985
2018,0.216073078562227
2019,0.260159626654758
2020,0.259928884661003
2021,0.271521540051134
2022,0.29339047852208
2023,0.297264374527163
2024,..
