Year,Value
1960,..
1961,..
1962,..
1963,..
1964,..
1965,..
1966,..
1967,..
1968,..
1969,..
1970,..
1971,..
1972,..
1973,..
1974,..
1975,..
1976,..
1977,..
1978,..
1979,..
1980,..
1981,..
1982,..
1983,..
1984,..
1985,..
1986,..
1987,..
1988,..
1989,..
1990,4487.81921860301
1991,4766.3883130857
1992,4772.33111247155
1993,4946.71766246434
1994,5188.43955195503
1995,5508.33934627726
1996,5510.70842619022
1997,5455.9051757382
1998,5541.68325773844
1999,5632.72252396602
2000,5808.26509143355
2001,5860.08077786938
2002,6085.11323193629
2003,6053.87986606393
2004,5900.45741291397
2005,5828.37054398021
2006,5670.91418428693
2007,5506.65177833755
2008,5758.56828665222
2009,5453.87514548886
2010,5488.75040326598
2011,5847.44389420772
2012,5907.2671160351
2013,5951.69432111241
2014,6096.8692341643
2015,6194.63931572397
2016,6639.13653249305
2017,6862.66865889837
2018,6896.04176305785
2019,6875.02538396695
2020,6995.31729495122
2021,7034.92496985232
2022,6901.73837332727
2023,7075.55624772951
2024,..
