Year,Value
1960,..
1961,..
1962,..
1963,..
1964,..
1965,..
1966,..
1967,..
1968,..
1969,..
1970,..
1971,..
1972,..
1973,..
1974,..
1975,..
1976,..
1977,..
1978,..
1979,..
1980,..
1981,535477993.279732
1982,560866426.208654
1983,571985057.458088
1984,581928400.058938
1985,620093962.03684
1986,633231650.136319
1987,652137652.958733
1988,639865257.358618
1989,642360135.526921
1990,629229706.508588
1991,669594500
1992,671281700
1993,696374600
1994,730862700
1995,776382000
1996,777103400
1997,772436600
1998,790145300
1999,808338100
2000,838683900
2001,851201100
2002,888902700
2003,889363200
2004,871861000
2005,866127200
2006,847369800
2007,826488000
2008,866678800
2009,822225300
2010,829003700
2011,884577600
2012,892713600
2013,896230200
2014,914070000
2015,924250400
2016,985238900
2017,1016789400
2018,1023780300
2019,1021646400
2020,1039866400
2021,1043637000
2022,1019530400
2023,1040779002.33512
2024,..
