Year,Value
1960,..
1961,6137829834.25719
1962,5856098258.05988
1963,5227504980.58186
1964,4983069468.88406
1965,4856664332.92
1966,5024455669.61404
1967,5032592899.69146
1968,5556472161.50893
1969,5820283202.69159
1970,6092068996.38388
1971,6735403513.06168
1972,7930447182.12794
1973,7878531024.94948
1974,8514705256.35544
1975,9124026071.46764
1976,9842712161.11329
1977,10178456507.1241
1978,10833997304.5264
1979,11545522371.7561
1980,12402054611.3968
1981,13085912934.9665
1982,13021302861.9769
1983,13630949504.4609
1984,14414571426.6669
1985,15228789050.444
1986,15008430237.2642
1987,16014200843.114
1988,16025756542.6948
1989,16305678292.5205
1990,17601950274.6977
1991,18289226397.408
1992,19716833823.7314
1993,20148598741.3692
1994,20789004085.0082
1995,21277892826.3706
1996,22798428275.9891
1997,24038877877.6187
1998,25188840697.7222
1999,26713932931.4622
2000,27972151936.7461
2001,29034050813.9794
2002,29418042728.4576
2003,30801396632.295
2004,32722107265.8078
2005,33862978438.2739
2006,35638786833.8244
2007,38029978711.5099
2008,39641606104.3034
2009,40848078614.3277
2010,42061729256.0554
2011,41200879648.1279
2012,42938187711.576
2013,43981556030.3594
2014,45340730384.707
2015,45779494041.9295
2016,46291045987.6341
2017,47326964919.9643
2018,48569264671.6842
2019,49340470115.969
2020,44893939452.6941
2021,47020260421.799
2022,48277261609.9968
2023,48296165328.5233
2024,48948478709.7934
