Year,Value
1960,..
1961,..
1962,..
1963,..
1964,..
1965,1251.51304929571
1966,1267.55851336953
1967,1242.9824263683
1968,1266.48533458294
1969,1276.99486074156
1970,1217.45010100203
1971,1292.85207446524
1972,1495.24221927463
1973,1456.55920417701
1974,1610.74225817784
1975,1661.62917341097
1976,1678.68556426298
1977,1704.89924397753
1978,1789.5557924689
1979,1913.43461524486
1980,1999.05853463846
1981,2080.56703176659
1982,2041.17817713177
1983,2092.01320960043
1984,2134.00256383845
1985,2119.77890137955
1986,1980.21742028727
1987,2043.28935769597
1988,2000.70429938023
1989,2012.91309628986
1990,2140.92965220803
1991,2144.9494078747
1992,2255.86199375102
1993,2220.58793128872
1994,2259.68422665963
1995,2297.74161740811
1996,2423.96682117112
1997,2519.10813565426
1998,2607.1833366568
1999,2724.79073743927
2000,2799.52272994333
2001,2883.53571870039
2002,2894.73231636843
2003,3015.7910661876
2004,3157.05832346986
2005,3204.12365460684
2006,3361.11183251337
2007,3512.11340974191
2008,3623.25186270853
2009,3686.37544283356
2010,3932.68775729812
2011,3760.42009547649
2012,3837.93302706452
2013,3773.18970722617
2014,3872.35527352168
2015,3911.44688709849
2016,3945.89778898904
2017,3910.09881761961
2018,3905.9618294335
2019,3919.10990004199
2020,3624.70573157158
2021,3736.67736435536
2022,3655.35690514412
2023,3865.38322469143
2024,3892.9659836009
