Year,Value
1960,..
1961,..
1962,..
1963,..
1964,..
1965,..
1966,..
1967,..
1968,..
1969,..
1970,..
1971,..
1972,..
1973,..
1974,63.5446685878963
1975,71.605550049554
1976,67.4537583628493
1977,265.721761883995
1978,254.732612548742
1979,122.074119986527
1980,68.1225133551198
1981,36.5747950174448
1982,22.3362913130676
1983,28.7850197256481
1984,32.6473112475653
1985,41.6834544976789
1986,58.1357018588041
1987,52.5108493490391
1988,35.7393483709273
1989,30.4322491789384
1990,43.2624436449747
1991,39.6839905980674
1992,50.0197550375346
1993,67.6436236221622
1994,37.598484092949
1995,41.2424481218807
1996,37.1198664583645
1997,33.6789698285543
1998,37.4871903600834
1999,49.0717511289513
2000,54.3571039124631
2001,31.0057667501328
2002,32.6350548605773
2003,37.5130587782482
2004,38.812930241411
2005,39.4392337220251
2006,39.7605407974991
2007,34.1940041328043
2008,30.5615041393107
2009,37.4347243249011
2010,57.7758369623965
2011,51.92388364283
2012,53.2154963050986
2013,59.8303173144221
2014,57.9526336749539
2015,47.563720697574
2016,43.4493908424274
2017,47.2260632454995
2018,37.3088991790188
2019,37.070362193033
2020,52.7018219942762
2021,40.5240216539005
2022,42.1919807383263
2023,47.5992431660658
2024,..
