Year,Value
1960,..
1961,..
1962,..
1963,..
1964,..
1965,..
1966,..
1967,..
1968,..
1969,..
1970,..
1971,..
1972,..
1973,..
1974,..
1975,..
1976,..
1977,..
1978,..
1979,..
1980,..
1981,..
1982,..
1983,..
1984,..
1985,..
1986,..
1987,..
1988,..
1989,..
1990,..
1991,..
1992,..
1993,..
1994,..
1995,..
1996,..
1997,..
1998,..
1999,..
2000,0.295827900915053
2001,0.138967423686257
2002,0.329295086175123
2003,0.222940709740498
2004,0.297660263838248
2005,0.223479868788517
2006,0.312986934600721
2007,0.276313109050115
2008,0.403518708776504
2009,0.333391413232562
2010,0.683439658320279
2011,0.475589723184481
2012,0.948957804208107
2013,0.719926457214635
2014,0.51736684773294
2015,0.321569409989858
2016,0.62391068597588
2017,0.651794804006796
2018,0.58186754715755
2019,0.555312347425354
2020,0.567495421832897
2021,0.624592213666671
2022,0.624592213666671
2023,..
2024,..
