Year,Value
1960,64.7577092511013
1961,65.6467315716273
1962,65.2552926525529
1963,64.3776824034335
1964,63.4194831013916
1965,62.7669452181987
1966,62.0173364854216
1967,61.4346590909091
1968,61.0793650793651
1969,61.0159817351598
1970,62.5445292620865
1971,67.6701030927835
1972,67.2777585610515
1973,69.0659340659341
1974,71.5611133521581
1975,69.9658703071672
1976,67.4927113702624
1977,69.3742308056423
1978,70.0613186674252
1979,67.2222022245419
1980,72.704852215807
1981,69.0735349955702
1982,69.3677207830579
1983,71.6650606221864
1984,71.4089584536143
1985,65.7172571982163
1986,61.549982086677
1987,76.1007147837515
1988,71.1069495335637
1989,74.9503241850065
1990,79.5414799056226
1991,83.0205633272175
1992,82.4584129039811
1993,81.9872533329808
1994,81.6150281777169
1995,81.097346238132
1996,78.8441491588656
1997,80.2964821275181
1998,75.1820991688455
1999,78.7041886507883
2000,78.8738350408448
2001,77.4821575244972
2002,76.664566475914
2003,77.9041182557529
2004,76.5946169117032
2005,75.5862076157529
2006,74.6245070302286
2007,75.4702674739875
2008,74.6766583276235
2009,77.2303245279834
2010,77.5536845070794
2011,76.3134425666701
2012,76.0361918890605
2013,75.3218190067904
2014,74.3877543980334
2015,73.8267867527361
2016,74.1415643620212
2017,72.9891059566293
2018,70.6905896535075
2019,72.1667871672378
2020,71.7615654096144
2021,68.1905839357176
2022,68.9617848702697
2023,72.4807653948192
2024,74.1879205529178
