Year,Value
1960,..
1961,..
1962,..
1963,..
1964,..
1965,..
1966,..
1967,..
1968,..
1969,..
1970,..
1971,..
1972,..
1973,..
1974,..
1975,..
1976,..
1977,..
1978,..
1979,..
1980,..
1981,..
1982,..
1983,..
1984,..
1985,..
1986,..
1987,..
1988,..
1989,..
1990,..
1991,..
1992,..
1993,..
1994,..
1995,..
1996,..
1997,..
1998,..
1999,..
2000,-64.6407885876095
2001,-67.3889968700409
2002,-65.6336768086081
2003,-66.8820100866538
2004,-65.6639668021273
2005,-66.6305107849352
2006,-67.015312217706
2007,-66.2754766647084
2008,-62.7243440360502
2009,-65.1321947910113
2010,-65.912809425238
2011,-67.5493685711244
2012,-65.8158499778554
2013,-67.6029593155481
2014,-67.143808929824
2015,-62.9719102659013
2016,-62.4704577763238
2017,-65.4188639972573
2018,-60.2164029300355
2019,-54.0792092848989
2020,-48.4009773504198
2021,-35.1017093968913
2022,-35.1017093968913
2023,..
2024,..
