Year,Value
1960,..
1961,..
1962,..
1963,..
1964,..
1965,..
1966,..
1967,..
1968,..
1969,..
1970,..
1971,..
1972,..
1973,..
1974,..
1975,..
1976,..
1977,..
1978,..
1979,..
1980,..
1981,..
1982,..
1983,..
1984,..
1985,..
1986,..
1987,..
1988,..
1989,..
1990,..
1991,..
1992,..
1993,..
1994,..
1995,..
1996,..
1997,..
1998,..
1999,..
2000,0.107490654120719
2001,21.6239991291065
2002,20.016129858305
2003,30.2987427799727
2004,9.30323284800747
2005,6.71936809511951
2006,53.8473760763822
2007,15.9449455303875
2008,5.95596803125774
2009,66.0665004397342
2010,61.5337168390314
2011,56.77378793726
2012,37.6623697152558
2013,143.086838262299
2014,92.4982017387833
2015,120.633721504917
2016,116.600982155511
2017,202.871257073724
2018,122.101111313095
2019,249.847000157073
2020,171.525281455679
2021,519.569987864145
2022,305.143771631809
2023,..
2024,..
