Year,Value
1960,3019.26706555009
1961,3079.78071870696
1962,3259.46992033795
1963,3392.09583496264
1964,3592.59780393874
1965,3847.43416210764
1966,4164.04151404151
1967,4354.80494383832
1968,4717.02888802527
1969,5051.04180543426
1970,5265.47412363693
1971,5645.95181569963
1972,6134.79056294546
1973,6785.90338305593
1974,7298.26423634816
1975,7861.66789367189
1976,8669.52094847158
1977,9544.712789288
1978,10661.9044410001
1979,11816.0627402191
1980,12725.237099791
1981,14119.6342813314
1982,14591.3866634436
1983,15702.5133451957
1984,17275.1107812997
1985,18343.4374001782
1986,19141.842229098
1987,20111.1152384136
1988,21509.6789761921
1989,22957.5883542191
1990,24027.5775870012
1991,24467.1180839668
1992,25540.1420585231
1993,26507.1695412802
1994,27782.1347947371
1995,28795.8486994795
1996,30082.2995315412
1997,31544.5889890962
1998,32916.7893160875
1999,34626.1288704128
2000,36466.3456182333
2001,37310.3554385424
2002,38156.9565778614
2003,39691.9376899631
2004,41986.6344085072
2005,44376.5157164657
2006,46457.6951815711
2007,48367.8040701806
2008,49047.5894546359
2009,47684.7054473559
2010,49307.2965991236
2011,50787.8763938731
2012,52448.6455946735
2013,54024.3168074066
2014,55889.9748529056
2015,57533.4898573644
2016,58689.9428875929
2017,60944.6641989771
2018,63759.3217368067
2019,66081.5986611506
2020,65039.6594801364
2021,71767.0587898046
2022,78307.8072768568
2023,82601.6606563315
2024,85981.0739193172
