Year,Value
1960,..
1961,..
1962,..
1963,..
1964,..
1965,..
1966,..
1967,..
1968,..
1969,..
1970,..
1971,..
1972,..
1973,..
1974,..
1975,..
1976,..
1977,..
1978,..
1979,..
1980,..
1981,..
1982,..
1983,..
1984,..
1985,..
1986,..
1987,..
1988,..
1989,..
1990,..
1991,92226.4112195991
1992,94644.5319365245
1993,95590.4919896101
1994,96895.4207131591
1995,97546.7646934134
1996,99446.0311304587
1997,101487.66020632
1998,104208.9569389
1999,107377.611309966
2000,109932.251064648
2001,111034.529489782
2002,113396.808930562
2003,116237.533110729
2004,119148.824711668
2005,121196.232571567
2006,122255.200071616
2007,123651.003101688
2008,123985.504586844
2009,125344.453007115
2010,129284.288221783
2011,130147.263453019
2012,130909.115507274
2013,132306.492105414
2014,133281.603729459
2015,135038.955151717
2016,135265.257755882
2017,136420.185574135
2018,138621.235994569
2019,140255.892055835
2020,145799.895375942
2021,149654.666813837
2022,148651.6235516
2023,150436.445058087
2024,153724.510471246
