Year,Value
1960,19527.184772321
1961,19708.5975905189
1962,20606.2250050928
1963,21200.964902083
1964,22116.7549989838
1965,23258.0145442942
1966,24485.1444851445
1967,24884.8534562583
1968,25852.7497932299
1969,26389.7186163205
1970,26130.1279675399
1971,26664.6216670439
1972,27771.1676258719
1973,29118.8623418543
1974,28736.9233215184
1975,28328.684604094
1976,29604.9028825647
1977,30685.0966450084
1978,32022.7149178965
1979,32769.8295972096
1980,32370.5138078997
1981,32809.6755074826
1982,31933.528731266
1983,33066.9740624145
1984,35111.472490194
1985,36139.7168843832
1986,36964.6654145827
1987,37887.1224034108
1988,39139.4893230647
1989,40193.5912551303
1990,40541.5927218245
1991,39925.4133709646
1992,40748.6686886486
1993,41313.8169968336
1994,42397.0607237597
1995,43037.107834669
1996,44149.8548594252
1997,45511.1990522891
1998,46961.2802424471
1999,48679.6946674312
2000,50130.568242132
2001,50162.0395807677
2002,50515.689701771
2003,51530.1075893019
2004,53082.055229752
2005,54396.5687693909
2006,55243.4608935738
2007,55996.1239341314
2008,55706.7843957154
2009,53831.7948012705
2010,54993.9055665996
2011,55497.1585202939
2012,56264.9732606124
2013,56986.8590823164
2014,57946.0671189744
2015,59106.0635712018
2016,59727.7894533166
2017,60944.6641989771
2018,62371.6293282172
2019,63595.6301556872
2020,61772.3681796232
2021,65187.2106140637
2022,66394.6077215558
2023,67603.7967955528
2024,68708.3594017845
