Year,Value
1960,..
1961,2.01373056169021
1962,0.665054138461869
1963,4.91982977988749
1964,-0.366502858121819
1965,2.16720883620462
1966,2.64492682981698
1967,2.4342268206811
1968,1.06509902850213
1969,1.77946177900697
1970,4.3582631784284
1971,8.23265759174249
1972,6.26877681900044
1973,11.2003944899521
1974,50.1079687946294
1975,2.26299814945881
1976,6.1935443240511
1977,8.44842727068664
1978,6.08667532833445
1979,21.9455792548795
1980,28.0272395381624
1981,12.6063759126403
1982,4.28450348163129
1983,3.6352565830138
1984,42.5512565943692
1985,10.4202108327662
1986,-1.17682323994541
1987,37.4445246543924
1988,18.4976599733232
1989,89.1631235890353
1990,41.7406571272428
1991,21.4496164274258
1992,28.244062356827
1993,31.6458241526824
1994,62.8906845843899
1995,51.7599018327265
1996,115.524717933329
1997,33.947459925683
1998,18.8902867025716
1999,26.1927100615555
2000,29.4528251104893
2001,7.99690405620458
2002,33.0228760786371
2003,34.9337557387369
2004,33.9537243385346
2005,29.6040593512976
2006,17.9043155490636
2007,15.4484777579669
2008,30.1324528534352
2009,7.83166636002666
2010,45.9432686985893
2011,28.1491909528854
2012,14.0594300642861
2013,35.5026746348335
2014,40.4404901065548
2015,..
2016,..
2017,..
2018,..
2019,..
2020,..
2021,..
2022,..
2023,..
2024,..
