Year,Value
1960,..
1961,..
1962,..
1963,..
1964,..
1965,..
1966,..
1967,..
1968,..
1969,..
1970,..
1971,..
1972,..
1973,..
1974,..
1975,..
1976,..
1977,..
1978,..
1979,..
1980,..
1981,..
1982,..
1983,..
1984,..
1985,..
1986,..
1987,..
1988,..
1989,..
1990,41.7406571272428
1991,21.4496164274258
1992,28.244062356827
1993,31.6458241526824
1994,62.8906845843899
1995,51.7599018327265
1996,115.524717933329
1997,33.947459925683
1998,18.8902867025716
1999,26.1927100615555
2000,29.4528251104893
2001,7.99690405620458
2002,33.0228760786371
2003,34.9337557387369
2004,33.9537243385346
2005,29.6040593512977
2006,17.9043155490636
2007,15.4484777579669
2008,30.1324528534352
2009,7.83166636002666
2010,45.9432686985893
2011,28.1491909528854
2012,14.0594300642861
2013,35.5026746348335
2014,40.4404901065548
2015,..
2016,..
2017,..
2018,..
2019,..
2020,..
2021,..
2022,..
2023,..
2024,..
