Year,Value
1960,..
1961,..
1962,..
1963,..
1964,..
1965,..
1966,..
1967,..
1968,..
1969,..
1970,..
1971,..
1972,..
1973,..
1974,..
1975,..
1976,..
1977,..
1978,..
1979,..
1980,..
1981,..
1982,..
1983,..
1984,..
1985,..
1986,..
1987,..
1988,..
1989,..
1990,38.2323396039569
1991,38.3085085866375
1992,38.5090092258896
1993,38.3549041970381
1994,38.0810462695576
1995,38.021663718491
1996,38.248330179394
1997,38.1608654653223
1998,38.4032654522763
1999,38.0688348999541
2000,37.8674476854674
2001,38.2965587103515
2002,38.180315361729
2003,37.6304323512685
2004,37.8549177774859
2005,38.9910319190712
2006,39.0925908193387
2007,39.1467580458042
2008,39.2471418048262
2009,39.6394423885361
2010,39.4565109944104
2011,39.6538872124485
2012,39.8777569424421
2013,39.8710910893663
2014,39.8656388420833
2015,39.862791630938
2016,39.8716305733582
2017,39.335043669013
2018,39.3547955451119
2019,39.2608068461337
2020,39.2521398778713
2021,39.4300264156829
2022,36.543743722432
2023,36.7854352951338
2024,36.7002579670344
