Year,Value
1960,..
1961,..
1962,..
1963,..
1964,..
1965,..
1966,..
1967,..
1968,..
1969,..
1970,..
1971,..
1972,..
1973,..
1974,-16.7784414298763
1975,3.05679207664453
1976,5.88025785218218
1977,3.15268005430582
1978,-4.3859672500687
1979,4.45781195033341
1980,5.17193035231955
1981,-1.52819755721347
1982,-10.4379487835386
1983,-6.90413707922895
1984,-0.0592779203279008
1985,-4.25643869170619
1986,-5.08835829319926
1987,0.530302006553455
1988,0.525187694516887
1989,-0.979319781881856
1990,12.1195067935956
1991,-2.42560936066485
1992,-1.1355942451077
1993,-4.39337881029319
1994,-2.52173307022686
1995,1.31380732224903
1996,3.83289701660897
1997,13.4520548828704
1998,-8.88753145007752
1999,-0.491316823412802
2000,12.7788631799219
2001,-3.21967092572767
2002,-8.93823178203908
2003,-6.27023217251833
2004,25.2019897948828
2005,21.777156163346
2006,12.9007440428613
2007,9.47033803849453
2008,6.61669811607055
2009,-20.5945940949183
2010,12.428404371908
2011,4.02668150159846
2012,1.35017386427899
2013,-9.79247268718184
2014,-15.8813685313713
2015,..
2016,..
2017,..
2018,..
2019,..
2020,..
2021,..
2022,..
2023,..
2024,..
