Year,Value
1960,..
1961,..
1962,..
1963,..
1964,..
1965,..
1966,..
1967,..
1968,..
1969,..
1970,..
1971,..
1972,..
1973,..
1974,..
1975,..
1976,..
1977,..
1978,..
1979,..
1980,..
1981,..
1982,..
1983,..
1984,..
1985,..
1986,..
1987,..
1988,..
1989,..
1990,0.127261715730296
1991,0.120936216095984
1992,0.116561700706132
1993,0.126287836535523
1994,0.136412106551867
1995,0.143237832229909
1996,0.14751473374177
1997,0.157316114868279
1998,0.166278230619336
1999,0.162572183074195
2000,0.168427386465461
2001,0.1741888117012
2002,0.192828528375227
2003,0.191642430270008
2004,0.210990929769905
2005,0.214581891980402
2006,0.205784320974949
2007,0.212857574562243
2008,0.221677957845913
2009,0.235463266144873
2010,0.246334367873385
2011,0.231444595400619
2012,0.218597208216841
2013,0.216285457963587
2014,0.22287765018003
2015,0.233804629248555
2016,0.245075225328993
2017,0.235244245973237
2018,0.269691430651584
2019,0.299953188234807
2020,0.302883133741524
2021,0.286147761387398
2022,0.25111518246283
2023,0.274355091980899
2024,..
