Year,Value
1960,..
1961,..
1962,..
1963,..
1964,..
1965,..
1966,..
1967,..
1968,..
1969,..
1970,..
1971,42.262204896027
1972,39.5126151161818
1973,41.2746169144731
1974,35.5620836139674
1975,40.7461642402154
1976,48.3590927288958
1977,55.3366782370506
1978,55.8810952185206
1979,54.6535183951812
1980,55.8200488126323
1981,56.1240106910286
1982,58.5697964648674
1983,57.8651100739056
1984,66.9946887906951
1985,70.1143987274635
1986,73.2927317339532
1987,80.3609327915165
1988,87.7580636055169
1989,95.0779757878689
1990,98.8633583815671
1991,102.538765042488
1992,105.75687606113
1993,116.430823593305
1994,134.416510615411
1995,159.181256778285
1996,186.996506268272
1997,210.840036688052
1998,241.67439799861
1999,262.428479063634
2000,296.860781482897
2001,338.145646723974
2002,390.797649689312
2003,448.105926394118
2004,500.367374633165
2005,589.246442949183
2006,664.444411909435
2007,743.638529474627
2008,812.61355633129
2009,912.780286490341
2010,1028.42426024255
2011,1107.8316695399
2012,1210.23985202338
2013,1229.96778381361
2014,1384.50680913911
2015,1615.48958410788
2016,1788.72117786832
2017,1918.19498532718
2018,2115.35402394159
2019,2290.2681069016
2020,2303.70986644863
2021,2403.54540306818
2022,2624.40089303185
2023,..
2024,..
