Year,Value
1960,..
1961,..
1962,..
1963,..
1964,..
1965,..
1966,..
1967,..
1968,..
1969,..
1970,..
1971,..
1972,..
1973,..
1974,..
1975,..
1976,..
1977,..
1978,..
1979,..
1980,..
1981,..
1982,..
1983,..
1984,..
1985,..
1986,..
1987,..
1988,..
1989,..
1990,..
1991,..
1992,..
1993,..
1994,..
1995,..
1996,1.63977628374397
1997,1.9398547810961
1998,1.18587708923279
1999,2.25761725142037
2000,2.75286331799177
2001,0.118920672288894
2002,0.452650402064279
2003,1.4229557077182
2004,2.68479976472371
2005,2.32025381865333
2006,2.45246987928753
2007,2.15107365909957
2008,-0.203251542250229
2009,-4.19210185777868
2010,2.82622678512958
2011,1.52988062103321
2012,0.471474005652325
2013,0.636193114960577
2014,0.933821732249456
2015,0.553920116505807
2016,0.931928334812241
2017,2.04981405841926
2018,1.55271886593953
2019,0.982906564981562
2020,-5.28516065445869
2021,5.76883757990497
2022,2.28285162042334
2023,1.64733204126138
2024,..
