Year,Value
1960,..
1961,..
1962,..
1963,..
1964,..
1965,..
1966,..
1967,..
1968,..
1969,..
1970,3822.1424200256
1971,3909.6238047858
1972,4188.5057819037
1973,4525.9571134861
1974,4608.9463753694
1975,4697.901824375
1976,5060.6100905552
1977,5280.8188627066
1978,5456.3899837437
1979,5668.7075661649
1980,5814.2562566451
1981,5815.4982541026
1982,5814.5458666933
1983,5975.7183930268
1984,6181.3432166574
1985,6334.4429761856
1986,6497.4056570793
1987,6773.7216841717
1988,7010.5153503466
1989,7305.6868997502
1990,7643.9485896389
1991,7790.7230111544
1992,7928.6035027357
1993,7947.7500506982
1994,8025.6354002833
1995,8182.1314284551
1996,8520.3950632577
1997,8740.2876074351
1998,8918.3571769744
1999,8994.1550829894
2000,9375.5682339982
2001,9580.1683559869
2002,9718.8582112918
2003,10275.47997721
2004,10651.624403908
2005,10999.048908694
2006,11429.008274522
2007,11922.191621651
2008,11922.311170303
2009,11736.104198165
2010,12522.037998686
2011,13125.537411798
2012,13403.9608384
2013,13643.025526534
2014,13701.006520729
2015,13402.260198592
2016,13456.932307012
2017,13770.780133527
2018,14217.022443243
2019,14088.010102935
2020,13593.464512181
2021,14655.450458618
2022,14693.366675886
2023,14923.933096966
2024,..
