Year,Value
1960,..
1961,..
1962,..
1963,..
1964,..
1965,..
1966,..
1967,..
1968,..
1969,..
1970,..
1971,..
1972,..
1973,..
1974,..
1975,..
1976,..
1977,..
1978,..
1979,..
1980,..
1981,..
1982,..
1983,..
1984,..
1985,..
1986,..
1987,..
1988,..
1989,..
1990,..
1991,..
1992,..
1993,..
1994,..
1995,..
1996,..
1997,..
1998,..
1999,..
2000,..
2001,..
2002,..
2003,..
2004,..
2005,..
2006,..
2007,..
2008,..
2009,11.2578953049084
2010,13.7157428353031
2011,13.3438736770929
2012,14.3427620576163
2013,14.5706479214532
2014,15.8878182440943
2015,15.1943620487722
2016,12.5741297099179
2017,12.1192930081473
2018,13.4088662792374
2019,13.7720322357897
2020,14.6431224712105
2021,16.9329103819423
2022,21.7652871062325
2023,18.1532993947358
2024,18.1707584634022
