Year,Value
1960,..
1961,..
1962,..
1963,..
1964,..
1965,..
1966,..
1967,..
1968,..
1969,..
1970,..
1971,101.316410612966
1972,77.2826735627611
1973,126.504471121088
1974,101.217546436315
1975,84.9529322693352
1976,100.298266495215
1977,105.321880034994
1978,107.752280659146
1979,106.050566586089
1980,133.269966399668
1981,126.895675345631
1982,144.141015052623
1983,147.339655165434
1984,148.939962162593
1985,151.677540035752
1986,158.125676411473
1987,180.359326727627
1988,184.830246534369
1989,182.420402488025
1990,180.981566779694
1991,211.975677187661
1992,222.881497111698
1993,185.806376377869
1994,186.966315782925
1995,204.1397676512
1996,201.531838800768
1997,207.425455422355
1998,214.74880211605
1999,234.96098673933
2000,241.884502378759
2001,260.291246901483
2002,244.765880104457
2003,264.070554409773
2004,279.891332102562
2005,289.030753712905
2006,299.542924935684
2007,283.812949035491
2008,289.811528650795
2009,311.080562559356
2010,291.861999994351
2011,240.192428627502
2012,210.827759194461
2013,281.953182312038
2014,259.815942651214
2015,119.994093431265
2016,83.3695325901369
2017,71.9650301584181
2018,93.9408794935562
2019,92.6774709704908
2020,77.587699828637
2021,71.3420686631943
2022,68.9495345137687
2023,..
2024,..
