Year,Value
1960,..
1961,..
1962,..
1963,..
1964,..
1965,..
1966,..
1967,..
1968,..
1969,..
1970,..
1971,..
1972,..
1973,..
1974,..
1975,..
1976,..
1977,..
1978,..
1979,..
1980,..
1981,..
1982,..
1983,..
1984,..
1985,..
1986,..
1987,..
1988,..
1989,..
1990,39.3562816398535
1991,39.453103208453
1992,39.9241837399955
1993,39.4184524650551
1994,39.9238473968567
1995,41.8808811559905
1996,43.4834951337263
1997,44.6446392139994
1998,44.8865565277425
1999,45.1722134904799
2000,45.499136512359
2001,45.8248759124148
2002,46.1047292640398
2003,46.3392014461917
2004,46.5287826527842
2005,46.6635437378581
2006,46.7629744540999
2007,46.8464348859633
2008,46.9018893111136
2009,46.9083592982123
2010,46.029649815975
2011,46.8711717566607
2012,46.5313800149782
2013,46.6801480012041
2014,46.420950327258
2015,46.283332136332
2016,46.188569993549
2017,46.7052223881064
2018,46.5623507993008
2019,46.6269547139184
2020,46.4274478942344
2021,46.3305259577606
2022,46.4303621677625
2023,46.9377224270212
2024,46.9689001589498
