Year,Value
1960,..
1961,..
1962,..
1963,..
1964,..
1965,..
1966,..
1967,..
1968,..
1969,..
1970,..
1971,..
1972,..
1973,..
1974,..
1975,..
1976,..
1977,..
1978,..
1979,..
1980,..
1981,..
1982,..
1983,..
1984,..
1985,..
1986,..
1987,..
1988,..
1989,..
1990,0.712453376025228
1991,0.701228929738594
1992,0.701363050492955
1993,0.697793136496072
1994,0.691335495563217
1995,0.70667894354742
1996,0.700814649912171
1997,0.71322539073254
1998,0.721878445479682
1999,0.672418307621439
2000,0.657670784033605
2001,0.659014566323699
2002,0.659295412308085
2003,0.679796402790169
2004,0.703326573717579
2005,0.68457610860997
2006,0.654675210013141
2007,0.648669533509639
2008,0.666801392545575
2009,0.634227335739706
2010,0.625483298414184
2011,0.58055581487772
2012,0.587693653672793
2013,0.588191364849128
2014,0.593858220770938
2015,0.557054197536964
2016,0.553911630816651
2017,0.558647770983303
2018,0.554636810167949
2019,0.558907882770037
2020,0.52120697838922
2021,0.508174124105386
2022,0.476387824351939
2023,0.459177270882053
2024,..
