Year,Value
1960,..
1961,..
1962,..
1963,..
1964,..
1965,..
1966,..
1967,..
1968,..
1969,..
1970,..
1971,..
1972,..
1973,..
1974,..
1975,..
1976,..
1977,..
1978,..
1979,..
1980,..
1981,..
1982,..
1983,..
1984,..
1985,..
1986,..
1987,..
1988,..
1989,..
1990,11.6075959139882
1991,11.5293109974436
1992,12.285549025481
1993,11.7275321897439
1994,11.4107607206253
1995,11.0490847712534
1996,10.9158017719008
1997,10.8780002558319
1998,10.8652481596579
1999,10.9572851113945
2000,7.07366913960032
2001,7.30126819211922
2002,8.14588444068215
2003,6.81537722348582
2004,5.98317114716015
2005,6.13942609752671
2006,5.770047743776
2007,5.06140081843094
2008,4.59497634408604
2009,4.33415318075428
2010,4.20765987831676
2011,4.03199986255401
2012,4.19206449830139
2013,4.22930209260386
2014,3.72487497435837
2015,3.63006555213333
2016,3.19663430401913
2017,3.43934224558216
2018,3.45450577029164
2019,3.11526614693826
2020,3.18640014507391
2021,3.03359853799717
2022,3.07390470279409
2023,..
2024,..
