Year,Value
1960,..
1961,..
1962,..
1963,..
1964,..
1965,..
1966,..
1967,..
1968,..
1969,..
1970,..
1971,..
1972,..
1973,..
1974,..
1975,..
1976,..
1977,..
1978,..
1979,..
1980,..
1981,..
1982,..
1983,..
1984,..
1985,..
1986,..
1987,..
1988,..
1989,..
1990,..
1991,..
1992,..
1993,..
1994,..
1995,..
1996,..
1997,..
1998,..
1999,..
2000,4.8686865974304
2001,4.91223237215344
2002,4.77935160989029
2003,4.82601265788396
2004,4.8459881941713
2005,4.87810119203136
2006,4.62625126910934
2007,5.03202989639106
2008,4.96056858885874
2009,4.96673938296525
2010,4.87107689312626
2011,4.8748764901637
2012,4.83471213737857
2013,4.94312731773193
2014,4.58803023025958
2015,4.96004887474278
2016,4.89688691459785
2017,4.87445669610178
2018,4.92059824849807
2019,5.01757246136688
2020,4.97571
2021,4.97571
2022,4.97571
2023,..
2024,..
