Year,Value
1960,..
1961,..
1962,..
1963,..
1964,..
1965,..
1966,..
1967,..
1968,..
1969,..
1970,..
1971,..
1972,..
1973,..
1974,..
1975,..
1976,..
1977,..
1978,..
1979,..
1980,..
1981,..
1982,..
1983,..
1984,..
1985,..
1986,..
1987,..
1988,..
1989,..
1990,..
1991,..
1992,..
1993,..
1994,..
1995,..
1996,..
1997,..
1998,..
1999,..
2000,-52.4448
2001,-51.32948
2002,-50.21416
2003,-49.09884
2004,-47.98352
2005,-46.8682
2006,-44.52222
2007,-42.17624
2008,-39.83026
2009,-37.48428
2010,-35.1383
2011,-38.514
2012,-37.4181
2013,-36.293
2014,-35.1376
2015,-33.9511
2016,-33.6592
2017,-33.6592
2018,-33.6592
2019,-33.6592
2020,-33.6592
2021,-33.6592
2022,-33.6592
2023,..
2024,..
