Year,Value
1960,276.419784061189
1961,279.01648923359
1962,275.545608322829
1963,277.005701161785
1964,281.744538781187
1965,294.145359003771
1966,278.567518811735
1967,294.210570732752
1968,301.932075310578
1969,345.578566829856
1970,361.241578512778
1971,405.364320065276
1972,483.131472771747
1973,578.517507935409
1974,673.991308647242
1975,716.764418003107
1976,686.861814413513
1977,676.699640439917
1978,665.018869713231
1979,778.851628610663
1980,948.527387299136
1981,1068.37770408384
1982,1095.32556517732
1983,958.715769817113
1984,756.972590732752
1985,648.944527055309
1986,692.175921057948
1987,726.060756103479
1988,815.476163463872
1989,839.989158135947
1990,866.48652703408
1991,830.527170859917
1992,630.819582312642
1993,604.386718704653
1994,633.733262420955
1995,647.975499841761
1996,766.52369063961
1997,750.193673728472
1998,552.165320198027
1999,582.003487617642
2000,562.556945680495
2001,566.107692145462
2002,524.677281078209
2003,468.234223473035
2004,469.484691401035
2005,461.028318446444
2006,430.809214010242
2007,413.302605010004
2008,340.740210298158
2009,735.446248561806
2010,901.55051752819
2011,1037.24613741902
2012,1238.59479481433
2013,1362.29952932396
2014,1372.21474610373
2015,1386.41855927575
2016,1407.42096413212
2017,3448.08699068824
2018,2271.85250365817
2019,1683.91313584141
2020,1730.45391034701
2021,1724.38727102272
2022,2040.54658705395
2023,2156.03409322984
2024,2656.40937654332
